,UF,Município,População,Casos novos notificados na semana epidemiológica,Casos Acumulados,Incidência covid-19 (100 mil hab),Óbitos novos notificados na semana epidemiológica,Óbitos Acumulados,Taxa mortalidade (100 mil hab),Letalidade (%), Casos por 100 mil (recalc),Óbitos por 100 mil (recalc)
0,AC,Acrelândia,15256,0,3802,,0,40,,1.0520778537611783,24921.342422653383,262.19192448872576
1,AC,Assis Brasil,7417,0,2383,,0,27,,1.1330255979857322,32128.893083456922,364.0285829850344
2,AC,Brasiléia,26278,2,4391,,0,53,,1.2070143475290367,16709.79526600198,201.68962630337165
3,AC,Bujari,10266,1,1701,,0,21,,1.2345679012345678,16569.257744009352,204.55873758036236
4,AC,Capixaba,11733,0,1242,,0,20,,1.610305958132045,10585.527997954487,170.4593880507969
5,AC,Cruzeiro do Sul,88376,9,19561,,0,197,,1.007105976177087,22133.83724087988,222.9111976102109
6,AC,Epitaciolândia,18411,2,2369,,0,41,,1.7306880540312368,12867.307587855086,222.6929552984629
7,AC,Feijó,34780,1,4285,,0,71,,1.6569428238039672,12320.299022426683,204.14031052328926
8,AC,Jordão,8317,0,775,,0,2,,0.25806451612903225,9318.263797042204,24.04713237946375
9,AC,Mâncio Lima,18977,1,3181,,0,38,,1.1945928953159384,16762.396585340146,200.24239869315488
10,AC,Manoel Urbano,9459,0,1244,,0,18,,1.4469453376205788,13151.495929802304,190.29495718363464
11,AC,Marechal Thaumaturgo,18867,0,2010,,0,16,,0.7960199004975124,10653.522022579107,84.80415540361479
12,AC,Plácido de Castro,19761,0,4187,,0,29,,0.6926200143300693,21188.198977784527,146.75370679621477
13,AC,Porto Acre,18504,2,2758,,0,42,,1.5228426395939088,14904.885430177259,226.9779507133593
14,AC,Porto Walter,11982,0,644,,0,7,,1.0869565217391304,5374.728759806377,58.420964780504086
15,AC,Rio Branco,407319,59,94218,692.0865464169362,0,1250,2.700586027167895,1.3267103950412873,23131.25584615498,306.88477581453355
16,AC,Rodrigues Alves,18930,0,1224,,0,15,,1.2254901960784315,6465.927099841521,79.2393026941363
17,AC,Santa Rosa do Purus,6540,0,1223,,0,7,,0.5723630417007358,18700.305810397553,107.03363914373088
18,AC,Sena Madureira,45848,0,9380,,0,91,,0.9701492537313432,20458.907694992147,198.4819403245507
19,AC,Senador Guiomard,23024,0,3511,,0,44,,1.2532042153232696,15249.30507296734,191.10493398193188
20,AC,Tarauacá,42567,2,7169,,0,54,,0.7532431301436742,16841.68487325863,126.85883430826696
21,AC,Xapuri,19323,0,3719,,0,35,,0.9411132024737833,19246.49381566009,181.13129431247737
22,AL,,0,0,0,,0,0,,,,
23,AL,Água Branca,20196,0,1132,,0,33,,2.9151943462897525,5605.070310952664,163.39869281045753
24,AL,Anadia,17545,0,1929,,0,41,,2.1254536029030584,10994.585351952122,233.68481048731834
25,AL,Arapiraca,231747,6,44311,274.4372095431656,0,602,1.294515139354555,1.358579133849383,19120.420113313223,259.766037963814
26,AL,Atalaia,47185,0,2425,,0,62,,2.556701030927835,5139.3451308678605,131.3976899438381
27,AL,Barra de Santo Antônio,15932,0,664,,0,34,,5.120481927710843,4167.712779312076,213.40697966357016
28,AL,Barra de São Miguel,8322,0,1139,,0,12,,1.0535557506584723,13686.613794760873,144.19610670511895
29,AL,Batalha,18232,0,1352,,0,26,,1.9230769230769231,7415.53312856516,142.60640631856077
30,AL,Belém,4344,0,283,,0,8,,2.8268551236749118,6514.732965009208,184.1620626151013
31,AL,Belo Monte,6704,0,741,,0,11,,1.484480431848853,11053.102625298328,164.08114558472553
32,AL,Boca da Mata,27281,0,2903,,0,54,,1.8601446779193935,10641.105531322166,197.9399582126755
33,AL,Branquinha,10494,0,1237,,0,17,,1.3742926434923202,11787.688202782543,161.99733180865258
34,AL,Cacimbinhas,10858,0,1166,,0,13,,1.1149228130360207,10738.625897955424,119.72738994289925
35,AL,Cajueiro,21264,0,968,,0,36,,3.71900826446281,4552.294958615501,169.3002257336343
36,AL,Campestre,6936,0,319,,0,7,,2.19435736677116,4599.19261822376,100.92272202998846
37,AL,Campo Alegre,57063,0,3444,,0,88,,2.5551684088269457,6035.434519741339,154.21551618386695
38,AL,Campo Grande,9558,0,685,,0,13,,1.897810218978102,7166.771291065076,136.01171793262188
39,AL,Canapi,17722,0,732,,0,18,,2.459016393442623,4130.459316104277,101.56867170748222
40,AL,Capela,17053,0,1521,,0,20,,1.314924391847469,8919.251744561074,117.28141675951444
41,AL,Carneiros,9081,0,518,,0,11,,2.1235521235521233,5704.217597180927,121.1320339169695
42,AL,Chã Preta,7311,0,500,,0,12,,2.4,6839.00971139379,164.13623307345097
43,AL,Coité do Nóia,10693,0,829,,0,23,,2.7744270205066344,7752.735434396333,215.0939867202843
44,AL,Colônia Leopoldina,21698,0,557,,0,23,,4.129263913824058,2567.0568716010694,106.00055304636372
45,AL,Coqueiro Seco,5845,0,628,,0,9,,1.4331210191082804,10744.225834046194,153.97775876817792
46,AL,Coruripe,56933,0,6240,,0,74,,1.185897435897436,10960.251523720864,129.97734178771537
47,AL,Craíbas,24219,0,1742,,0,35,,2.009184845005741,7192.699946323135,144.51463726826046
48,AL,Delmiro Gouveia,52016,0,6725,,0,151,,2.2453531598513012,12928.714241771762,290.29529375576743
49,AL,Dois Riachos,11075,0,924,,0,10,,1.0822510822510822,8343.115124153499,90.29345372460496
50,AL,Estrela de Alagoas,18205,0,830,,0,25,,3.0120481927710845,4559.187036528426,137.32491073880803
51,AL,Feira Grande,22166,0,1203,,0,25,,2.0781379883624274,5427.2308941622305,112.78534692772713
52,AL,Feliz Deserto,4754,0,233,,0,5,,2.1459227467811157,4901.135885570046,105.17458981909971
53,AL,Flexeiras,12790,0,849,,0,22,,2.5912838633686692,6637.998436278343,172.00938232994528
54,AL,Girau do Ponciano,40917,0,2486,,0,54,,2.1721641190667738,6075.714250800401,131.97448493291296
55,AL,Ibateguara,15616,0,1105,,0,23,,2.0814479638009047,7076.075819672132,147.28483606557376
56,AL,Igaci,25631,0,2396,,0,39,,1.62771285475793,9348.05508954001,152.15949436229565
57,AL,Igreja Nova,24499,0,2376,,0,24,,1.0101010101010102,9698.355034899383,97.96318217070086
58,AL,Inhapi,18385,0,881,,0,23,,2.6106696935300793,4791.949959205875,125.10198531411477
59,AL,Jacaré dos Homens,5253,0,725,,0,5,,0.6896551724137931,13801.637159718255,95.18370454978108
60,AL,Jacuípe,7021,0,378,,0,4,,1.0582010582010581,5383.848454636091,56.97194131890044
61,AL,Japaratinga,8361,0,772,,0,16,,2.072538860103627,9233.345293625163,191.36466929793087
62,AL,Jaramataia,5770,0,360,,0,5,,1.3888888888888888,6239.168110918545,86.65511265164645
63,AL,Jequiá da Praia,11580,0,893,,0,14,,1.5677491601343785,7711.571675302245,120.89810017271157
64,AL,Joaquim Gomes,23993,0,1017,,0,28,,2.753195673549656,4238.736298086942,116.70070437210855
65,AL,Jundiá,4155,0,201,,0,5,,2.4875621890547266,4837.545126353791,120.33694344163659
66,AL,Junqueiro,24727,0,1358,,0,54,,3.9764359351988214,5491.972337930198,218.38476159663526
67,AL,Lagoa da Canoa,17852,0,2269,,0,26,,1.1458792419568091,12710.06049742326,145.64194488012546
68,AL,Limoeiro de Anadia,28635,0,2411,,0,38,,1.5761094981335544,8419.766020604155,132.7047319713637
69,AL,Maceió,1018948,13,137404,46.22414490238953,0,3261,0.686983045258443,2.373293353905272,13484.888335813013,320.03595865539756
70,AL,Major Isidoro,19804,0,1366,,0,26,,1.903367496339678,6897.596445162593,131.2866087659059
71,AL,Mar Vermelho,3514,0,396,,0,4,,1.0101010101010102,11269.20887877063,113.83039271485487
72,AL,Maragogi,32704,0,2849,,0,56,,1.9656019656019657,8711.472602739725,171.23287671232876
73,AL,Maravilha,9163,0,537,,0,21,,3.910614525139665,5860.526028593255,229.1825821237586
74,AL,Marechal Deodoro,51901,0,9017,,0,132,,1.4639015193523346,17373.461012311902,254.33035972331942
75,AL,Maribondo,13264,0,819,,0,19,,2.31990231990232,6174.607961399276,143.24487334137515
76,AL,Mata Grande,25216,0,1200,,0,28,,2.3333333333333335,4758.883248730964,111.04060913705584
77,AL,Matriz de Camaragibe,24642,0,1776,,0,45,,2.5337837837837838,7207.207207207207,182.61504747991236
78,AL,Messias,17856,0,1991,,0,34,,1.7076845806127574,11150.313620071685,190.4121863799283
79,AL,Minador do Negrão,5329,0,504,,0,10,,1.984126984126984,9457.684368549446,187.6524676299493
80,AL,Monteirópolis,7159,0,314,,0,17,,5.414012738853503,4386.087442380221,237.46333286771898
81,AL,Murici,28236,0,1321,,0,56,,4.239212717638153,4678.424706049015,198.32837512395525
82,AL,Novo Lino,12690,0,417,,0,14,,3.357314148681055,3286.052009456265,110.32308904649331
83,AL,Olho d'Água das Flores,21688,0,2209,,0,46,,2.082390221819828,10185.35595721136,212.09885651051272
84,AL,Olho d'Água do Casado,9373,0,244,,0,8,,3.278688524590164,2603.222020697749,85.35154166222128
85,AL,Olho d'Água Grande,5123,0,254,,0,10,,3.937007874015748,4958.032402888933,195.19812609798944
86,AL,Olivença,11624,0,635,,0,18,,2.8346456692913384,5462.835512732278,154.8520302821748
87,AL,Ouro Branco,11496,0,1027,,0,13,,1.2658227848101267,8933.542101600557,113.08281141266528
88,AL,Palestina,5011,0,585,,0,5,,0.8547008547008548,11674.316503691878,99.78048293753741
89,AL,Palmeira dos Índios,73218,1,7857,,0,197,,2.5073183148784524,10730.967794804557,269.059520882843
90,AL,Pão de Açúcar,24399,0,1609,,0,35,,2.175264139216905,6594.532562809952,143.4485019877864
91,AL,Pariconha,10533,0,1100,,0,11,,1.0,10443.368461027247,104.4336846102725
92,AL,Paripueira,13176,0,603,,0,29,,4.809286898839138,4576.502732240438,220.09714632665452
93,AL,Passo de Camaragibe,15245,0,989,,0,24,,2.4266936299292214,6487.37290915054,157.4286651361102
94,AL,Paulo Jacinto,7564,0,662,,0,16,,2.416918429003021,8751.983077736648,211.52829190904282
95,AL,Penedo,63683,1,5781,,0,105,,1.816294758692268,9077.775858549378,164.87916712466435
96,AL,Piaçabuçu,17827,1,1616,,0,26,,1.608910891089109,9064.901553822852,145.84618836596172
97,AL,Pilar,35111,1,5417,,0,68,,1.2553073657005722,15428.21338042209,193.67149896043975
98,AL,Pindoba,2908,0,298,,0,4,,1.342281879194631,10247.592847317743,137.5515818431912
99,AL,Piranhas,25039,0,1985,,0,29,,1.4609571788413098,7927.632892687407,115.81932185790167
100,AL,Poço das Trincheiras,14386,0,759,,0,15,,1.9762845849802373,5275.962741554289,104.26803837063811
101,AL,Porto Calvo,27165,0,1384,,0,50,,3.6127167630057806,5094.791091478005,184.06037180195105
102,AL,Porto de Pedras,7786,0,650,,0,15,,2.307692307692308,8348.31749293604,192.65348060621628
103,AL,Porto Real do Colégio,20066,0,812,,0,24,,2.955665024630542,4046.64606797568,119.60530250174425
104,AL,Quebrangulo,11294,0,1571,,0,16,,1.0184595798854232,13910.040729590934,141.66814237648308
105,AL,Rio Largo,75120,0,5541,,0,196,,3.5372676412199966,7376.198083067093,260.91586794462194
106,AL,Roteiro,6664,0,469,,0,14,,2.9850746268656714,7037.81512605042,210.08403361344537
107,AL,Santa Luzia do Norte,7296,0,900,,0,12,,1.3333333333333335,12335.526315789473,164.4736842105263
108,AL,Santana do Ipanema,47654,0,6929,,0,115,,1.659691153124549,14540.227473034793,241.3228690141436
109,AL,Santana do Mundaú,10740,0,1019,,0,19,,1.8645731108930326,9487.895716945995,176.90875232774675
110,AL,São Brás,6961,0,522,,0,6,,1.1494252873563218,7498.922568596467,86.194512282718
111,AL,São José da Laje,23927,0,1498,,0,39,,2.6034712950600802,6260.70965854474,162.99577882726626
112,AL,São José da Tapera,32260,1,1654,,0,46,,2.781136638452237,5127.092374457533,142.59144451332918
113,AL,São Luís do Quitunde,34555,0,1695,,0,28,,1.6519174041297935,4905.223556648821,81.03024164375633
114,AL,São Miguel dos Campos,61251,0,6310,,0,115,,1.8225039619651346,10301.872622487796,187.75203670144163
115,AL,São Miguel dos Milagres,7951,0,389,,0,16,,4.113110539845758,4892.466356433153,201.23254936485978
116,AL,São Sebastião,34152,0,2297,,0,43,,1.872006965607314,6725.814007964394,125.90770672288592
117,AL,Satuba,13828,0,1825,,0,47,,2.5753424657534247,13197.859415678335,339.89007810240093
118,AL,Senador Rui Palmeira,13870,0,467,,0,13,,2.7837259100642395,3366.979091564528,93.72746935832733
119,AL,Tanque d'Arca,6162,0,536,,0,14,,2.6119402985074625,8698.474521259332,227.19896137617656
120,AL,Taquarana,19980,0,1295,,0,33,,2.5482625482625485,6481.481481481481,165.16516516516515
121,AL,Teotônio Vilela,44169,1,3384,,0,78,,2.304964539007092,7661.4820349113625,176.59444406710588
122,AL,Traipu,27715,0,937,,0,30,,3.2017075773745995,3380.8406999819595,108.24463287028685
123,AL,União dos Palmares,65611,0,4325,,0,108,,2.4971098265895955,6591.882458734054,164.6065446342839
124,AL,Viçosa,25733,0,2812,,0,43,,1.5291607396870555,10927.602689154004,167.10061011152993
125,AM,Alvarães,16041,0,4124,,0,46,,1.1154219204655673,25709.120379028736,286.7651642665669
126,AM,Amaturá,11536,0,2663,,0,19,,0.7134810364250845,23084.257975034674,164.7018030513176
127,AM,Anamã,13614,0,2566,,0,11,,0.4286827747466875,18848.244454238284,80.79917731746731
128,AM,Anori,21010,0,2671,,0,33,,1.2354923249719205,12712.993812470253,157.06806282722513
129,AM,Apuí,21973,0,2549,,0,36,,1.4123185562965868,11600.600737268465,163.83743685432123
130,AM,Atalaia do Norte,19921,2,4377,,0,12,,0.2741603838245374,21971.788564831084,60.237939862456706
131,AM,Autazes,39565,0,4258,,0,103,,2.4189760450915925,10762.037154050297,260.3311007203336
132,AM,Barcelos,27502,4,5470,,0,61,,1.1151736745886656,19889.462584539306,221.80205075994476
133,AM,Barreirinha,32041,0,4164,,0,69,,1.6570605187319885,12995.849068381138,215.34908398614274
134,AM,Benjamin Constant,42984,1,4163,,0,90,,2.1619024741772757,9684.99906942118,209.38023450586263
135,AM,Beruri,19679,1,2998,,0,36,,1.200800533689126,15234.513948879516,182.93612480308957
136,AM,Boa Vista do Ramos,19207,0,1994,,0,14,,0.7021063189568706,10381.631696777216,72.89009215390223
137,AM,Boca do Acre,34308,0,5034,,0,34,,0.6754072308303536,14672.962574326686,99.10225020403405
138,AM,Borba,41161,0,4320,,0,71,,1.6435185185185184,10495.371832559948,172.49337965549913
139,AM,Caapiranga,13081,0,1178,,0,24,,2.037351443123939,9005.427719593303,183.47221160461737
140,AM,Canutama,15629,0,2080,,0,11,,0.5288461538461539,13308.593000191951,70.3819822125536
141,AM,Carauari,28294,0,8632,,0,60,,0.6950880444856349,30508.234961475933,212.05909380080584
142,AM,Careiro,37869,0,6915,,0,93,,1.3449023861171365,18260.31846629169,245.58345876574506
143,AM,Careiro da Várzea,30225,0,2446,,0,28,,1.1447260834014716,8092.6385442514475,92.63854425144747
144,AM,Coari,85097,0,12114,,0,249,,2.055473006438831,14235.51946602113,292.6072599504095
145,AM,Codajás,28637,0,3258,,0,28,,0.8594229588704727,11376.890037364248,97.77560498655585
146,AM,Eirunepé,35273,3,6075,,0,35,,0.5761316872427984,17222.804978312022,99.22603691208573
147,AM,Envira,20033,1,3754,,0,16,,0.42621204049014383,18739.080517146707,79.86821744122199
148,AM,Fonte Boa,17609,0,1907,,0,45,,2.3597273203985316,10829.689363393718,255.5511386222954
149,AM,Guajará,16678,0,2342,,0,32,,1.3663535439795047,14042.451133229402,191.86952872047007
150,AM,Humaitá,55080,0,12649,,0,160,,1.2649221282314806,22964.778503994192,290.48656499636894
151,AM,Ipixuna,29689,0,6819,,0,23,,0.3372928581903505,22968.102664286434,77.46976994846577
152,AM,Iranduba,48296,0,14502,,0,178,,1.227416908012688,30027.3314560212,368.56054331621664
153,AM,Itacoatiara,101337,1,18083,53.28754551644513,0,340,0.9868063984526876,1.8802189902118012,17844.42010321995,335.5141754739138
154,AM,Itamarati,7851,0,1135,,0,9,,0.7929515418502203,14456.75710100624,114.63507833397018
155,AM,Itapiranga,9148,0,4075,,0,46,,1.1288343558282208,44545.25579361609,502.8421512898994
156,AM,Japurá,2755,0,1267,,0,12,,0.9471191791633782,45989.11070780399,435.5716878402904
157,AM,Juruá,14712,0,1124,,0,19,,1.6903914590747333,7640.021750951605,129.14627514953781
158,AM,Jutaí,14317,1,5444,,0,44,,0.8082292432035268,38024.72585038765,307.32695397080397
159,AM,Lábrea,46069,8,10444,,0,87,,0.8330141708157793,22670.34231261803,188.84716403655386
160,AM,Manacapuru,97377,1,13147,,0,421,,3.2022514642123676,13501.134764882878,432.34028569374703
161,AM,Manaquiri,32105,0,3274,,0,55,,1.6799022602321318,10197.788506463168,171.31287961376734
162,AM,Manaus,2182763,69,324653,108.8986756693237,0,9999,0.5039484359960289,3.079903774183513,14873.488326492616,458.0891283203902
163,AM,Manicoré,55751,0,8998,,0,110,,1.2224938875305624,16139.62081397643,197.30587792147224
164,AM,Maraã,18224,0,2984,,0,23,,0.7707774798927614,16374.012291483758,126.2071992976295
165,AM,Maués,63905,0,8023,,0,139,,1.7325190078524244,12554.573194585713,217.51036695094282
166,AM,Nhamundá,21173,0,2364,,0,42,,1.7766497461928936,11165.163179521089,198.36584329098378
167,AM,Nova Olinda do Norte,37378,0,3272,,0,71,,2.1699266503667483,8753.812403017817,189.95130825619347
168,AM,Novo Airão,19454,0,3956,,0,37,,0.935288169868554,20335.149583633185,190.19224838079572
169,AM,Novo Aripuanã,25644,0,3566,,0,31,,0.8693213684800897,13905.786928716268,120.88597722664171
170,AM,Parintins,114273,0,12743,25.37782328284021,0,360,0.0,2.8250804363179784,11151.365589421823,315.03504764905097
171,AM,Pauini,19426,0,3735,,0,26,,0.6961178045515395,19226.80943065994,133.84124369401832
172,AM,Presidente Figueiredo,36279,0,8709,,0,123,,1.4123320702721323,24005.62308773671,339.03911353675676
173,AM,Rio Preto da Eva,33347,0,7603,,0,86,,1.131132447718006,22799.652142621526,257.89426335202563
174,AM,Santa Isabel do Rio Negro,25156,2,3246,,0,57,,1.756007393715342,12903.48227063126,226.58610271903325
175,AM,Santo Antônio do Içá,21602,0,2433,,0,50,,2.055076037813399,11262.846032774743,231.4600499953708
176,AM,São Gabriel da Cachoeira,45564,0,13313,,0,114,,0.8563058664463306,29218.24247212712,250.1975243613379
177,AM,São Paulo de Olivença,39299,0,6781,,0,68,,1.0028019466155436,17254.891981984274,173.03239268174764
178,AM,São Sebastião do Uatumã,14020,0,2205,,0,19,,0.8616780045351473,15727.53209700428,135.5206847360913
179,AM,Silves,9171,0,2316,,0,22,,0.9499136442141624,25253.516519463526,239.88659906226147
180,AM,Tabatinga,65844,0,5609,,0,130,,2.317703690497415,8518.619767936334,197.43636474090272
181,AM,Tapauá,17156,0,2397,,0,27,,1.1264080100125156,13971.788295640008,157.3793425040802
182,AM,Tefé,59849,90,14510,,0,207,,1.4266023432115782,24244.348276495846,345.87044060886564
183,AM,Tonantins,18755,0,2268,,0,43,,1.8959435626102292,12092.775259930686,229.27219408157828
184,AM,Uarini,13540,0,2558,,0,26,,1.016419077404222,18892.171344165436,192.02363367799114
185,AM,Urucará,16256,0,3407,,0,56,,1.6436747872028177,20958.415354330707,344.48818897637796
186,AM,Urucurituba,23065,0,3954,,0,40,,1.0116337885685383,17142.85714285714,173.42293518317797
187,AP,Amapá,9109,0,2186,,0,14,,0.6404391582799633,23998.243495444065,153.69414864419804
188,AP,Calçoene,11117,-9,3413,,0,15,,0.43949604453559915,30700.728613834664,134.92848790141224
189,AP,Cutias,5983,0,1202,,0,7,,0.5823627287853578,20090.2557245529,116.9981614574628
190,AP,Ferreira Gomes,7780,0,2281,,0,7,,0.3068829460762823,29318.76606683805,89.97429305912597
191,AP,Itaubal,5503,0,984,,0,3,,0.3048780487804878,17881.155733236417,54.51571869889151
192,AP,Laranjal do Jari,50410,0,11312,,0,98,,0.8663366336633664,22439.992065066454,194.40587185082325
193,AP,Macapá,503327,27,103512,23.4440036000453,0,1619,0.3973559932211068,1.564069866295695,20565.556785151603,321.65967651248593
194,AP,Mazagão,21632,199,4876,,0,28,,0.5742411812961444,22540.68047337278,129.43786982248523
195,AP,Oiapoque,27270,11,8718,,0,55,,0.6308786418903418,31969.196919691967,201.6868353502017
196,AP,Pedra Branca do Amapari,16502,5,4463,,0,14,,0.3136903428187318,27045.206641619196,84.83820143012969
197,AP,Porto Grande,21971,8,4085,,0,31,,0.7588739290085679,18592.69036457148,141.095079878021
198,AP,Pracuúba,5120,0,622,,0,6,,0.964630225080386,12148.4375,117.1875
199,AP,Santana,121364,513,36195,430.1110708282523,0,229,0.0,0.6326840723856886,29823.506146798063,188.68857321775815
200,AP,Serra do Navio,5397,0,2054,,0,5,,0.24342745861733206,38058.18047063183,92.64406151565684
201,AP,Tartarugalzinho,17315,0,4075,,0,19,,0.4662576687116564,23534.507652324573,109.73144672249495
202,AP,Vitória do Jari,15931,0,4540,,0,28,,0.6167400881057269,28497.897181595632,175.75795618605235
203,BA,,0,0,22267,,0,361,,1.6212332150716307,inf,inf
204,BA,Abaíra,8739,0,370,,0,17,,4.594594594594595,4233.894038219476,194.53026662089482
205,BA,Abaré,20086,0,3166,,0,19,,0.6001263423878711,15762.22244349298,94.59324902917454
206,BA,Acajutiba,15159,0,801,,0,28,,3.495630461922597,5283.989709083713,184.70875387558547
207,BA,Adustina,17040,0,1832,,0,31,,1.6921397379912666,10751.173708920187,181.924882629108
208,BA,Água Fria,16970,0,582,,0,13,,2.2336769759450172,3429.5816146140246,76.60577489687684
209,BA,Aiquara,4446,0,719,,0,12,,1.6689847009735743,16171.839856050383,269.9055330634278
210,BA,Alagoinhas,151596,0,21265,67.28409720573103,0,375,0.0,1.7634610862920292,14027.414971371278,247.36800443283462
211,BA,Alcobaça,22470,0,3088,,0,33,,1.0686528497409327,13742.7681352915,146.86248331108143
212,BA,Almadina,5464,0,900,,0,13,,1.4444444444444444,16471.449487554903,237.92093704245974
213,BA,Amargosa,37241,0,5458,,0,71,,1.3008427995602785,14655.890013694583,190.65008995461992
214,BA,Amélia Rodrigues,25102,0,3182,,0,57,,1.7913262099308613,12676.280774440285,227.07353995697557
215,BA,América Dourada,16094,0,1384,,0,14,,1.0115606936416186,8599.478066360134,86.98893997763142
216,BA,Anagé,22005,0,1346,,0,34,,2.526002971768202,6116.7916382640315,154.51033855941833
217,BA,Andaraí,13143,0,1579,,0,15,,0.9499683343888538,12013.999847827741,114.12919424788862
218,BA,Andorinha,14595,0,1727,,0,23,,1.3317892298784018,11832.819458718739,157.58821514217198
219,BA,Angical,13977,0,1416,,0,24,,1.694915254237288,10130.92938398798,171.71066752522
220,BA,Anguera,11221,0,808,,0,6,,0.7425742574257426,7200.784243828535,53.47117012743962
221,BA,Antas,19291,0,1509,,0,15,,0.9940357852882704,7822.3005546627965,77.75646674615105
222,BA,Antônio Cardoso,11683,0,1244,,0,13,,1.045016077170418,10647.950012839168,111.27278952323888
223,BA,Antônio Gonçalves,11798,0,1303,,0,12,,0.920951650038373,11044.244787252077,101.712154602475
224,BA,Aporá,17731,0,742,,0,26,,3.5040431266846364,4184.761152783261,146.6358355422706
225,BA,Apuarema,7330,0,971,,0,13,,1.3388259526261586,13246.93042291951,177.35334242837652
226,BA,Araçás,12177,0,1106,,0,16,,1.4466546112115732,9082.696887574937,131.39525334647286
227,BA,Aracatu,13135,0,1503,,0,23,,1.5302727877578177,11442.710315949753,175.1046821469357
228,BA,Araci,54379,0,4848,,0,65,,1.3407590759075907,8915.206237702054,119.53143676786993
229,BA,Aramari,11397,0,1099,,0,16,,1.4558689717925388,9642.88847942441,140.38782135649734
230,BA,Arataca,11019,0,985,,0,17,,1.7258883248730965,8939.105181958435,154.2789726835466
231,BA,Aratuípe,8825,0,1244,,0,15,,1.2057877813504823,14096.317280453257,169.97167138810198
232,BA,Aurelino Leal,11531,0,1405,,0,41,,2.9181494661921707,12184.546006417484,355.56326424421127
233,BA,Baianópolis,13877,0,1398,,0,27,,1.9313304721030045,10074.223535346257,194.56654896591482
234,BA,Baixa Grande,20468,0,1509,,0,29,,1.9218025182239893,7372.483877271839,141.6845808090678
235,BA,Banzaê,13229,0,1521,,0,14,,0.9204470742932281,11497.467684632247,105.82810492100688
236,BA,Barra,53578,0,3720,,0,72,,1.935483870967742,6943.148307140991,134.38351562208368
237,BA,Barra da Estiva,20598,0,4046,,0,39,,0.9639149777558081,19642.68375570444,189.33877075444218
238,BA,Barra do Choça,31603,0,3137,,0,48,,1.5301243226012113,9926.272822200424,151.8843147802424
239,BA,Barra do Mendes,13865,0,1690,,0,24,,1.4201183431952662,12188.965019834115,173.0977280923188
240,BA,Barra do Rocha,5714,0,916,,0,8,,0.8733624454148471,16030.801540077002,140.0070003500175
241,BA,Barreiras,155439,0,27929,96.50087815799124,0,360,0.0,1.288982777757886,17967.82017383025,231.60210757917898
242,BA,Barro Alto,14931,0,1403,,0,17,,1.2116892373485388,9396.557497823322,113.85707588239234
243,BA,Barro Preto,5591,0,807,,0,15,,1.858736059479554,14433.91164371311,268.2883205151136
244,BA,Barrocas,15978,0,1228,,0,31,,2.5244299674267103,7685.567655526349,194.01677306296156
245,BA,Belmonte,23328,0,2031,,0,34,,1.674052191038897,8706.275720164609,145.74759945130316
246,BA,Belo Campo,17211,0,1441,,0,24,,1.6655100624566272,8372.55243739469,139.44570332926617
247,BA,Biritinga,15979,0,1184,,0,14,,1.1824324324324325,7409.725264409538,87.61499468051818
248,BA,Boa Nova,12633,0,1413,,0,23,,1.627742392073602,11184.991688435051,182.06285126256628
249,BA,Boa Vista do Tupim,18576,0,325,,0,15,,4.615384615384616,1749.5693367786391,80.74935400516796
250,BA,Bom Jesus da Lapa,69148,0,8886,,0,116,,1.3054242628854378,12850.697055590907,167.75611731358825
251,BA,Bom Jesus da Serra,9880,0,734,,0,13,,1.7711171662125342,7429.14979757085,131.57894736842104
252,BA,Boninal,14368,0,1312,,0,12,,0.9146341463414633,9131.403118040089,83.51893095768375
253,BA,Bonito,16764,0,1791,,0,19,,1.060859854829704,10683.607730851825,113.33810546408972
254,BA,Boquira,21508,0,1247,,0,33,,2.6463512429831595,5797.84266319509,153.4312813836712
255,BA,Botuporã,10211,0,1227,,0,8,,0.6519967400162999,12016.452844971109,78.34688081480756
256,BA,Brejões,14295,0,1576,,0,20,,1.2690355329949239,11024.833857992306,139.90905911157748
257,BA,Brejolândia,10557,0,432,,0,13,,3.009259259259259,4092.0716112531973,123.14104385715639
258,BA,Brotas de Macaúbas,10231,0,711,,0,9,,1.2658227848101267,6949.467305248753,87.96794057276904
259,BA,Brumado,67195,0,12272,,0,213,,1.7356584093872232,18263.26363568718,316.9878711213632
260,BA,Buerarema,18349,0,1845,,0,54,,2.9268292682926833,10055.043871600632,294.293966973677
261,BA,Buritirama,21174,0,1652,,0,30,,1.8159806295399514,7802.02134693492,141.68319637291017
262,BA,Caatiba,6758,0,1042,,0,17,,1.6314779270633395,15418.762947617639,251.55371411660255
263,BA,Cabaceiras do Paraguaçu,18807,0,1737,,0,10,,0.5757052389176741,9235.922794704098,53.17169139150317
264,BA,Cachoeira,33470,0,3985,,0,34,,0.8531994981179424,11906.184642963848,101.58350761876308
265,BA,Caculé,23170,0,3649,,0,37,,1.0139764318991504,15748.813120414328,159.68925334484246
266,BA,Caém,9213,0,1223,,0,10,,0.8176614881439084,13274.720503636167,108.54227721697602
267,BA,Caetanos,14542,0,894,,0,16,,1.7897091722595078,6147.7100811442715,110.02613120616145
268,BA,Caetité,50975,0,7479,,0,67,,0.8958416900655167,14671.897989210398,131.436978911231
269,BA,Cafarnaum,18437,0,1365,,0,24,,1.7582417582417582,7403.590605846938,130.17302164126485
270,BA,Cairu,18176,0,1997,,0,19,,0.9514271407110666,10987.015845070422,104.53345070422534
271,BA,Caldeirão Grande,13327,0,777,,0,7,,0.9009009009009009,5830.269377954529,52.524949350941704
272,BA,Camacan,31988,0,4121,,0,102,,2.475127396263043,12882.956108540702,318.8695760910341
273,BA,Camaçari,299132,0,36625,28.41554898840645,0,712,0.3343005763341936,1.9440273037542661,12243.758608239841,238.02201034994582
274,BA,Camamu,35316,0,3453,,0,67,,1.9403417318273966,9777.437988447164,189.71570959338544
275,BA,Campo Alegre de Lourdes,28798,0,1354,,0,41,,3.0280649926144756,4701.715396902563,142.37099798597126
276,BA,Campo Formoso,71206,0,7042,,0,85,,1.2070434535643282,9889.616043591832,119.37196303682275
277,BA,Canápolis,9711,0,969,,0,10,,1.0319917440660475,9978.375038616003,102.97600659046442
278,BA,Canarana,26176,0,1885,,0,46,,2.440318302387268,7201.253056234719,175.73349633251834
279,BA,Canavieiras,31099,0,1815,,0,91,,5.013774104683195,5836.200520917071,292.6139104151259
280,BA,Candeal,8258,0,880,,0,7,,0.7954545454545454,10656.333252603536,84.76628723661904
281,BA,Candeias,87076,0,11294,,0,215,,1.9036656631839917,12970.27883687813,246.91074463686894
282,BA,Candiba,14319,0,1529,,0,23,,1.5042511445389144,10678.119980445563,160.62574202109087
283,BA,Cândido Sales,25189,0,2610,,0,61,,2.3371647509578546,10361.665806502839,242.16920084163723
284,BA,Cansanção,34834,0,2342,,0,48,,2.0495303159692573,6723.316300166504,137.7964058104151
285,BA,Canudos,16668,0,1200,,0,19,,1.5833333333333335,7199.424046076314,113.99088072954163
286,BA,Capela do Alto Alegre,11637,0,1617,,0,23,,1.4223871366728509,13895.333848930135,197.64544126493084
287,BA,Capim Grosso,30662,0,4265,,0,41,,0.9613130128956624,13909.725392994587,133.71600026090925
288,BA,Caraíbas,8951,0,763,,0,9,,1.1795543905635648,8524.187241648979,100.54742486872975
289,BA,Caravelas,22016,0,2553,,0,18,,0.7050528789659225,11596.11191860465,81.75872093023256
290,BA,Cardeal da Silva,9295,0,754,,0,8,,1.0610079575596816,8111.888111888112,86.06777837547068
291,BA,Carinhanha,29018,0,1879,,0,35,,1.8626929217668973,6475.291198566408,120.61479081949135
292,BA,Casa Nova,71969,0,3534,,0,81,,2.2920203735144313,4910.44755380789,112.54845836401785
293,BA,Castro Alves,26264,0,3127,,0,45,,1.4390789894467542,11906.031069144075,171.3371915930551
294,BA,Catolândia,3577,0,493,,0,2,,0.4056795131845842,13782.499301090298,55.91277606933184
295,BA,Catu,54704,0,9512,,0,113,,1.187973086627418,17388.12518280199,206.56624744077217
296,BA,Caturama,9329,0,296,,0,11,,3.7162162162162162,3172.90170436274,117.91188766212885
297,BA,Central,17266,0,1552,,0,20,,1.2886597938144329,8988.76404494382,115.83458820803892
298,BA,Chorrochó,11177,0,990,,0,17,,1.7171717171717171,8857.475172228684,152.0980585130178
299,BA,Cícero Dantas,32515,0,3097,,0,63,,2.034226670971908,9524.834691680762,193.756727664155
300,BA,Cipó,17300,0,1937,,0,20,,1.0325245224574084,11196.531791907515,115.60693641618498
301,BA,Coaraci,16993,0,2904,,0,60,,2.066115702479339,17089.38974872006,353.0865650561996
302,BA,Cocos,18777,0,2402,,0,26,,1.0824313072439635,12792.245832667626,138.4672737924056
303,BA,Conceição da Feira,22581,0,2455,,0,35,,1.4256619144602851,10871.972011868385,154.9975643239892
304,BA,Conceição do Almeida,17247,0,4235,,0,34,,0.8028335301062574,24554.995071606656,197.13573375079724
305,BA,Conceição do Coité,66612,0,11159,,0,59,,0.5287212115780984,16752.23683420405,88.57262955623611
306,BA,Conceição do Jacuípe,33153,0,5204,,0,50,,0.9607993850883935,15696.920339034175,150.81591409525532
307,BA,Conde,25837,0,1331,,0,18,,1.35236664162284,5151.526880055734,69.6675310601076
308,BA,Condeúba,17247,0,2354,,0,37,,1.5717926932880204,13648.75050733461,214.53006319939698
309,BA,Contendas do Sincorá,4066,0,415,,0,7,,1.6867469879518073,10206.591244466306,172.1593703885883
310,BA,Coração de Maria,22605,0,3140,,0,28,,0.89171974522293,13890.732138907322,123.86640123866401
311,BA,Cordeiros,8614,0,1240,,0,10,,0.8064516129032258,14395.170652426285,116.09008590666356
312,BA,Coribe,14194,0,2167,,0,24,,1.1075219197046609,15267.014231365367,169.08552909680148
313,BA,Coronel João Sá,15895,0,1779,,0,21,,1.1804384485666104,11192.198804655553,132.11701793016672
314,BA,Correntina,32137,0,4811,,0,52,,1.080856370816878,14970.283473877464,161.8072626567508
315,BA,Cotegipe,13782,0,1437,,0,26,,1.8093249826026443,10426.643447975619,188.65186475112463
316,BA,Cravolândia,5349,0,893,,0,2,,0.22396416573348266,16694.709291456347,37.390166386240416
317,BA,Crisópolis,21103,0,779,,0,20,,2.5673940949935816,3691.418281760887,94.77325498744254
318,BA,Cristópolis,13910,0,1460,,0,11,,0.7534246575342466,10496.046010064701,79.07979870596694
319,BA,Cruz das Almas,63239,0,8742,,0,82,,0.9380004575611988,13823.748003605371,129.66681952592546
320,BA,Curaçá,34700,0,2440,,0,41,,1.680327868852459,7031.700288184438,118.15561959654178
321,BA,Dário Meira,10710,0,1275,,0,23,,1.803921568627451,11904.761904761905,214.75256769374417
322,BA,Dias d'Ávila,81089,0,8010,,0,193,,2.409488139825218,9878.035245224382,238.01008768143646
323,BA,Dom Basílio,12199,0,1733,,0,19,,1.0963646855164455,14206.082465775882,155.75047135011067
324,BA,Dom Macedo Costa,4058,0,524,,0,10,,1.9083969465648856,12912.76490882208,246.42681123706257
325,BA,Elísio Medrado,8122,0,894,,0,10,,1.1185682326621924,11007.141098251663,123.12238364934746
326,BA,Encruzilhada,17006,0,1008,,0,26,,2.579365079365079,5927.3197694931205,152.88721627660826
327,BA,Entre Rios,41780,0,2532,,0,53,,2.0932069510268563,6060.315940641455,126.85495452369555
328,BA,Érico Cardoso,10610,0,784,,0,6,,0.7653061224489796,7389.2554194156455,56.550424128180964
329,BA,Esplanada,37237,0,3509,,0,39,,1.1114277571957822,9423.422939549373,104.73453822810646
330,BA,Euclides da Cunha,60585,0,4839,,0,74,,1.5292415788386031,7987.125526120327,122.14244449946355
331,BA,Eunápolis,113380,0,18975,119.0686188040219,0,273,0.8819897689186805,1.4387351778656128,16735.755865231964,240.7832069147998
332,BA,Fátima,17890,0,1741,,0,19,,1.0913268236645606,9731.693683622136,106.20458356623813
333,BA,Feira da Mata,5665,0,694,,0,6,,0.8645533141210375,12250.661959399824,105.9135039717564
334,BA,Feira de Santana,614872,0,82648,25.85904058080381,0,1247,0.1626354753509674,1.5088084406156228,13441.49676680675,202.8064377626563
335,BA,Filadélfia,16377,0,1469,,0,38,,2.5867937372362153,8969.896806496916,232.03272882701347
336,BA,Firmino Alves,5617,0,489,,0,14,,2.8629856850715747,8705.71479437422,249.2433683460922
337,BA,Floresta Azul,10629,0,1209,,0,24,,1.9851116625310175,11374.541349139146,225.79734688117415
338,BA,Formosa do Rio Preto,25591,0,2952,,0,37,,1.2533875338753389,11535.305380797936,144.58207963737252
339,BA,Gandu,32403,0,3943,,0,67,,1.6992137966015723,12168.626361756627,206.7709779958646
340,BA,Gavião,4463,0,657,,0,5,,0.76103500761035,14721.039659421915,112.0322652924042
341,BA,Gentio do Ouro,11233,0,1046,,0,13,,1.24282982791587,9311.849016291284,115.73043710495861
342,BA,Glória,15221,0,2119,,0,26,,1.2269938650306749,13921.555745351816,170.81663491229224
343,BA,Gongogi,7128,0,1114,,0,20,,1.7953321364452424,15628.507295173962,280.58361391694723
344,BA,Governador Mangabeira,20722,0,2078,,0,24,,1.1549566891241578,10027.989576295724,115.81893639610077
345,BA,Guajeru,6937,0,753,,0,10,,1.3280212483399734,10854.836384604296,144.15453366008362
346,BA,Guanambi,84481,0,18284,,0,165,,0.9024283526580616,21642.73623655023,195.31018808962963
347,BA,Guaratinga,20843,0,1768,,0,51,,2.8846153846153846,8482.464136640598,244.6864654800173
348,BA,Heliópolis,13031,0,1442,,0,16,,1.1095700416088765,11065.919729874913,122.78413015117796
349,BA,Iaçu,24305,0,3250,,0,55,,1.6923076923076923,13371.734211067682,226.29088664883767
350,BA,Ibiassucê,9224,0,2580,,0,13,,0.5038759689922481,27970.5117085863,140.9366869037294
351,BA,Ibicaraí,21689,0,3411,,0,78,,2.2867194371152153,15726.866153349625,359.62930517773987
352,BA,Ibicoara,19571,0,1866,,0,14,,0.7502679528403001,9534.515354350826,71.53441316233203
353,BA,Ibicuí,16198,0,1539,,0,30,,1.949317738791423,9501.172984319051,185.20805037658968
354,BA,Ibipeba,18211,0,1420,,0,14,,0.9859154929577465,7797.485036516391,76.87661303607709
355,BA,Ibipitanga,14902,0,2108,,0,26,,1.2333965844402277,14145.752248020399,174.47322507046036
356,BA,Ibiquera,4044,0,198,,0,6,,3.0303030303030303,4896.142433234421,148.3679525222552
357,BA,Ibirapitanga,23375,0,2341,,0,48,,2.050405809483127,10014.973262032085,205.3475935828877
358,BA,Ibirapuã,8637,0,2033,,0,19,,0.9345794392523363,23538.265601482,219.98379066805606
359,BA,Ibirataia,15312,0,2855,,0,50,,1.7513134851138354,18645.506792058517,326.54127481713687
360,BA,Ibitiara,16339,0,1722,,0,14,,0.8130081300813009,10539.200685476468,85.68455841850786
361,BA,Ibititá,17113,0,1860,,0,32,,1.7204301075268817,10868.930053175949,186.99234500087653
362,BA,Ibotirama,26927,0,1800,,0,57,,3.166666666666667,6684.740223567423,211.6834404129684
363,BA,Ichu,6206,0,795,,0,4,,0.5031446540880503,12810.183693200128,64.45375443119562
364,BA,Igaporã,15640,0,1433,,0,25,,1.7445917655268668,9162.404092071612,159.846547314578
365,BA,Igrapiúna,13226,0,897,,0,14,,1.560758082497213,6782.09587176773,105.85210948132466
366,BA,Iguaí,26916,0,1687,,0,43,,2.5489033787788973,6267.647495913212,159.7562787932828
367,BA,Ilhéus,162327,0,27807,33.26618492302575,0,654,0.6160404615375139,2.351925774085662,17130.237113973646,402.89046184553405
368,BA,Inhambupe,39926,0,2914,,0,53,,1.818805765271105,7298.502229123879,132.74557932174523
369,BA,Ipecaetá,14487,0,760,,0,13,,1.710526315789474,5246.082694829847,89.73562504314212
370,BA,Ipiaú,45873,0,5699,,0,101,,1.7722407439901735,12423.429904301005,220.17308656508186
371,BA,Ipirá,59595,0,3450,,0,80,,2.318840579710145,5789.076264787314,134.23944961825657
372,BA,Ipupiara,9865,0,951,,0,7,,0.7360672975814931,9640.141915864166,70.95793208312215
373,BA,Irajuba,7260,0,490,,0,2,,0.40816326530612246,6749.31129476584,27.54820936639118
374,BA,Iramaia,8537,0,716,,0,17,,2.3743016759776534,8387.02120182734,199.1331849595877
375,BA,Iraquara,25216,0,2820,,0,24,,0.851063829787234,11183.375634517766,95.17766497461929
376,BA,Irará,29034,0,3061,,0,39,,1.274093433518458,10542.8118757319,134.3252738169043
377,BA,Irecê,72967,0,15556,,0,172,,1.105682694780149,21319.226499650526,235.7229980676196
378,BA,Itabela,30584,0,3055,,0,80,,2.618657937806874,9988.883076118233,261.5746795710175
379,BA,Itaberaba,64489,0,8645,,0,180,,2.0821283979178715,13405.386965218873,279.11736885360295
380,BA,Itabuna,213223,0,46993,74.10082401992281,0,825,1.875970228352476,1.755580618389973,22039.367235241978,386.91885959769814
381,BA,Itacaré,28296,0,1919,,0,33,,1.7196456487754037,6781.877297144473,116.62425784563189
382,BA,Itaeté,16056,0,509,,0,13,,2.5540275049115913,3170.154459392128,80.96661684105631
383,BA,Itagi,12351,0,1414,,0,26,,1.8387553041018387,11448.465711278439,210.50927050441263
384,BA,Itagibá,14579,0,1976,,0,33,,1.6700404858299596,13553.74168324302,226.3529734549695
385,BA,Itagimirim,6869,0,816,,0,16,,1.9607843137254901,11879.458436453633,232.9305575775222
386,BA,Itaguaçu da Bahia,14429,0,1196,,0,10,,0.8361204013377926,8288.862707048305,69.30487213251092
387,BA,Itaju do Colônia,6682,0,546,,0,10,,1.8315018315018317,8171.206225680934,149.655791679138
388,BA,Itajuípe,20491,0,3569,,0,65,,1.8212384421406558,17417.402762188278,317.21243472744135
389,BA,Itamaraju,64486,0,8843,,0,172,,1.9450412755852087,13713.053996216231,266.72456036969265
390,BA,Itamari,8035,0,854,,0,13,,1.5222482435597189,10628.500311138769,161.79215930304915
391,BA,Itambé,23049,0,2910,,0,27,,0.9278350515463918,12625.276584667447,117.14174150722373
392,BA,Itanagra,6441,0,766,,0,9,,1.1749347258485638,11892.563266573514,139.72985561248254
393,BA,Itanhém,19405,0,1897,,0,42,,2.214022140221402,9775.830971399124,216.43906209739757
394,BA,Itaparica,22228,0,2003,,0,44,,2.196704942586121,9011.15709915422,197.94853338132083
395,BA,Itapé,8761,0,1099,,0,34,,3.0937215650591448,12544.230110717956,388.08355210592396
396,BA,Itapebi,10259,0,1279,,0,28,,2.18921032056294,12467.102056730675,272.9310849010625
397,BA,Itapetinga,76147,0,8362,,0,186,,2.2243482420473573,10981.391256385676,244.26438336375696
398,BA,Itapicuru,35576,0,2203,,0,27,,1.2256014525646846,6192.376883292107,75.8938610299078
399,BA,Itapitanga,10313,0,1253,,0,17,,1.3567438148443736,12149.713953262872,164.84049258217783
400,BA,Itaquara,8319,0,854,,0,10,,1.1709601873536302,10265.656929919462,120.20675561966581
401,BA,Itarantim,19747,0,956,,0,41,,4.288702928870293,4841.241707601154,207.62647490758093
402,BA,Itatim,14487,0,1479,,0,29,,1.9607843137254901,10209.1530337544,200.1794712500863
403,BA,Itiruçu,12576,0,1583,,0,28,,1.7687934301958308,12587.468193384224,222.64631043256998
404,BA,Itiúba,36089,0,2912,,0,49,,1.6826923076923077,8068.9406744437365,135.77544404112055
405,BA,Itororó,20382,0,4005,,0,41,,1.0237203495630463,19649.690903738592,201.15788440781083
406,BA,Ituaçu,18962,0,2732,,0,35,,1.281112737920937,14407.762894209473,184.5796856871638
407,BA,Ituberá,28602,0,2335,,0,58,,2.4839400428265526,8163.764771694287,202.78302216628208
408,BA,Iuiu,10994,0,1125,,0,15,,1.3333333333333335,10232.854284154993,136.43805712206657
409,BA,Jaborandi,8385,0,878,,0,10,,1.1389521640091116,10471.07930828861,119.26058437686343
410,BA,Jacaraci,14842,0,1939,,0,41,,2.1144920061887573,13064.277051610296,276.2430939226519
411,BA,Jacobina,80518,0,10003,,0,135,,1.3495951214635609,12423.309073747485,167.66437318363594
412,BA,Jaguaquara,54423,0,7639,,0,67,,0.8770781515905223,14036.34492769601,123.10971464270621
413,BA,Jaguarari,33570,0,3709,,0,61,,1.6446481531410084,11048.55525767054,181.7098599940423
414,BA,Jaguaripe,18788,0,1743,,0,27,,1.549053356282272,9277.19821162444,143.7087502661273
415,BA,Jandaíra,10709,0,1010,,0,15,,1.4851485148514851,9431.319450929124,140.06910075637313
416,BA,Jequié,155966,0,26220,30.77593834553684,0,451,0.6411653821986845,1.7200610221205188,16811.356321249503,289.16558737160665
417,BA,Jeremoabo,40463,0,3044,,0,53,,1.7411300919842312,7522.9221758149415,130.98386179966883
418,BA,Jiquiriçá,14537,0,1847,,0,32,,1.7325392528424473,12705.510077732682,220.12794937057166
419,BA,Jitaúna,11166,0,1372,,0,31,,2.259475218658892,12287.300734372202,277.62851513523196
420,BA,João Dourado,25188,0,2383,,0,61,,2.5597985732270248,9460.854375099254,242.17881530887723
421,BA,Juazeiro,216707,0,30454,96.44358511723203,0,500,0.0,1.6418204505155316,14053.076273493703,230.7262801847656
422,BA,Jucuruçu,9126,0,1272,,0,14,,1.10062893081761,13938.19855358317,153.40784571553803
423,BA,Jussara,15284,0,1323,,0,17,,1.2849584278155708,8656.110965715781,111.22742737503272
424,BA,Jussari,5833,0,881,,0,12,,1.362088535754824,15103.720212583577,205.726041488085
425,BA,Jussiape,6186,0,525,,0,10,,1.9047619047619049,8486.90591658584,161.65535079211122
426,BA,Lafaiete Coutinho,3724,0,622,,0,9,,1.4469453376205788,16702.470461868957,241.67561761546725
427,BA,Lagoa Real,15665,0,1632,,0,15,,0.9191176470588236,10418.12958825407,95.7548675390999
428,BA,Laje,23840,0,2850,,0,47,,1.6491228070175439,11954.697986577181,197.1476510067114
429,BA,Lajedão,3955,0,866,,0,11,,1.2702078521939952,21896.333754740834,278.1289506953224
430,BA,Lajedinho,3783,0,440,,0,1,,0.22727272727272727,11630.980703145651,26.434047052603752
431,BA,Lajedo do Tabocal,8562,0,1052,,0,15,,1.4258555133079849,12286.848867087128,175.19271198318148
432,BA,Lamarão,8307,0,465,,0,8,,1.7204301075268817,5597.6886962802455,96.30432165643433
433,BA,Lapão,27223,0,2915,,0,38,,1.3036020583190395,10707.857326525365,139.58784851045073
434,BA,Lauro de Freitas,198440,0,35040,60.47167909695627,0,599,1.511791977423906,1.709474885844749,17657.730296311227,301.85446482564004
435,BA,Lençóis,11409,0,1666,,0,23,,1.3805522208883554,14602.50679288281,201.59523183451662
436,BA,Licínio de Almeida,12388,0,719,,0,14,,1.9471488178025034,5804.0038747174685,113.01259283177268
437,BA,Livramento de Nossa Senhora,45732,0,4594,,0,94,,2.046147148454506,10045.482375579464,205.54535117641913
438,BA,Luís Eduardo Magalhães,87519,0,21014,,0,162,,0.7709146283430095,24010.78622927593,185.102663421657
439,BA,Macajuba,11348,0,1172,,0,15,,1.2798634812286689,10327.811068029609,132.1818822700035
440,BA,Macarani,18755,0,1070,,0,32,,2.990654205607477,5705.14529458811,170.62116768861637
441,BA,Macaúbas,49826,0,4030,,0,41,,1.0173697270471465,8088.14675069241,82.28635652069201
442,BA,Macururé,7824,0,465,,0,12,,2.5806451612903225,5943.251533742331,153.37423312883436
443,BA,Madre de Deus,21093,0,3740,,0,52,,1.3903743315508021,17731.000805954583,246.52728393305836
444,BA,Maetinga,3161,0,810,,0,10,,1.2345679012345678,25624.802277760202,316.3555836760519
445,BA,Maiquinique,10112,0,1432,,0,16,,1.1173184357541899,14161.392405063292,158.2278481012658
446,BA,Mairi,18676,0,2270,,0,23,,1.013215859030837,12154.63696723067,123.15270935960591
447,BA,Malhada,16845,0,763,,0,24,,3.1454783748361725,4529.533986346097,142.47551202137134
448,BA,Malhada de Pedras,8393,0,865,,0,16,,1.8497109826589597,10306.207553913977,190.63505302037413
449,BA,Manoel Vitorino,13240,0,1712,,0,36,,2.102803738317757,12930.513595166163,271.9033232628399
450,BA,Mansidão,13643,0,367,,0,12,,3.2697547683923704,2690.024188228396,87.95719416550612
451,BA,Maracás,20834,0,5210,,0,82,,1.5738963531669865,25007.199769607374,393.5874052030335
452,BA,Maragogipe,44677,0,3103,,0,60,,1.9336126329358685,6945.408151845469,134.2972894330416
453,BA,Maraú,20570,0,2429,,0,22,,0.9057225195553726,11808.458920758385,106.95187165775401
454,BA,Marcionílio Souza,10406,0,859,,0,24,,2.7939464493597206,8254.852969440706,230.63617143955412
455,BA,Mascote,13822,0,1334,,0,29,,2.1739130434782608,9651.280567211692,209.81044711329764
456,BA,Mata de São João,46583,0,6061,,0,82,,1.3529120607160534,13011.184337633902,176.0298821458472
457,BA,Matina,12201,0,1192,,0,14,,1.174496644295302,9769.691008933694,114.74469305794607
458,BA,Medeiros Neto,22688,0,4415,,0,67,,1.5175537938844847,19459.626234132582,295.3102961918195
459,BA,Miguel Calmon,26023,0,4009,,0,43,,1.0725866799700674,15405.602736041194,165.2384429158821
460,BA,Milagres,10950,0,989,,0,9,,0.910010111223458,9031.963470319635,82.19178082191782
461,BA,Mirangaba,18338,0,824,,0,11,,1.3349514563106795,4493.401679572472,59.98473115934126
462,BA,Mirante,8641,0,869,,0,10,,1.1507479861910241,10056.706399722254,115.7273463719477
463,BA,Monte Santo,49418,0,2115,,0,72,,3.404255319148936,4279.817070702983,145.69590027925048
464,BA,Morpará,8519,0,527,,0,16,,3.0360531309297913,6186.172085925578,187.8154712994483
465,BA,Morro do Chapéu,35413,0,4771,,0,36,,0.7545587927059316,13472.453618727586,101.65758337333747
466,BA,Mortugaba,12042,0,1298,,0,20,,1.5408320493066257,10778.940375352931,166.08536787908986
467,BA,Mucugê,9062,0,1555,,0,15,,0.964630225080386,17159.567424409623,165.5263738689031
468,BA,Mucuri,41748,0,6904,,0,80,,1.1587485515643106,16537.31915301332,191.62594615310914
469,BA,Mulungu do Morro,10889,0,1176,,0,24,,2.0408163265306123,10799.889797042888,220.40591422536508
470,BA,Mundo Novo,26776,0,1430,,0,17,,1.1888111888111887,5340.603525545264,63.489692261726915
471,BA,Muniz Ferreira,7422,0,1409,,0,3,,0.21291696238466998,18984.101320398815,40.42037186742118
472,BA,Muquém do São Francisco,11348,0,907,,0,8,,0.8820286659316428,7992.597814592879,70.49700387733522
473,BA,Muritiba,29399,0,3015,,0,38,,1.2603648424543947,10255.450865675703,129.25609714616144
474,BA,Mutuípe,22221,0,3194,,0,33,,1.0331872260488417,14373.790558480718,148.50816794923722
475,BA,Nazaré,28525,0,3998,,0,61,,1.5257628814407203,14015.775635407537,213.84750219106047
476,BA,Nilo Peçanha,13997,0,1151,,0,22,,1.9113814074717639,8223.19068371794,157.1765378295349
477,BA,Nordestina,13130,0,1401,,0,32,,2.2840827980014278,10670.22086824067,243.7166793602437
478,BA,Nova Canaã,16462,0,1539,,0,29,,1.8843404808317088,9348.803304580246,176.1632851415381
479,BA,Nova Fátima,7812,0,949,,0,7,,0.7376185458377239,12147.977470558117,89.60573476702508
480,BA,Nova Ibiá,6591,0,784,,0,24,,3.061224489795918,11895.008344712487,364.13290851160673
481,BA,Nova Itarana,8226,0,979,,0,10,,1.0214504596527068,11901.288597131048,121.56576707999028
482,BA,Nova Redenção,9118,0,449,,0,11,,2.4498886414253898,4924.325509980259,120.64049133581926
483,BA,Nova Soure,26947,0,1831,,0,33,,1.8022938285090113,6794.819460422311,122.46261179352062
484,BA,Nova Viçosa,43376,0,4687,,0,77,,1.6428419031363346,10805.514570269273,177.51752120988564
485,BA,Novo Horizonte,12385,0,964,,0,12,,1.2448132780082988,7783.609204683084,96.89140088817118
486,BA,Novo Triunfo,15440,0,757,,0,14,,1.8494055482166447,4902.849740932643,90.67357512953367
487,BA,Olindina,28229,0,1620,,0,32,,1.9753086419753085,5738.779269545503,113.35860285521981
488,BA,Oliveira dos Brejinhos,21825,0,1427,,0,27,,1.89208128941836,6538.373424971363,123.71134020618555
489,BA,Ouriçangas,8564,0,778,,0,14,,1.7994858611825193,9084.539934609995,163.47501167678655
490,BA,Ourolândia,17451,0,2121,,0,16,,0.7543611504007544,12154.031287605296,91.68529024124692
491,BA,Palmas de Monte Alto,21750,0,1964,,0,24,,1.2219959266802443,9029.885057471263,110.3448275862069
492,BA,Palmeiras,9019,0,825,,0,12,,1.4545454545454546,9147.35558265883,133.0524448386739
493,BA,Paramirim,21607,0,3135,,0,23,,0.733652312599681,14509.186837598925,106.44698477345305
494,BA,Paratinga,32000,0,2241,,0,37,,1.651048639000446,7003.125,115.625
495,BA,Paripiranga,28989,0,2405,,0,38,,1.5800415800415801,8296.250301838629,131.08420435337544
496,BA,Pau Brasil,9831,0,1571,,0,31,,1.9732654360280075,15980.063065812228,315.3290611331502
497,BA,Paulo Afonso,117782,0,16146,21.22565417466166,0,262,0.0,1.622692927040753,13708.376492163488,222.44485575045425
498,BA,Pé de Serra,13578,0,1962,,0,11,,0.5606523955147809,14449.84533804684,81.0134040359405
499,BA,Pedrão,7347,0,565,,0,6,,1.0619469026548671,7690.213692663672,81.66598611678236
500,BA,Pedro Alexandre,16667,0,838,,0,10,,1.1933174224343674,5027.89944201116,59.998800023999515
501,BA,Piatã,17123,0,1773,,0,43,,2.4252679075014103,10354.493955498452,251.1242188868773
502,BA,Pilão Arcado,35048,0,928,,0,31,,3.34051724137931,2647.797306551016,88.45012554211367
503,BA,Pindaí,16260,0,1304,,0,20,,1.5337423312883436,8019.680196801967,123.00123001230013
504,BA,Pindobaçu,20150,0,2103,,0,35,,1.6642891107941038,10436.724565756824,173.697270471464
505,BA,Pintadas,10437,0,1716,,0,9,,0.5244755244755245,16441.50617993676,86.23167576889911
506,BA,Piraí do Norte,10023,0,1145,,0,13,,1.1353711790393013,11423.725431507532,129.70168612191958
507,BA,Piripá,10707,0,1257,,0,13,,1.0342084327764518,11739.983188568225,121.41589614271038
508,BA,Piritiba,24755,0,812,,0,17,,2.0935960591133003,3280.145425166633,68.67299535447384
509,BA,Planaltino,9322,0,1201,,0,10,,0.832639467110741,12883.501394550525,107.2731173567904
510,BA,Planalto,26265,0,2472,,0,48,,1.9417475728155338,9411.764705882353,182.75271273557968
511,BA,Poções,46871,0,6767,,0,98,,1.448204521944732,14437.498666552878,209.08450854472918
512,BA,Pojuca,39519,0,5904,,0,69,,1.16869918699187,14939.649282623548,174.59955970545812
513,BA,Ponto Novo,14914,0,823,,0,16,,1.9441069258809234,5518.304948370659,107.2817486925037
514,BA,Porto Seguro,148686,0,21494,94.83071708163511,0,305,0.0,1.4190006513445612,14455.96760959337,205.13027453828875
515,BA,Potiraguá,7224,0,776,,0,16,,2.0618556701030926,10741.971207087487,221.48394241417498
516,BA,Prado,28174,0,4256,,0,73,,1.7152255639097744,15106.12621565983,259.10413856747357
517,BA,Presidente Dutra,15142,0,1708,,0,29,,1.6978922716627636,11279.88376700568,191.52027473253202
518,BA,Presidente Jânio Quadros,12338,0,1048,,0,16,,1.5267175572519083,8494.083319824931,129.680661371373
519,BA,Presidente Tancredo Neves,27719,0,2350,,0,46,,1.9574468085106382,8477.939319600273,165.95115263898407
520,BA,Queimadas,25439,0,2040,,0,48,,2.3529411764705883,8019.1831439915095,188.6866622115649
521,BA,Quijingue,27580,0,897,,0,30,,3.3444816053511706,3252.3567802755624,108.77447425670776
522,BA,Quixabeira,8972,0,1457,,0,9,,0.6177076183939602,16239.411502452072,100.31208203299153
523,BA,Rafael Jambeiro,22621,0,2323,,0,36,,1.5497201894102455,10269.218867424075,159.14415808319703
524,BA,Remanso,41008,0,4805,,0,98,,2.0395421436004164,11717.225907140071,238.9777604369879
525,BA,Retirolândia,14396,0,2137,,0,16,,0.7487131492746841,14844.401222561823,111.14198388441233
526,BA,Riachão das Neves,22339,0,2068,,0,47,,2.272727272727273,9257.352612023815,210.3943775459958
527,BA,Riachão do Jacuípe,33436,0,7089,,0,53,,0.7476371843701509,21201.69876779519,158.51178370618496
528,BA,Riacho de Santana,35421,0,3184,,0,53,,1.664572864321608,8989.017814290957,149.62875130572257
529,BA,Ribeira do Amparo,14592,0,1433,,0,9,,0.6280530355896721,9820.44956140351,61.67763157894736
530,BA,Ribeira do Pombal,53807,0,8261,,0,84,,1.0168260501149982,15353.02098240006,156.1135168286654
531,BA,Ribeirão do Largo,5812,0,792,,0,10,,1.2626262626262625,13626.978664831382,172.0578114246387
532,BA,Rio de Contas,12989,0,1277,,0,9,,0.7047768206734534,9831.395796443145,69.28939872199554
533,BA,Rio do Antônio,15371,0,1638,,0,22,,1.3431013431013432,10656.430941383125,143.12666710038386
534,BA,Rio do Pires,11655,0,473,,0,16,,3.382663847780127,4058.344058344059,137.28013728013727
535,BA,Rio Real,40732,0,4665,,0,55,,1.1789924973204717,11452.91171560444,135.02896985171364
536,BA,Rodelas,9331,0,556,,0,9,,1.618705035971223,5958.632515271675,96.45268459972137
537,BA,Ruy Barbosa,30814,0,3890,,0,35,,0.8997429305912596,12624.131888102811,113.58473421172195
538,BA,Salinas da Margarida,15667,0,2143,,0,25,,1.1665888940737283,13678.432373779282,159.57107295589455
539,BA,Salvador,2872347,0,356133,69.80354393114759,0,9265,0.8703683781938601,2.6015561601985775,12398.676065252563,322.55852095864464
540,BA,Santa Bárbara,20791,0,2271,,0,28,,1.2329370321444297,10922.995526910683,134.6736568707614
541,BA,Santa Brígida,14213,0,1218,,0,21,,1.7241379310344827,8569.619362555408,147.75205797509324
542,BA,Santa Cruz Cabrália,27778,0,4851,,0,47,,0.968872397443826,17463.46029231766,169.1986464108287
543,BA,Santa Cruz da Vitória,6315,0,955,,0,11,,1.1518324607329842,15122.723673792558,174.18844022169438
544,BA,Santa Inês,10631,0,1219,,0,14,,1.1484823625922889,11466.465995673032,131.69033957294704
545,BA,Santa Luzia,12597,0,1526,,0,36,,2.3591087811271296,12113.995395729142,285.78232912598236
546,BA,Santa Maria da Vitória,39845,0,4827,,0,73,,1.5123264967888956,12114.443468440206,183.209938511733
547,BA,Santa Rita de Cássia,28338,0,3758,,0,45,,1.197445449707291,13261.345190203965,158.79737455007412
548,BA,Santa Terezinha,10405,0,1516,,0,18,,1.1873350923482848,14569.918308505525,172.99375300336376
549,BA,Santaluz,37348,0,4573,,0,67,,1.4651213645309424,12244.29688336725,179.3938095748099
550,BA,Santana,26614,0,1318,,0,54,,4.09711684370258,4952.280754490118,202.9007289396558
551,BA,Santanópolis,8943,0,1044,,0,15,,1.4367816091954022,11673.934921167394,167.72895001677287
552,BA,Santo Amaro,60069,0,5353,,0,108,,2.0175602465906968,8911.418535351013,179.79323777655696
553,BA,Santo Antônio de Jesus,101512,0,22213,148.7508865946883,0,199,2.95531562770904,0.8958717867915186,21882.142012766963,196.03593663803292
554,BA,Santo Estêvão,52850,0,6364,,0,69,,1.0842237586423633,12041.62724692526,130.558183538316
555,BA,São Desidério,33742,0,5132,,0,54,,1.0522213561964147,15209.531148124,160.03793491790645
556,BA,São Domingos,9058,0,1706,,0,14,,0.8206330597889802,18834.179730624863,154.5595054095827
557,BA,São Felipe,21074,0,4128,,0,36,,0.872093023255814,19588.11806016893,170.8266109898453
558,BA,São Félix,14740,0,1339,,0,9,,0.6721433905899925,9084.124830393488,61.05834464043419
559,BA,São Félix do Coribe,15391,0,1813,,0,35,,1.9305019305019304,11779.611461243585,227.40562666493406
560,BA,São Francisco do Conde,39802,0,6083,,0,80,,1.315140555646885,15283.15160042209,200.9949248781468
561,BA,São Gabriel,18793,0,2690,,0,24,,0.8921933085501859,14313.840259671153,127.70712499334859
562,BA,São Gonçalo dos Campos,37550,0,3451,,0,42,,1.2170385395537524,9190.412782956058,111.8508655126498
563,BA,São José da Vitória,5657,0,934,,0,15,,1.6059957173447537,16510.517942372284,265.15821106593603
564,BA,São José do Jacuípe,10462,0,881,,0,3,,0.340522133938706,8420.952016822786,28.675205505639457
565,BA,São Miguel das Matas,11675,0,1223,,0,10,,0.8176614881439084,10475.374732334047,85.65310492505353
566,BA,São Sebastião do Passé,44300,0,5191,,0,107,,2.061259872856868,11717.83295711061,241.53498871331826
567,BA,Sapeaçu,17398,0,3038,,0,31,,1.0204081632653061,17461.77721577193,178.18140016093804
568,BA,Sátiro Dias,17273,0,1668,,0,16,,0.9592326139088728,9656.689631216348,92.63011636658369
569,BA,Saubara,12043,0,718,,0,21,,2.9247910863509747,5961.969608901437,174.3751556921033
570,BA,Saúde,12913,0,728,,0,6,,0.8241758241758242,5637.729419964377,46.464802911794315
571,BA,Seabra,44091,0,8454,,0,100,,1.1828720132481665,19173.981084575084,226.80365607493596
572,BA,Sebastião Laranjeiras,11434,0,902,,0,11,,1.2195121951219512,7888.75284239986,96.20430295609586
573,BA,Senhor do Bonfim,79015,0,8878,,0,123,,1.3854471727866637,11235.841295956465,155.66664557362526
574,BA,Sento Sé,40684,0,1759,,0,52,,2.956225127913587,4323.567004227706,127.81437420116018
575,BA,Serra do Ramalho,31472,0,1450,,0,40,,2.7586206896551726,4607.269954245044,127.09710218607015
576,BA,Serra Dourada,17386,0,1148,,0,25,,2.177700348432056,6603.013919245369,143.79385712642355
577,BA,Serra Preta,14878,0,1249,,0,23,,1.8414731785428344,8394.945557198547,154.59067078908456
578,BA,Serrinha,80861,0,12235,,0,117,,0.9562729873314262,15130.903649472551,144.69274433905096
579,BA,Serrolândia,13397,0,1319,,0,16,,1.2130401819560273,9845.487795775174,119.42972307232964
580,BA,Simões Filho,134377,0,12063,21.5810741421523,0,290,0.744174970419045,2.4040454281687804,8976.98266816494,215.810741421523
581,BA,Sítio do Mato,13012,0,332,,0,15,,4.518072289156627,2551.490931447894,115.27820473409162
582,BA,Sítio do Quinto,9986,0,967,,0,12,,1.2409513960703205,9683.55697977168,120.16823552974164
583,BA,Sobradinho,23191,0,3551,,0,66,,1.8586313714446634,15311.974472855849,284.59316114009744
584,BA,Souto Soares,16979,0,1335,,0,24,,1.7977528089887642,7862.653866541021,141.35108074680488
585,BA,Tabocas do Brejo Velho,12518,0,353,,0,18,,5.099150141643059,2819.939287426106,143.79293816903657
586,BA,Tanhaçu,20403,0,2408,,0,34,,1.4119601328903655,11802.18595304612,166.64216046659806
587,BA,Tanque Novo,17366,0,2167,,0,19,,0.8767881864328565,12478.406080847633,109.40919037199124
588,BA,Tanquinho,7918,0,994,,0,17,,1.710261569416499,12553.6751704976,214.70068199040162
589,BA,Taperoá,21074,0,1497,,0,37,,2.4716098864395457,7103.539906994401,175.57179462845212
590,BA,Tapiramutá,17010,0,796,,0,11,,1.3819095477386936,4679.60023515579,64.66784244562022
591,BA,Teixeira de Freitas,160487,0,29612,83.4958594777147,0,397,0.0,1.3406727002566527,18451.338737717073,247.37206128845327
592,BA,Teodoro Sampaio,7425,0,601,,0,11,,1.8302828618968388,8094.276094276094,148.14814814814815
593,BA,Teofilândia,22518,0,1334,,0,24,,1.7991004497751124,5924.149569233502,106.58140154543032
594,BA,Teolândia,14943,0,1399,,0,12,,0.8577555396711937,9362.243190791674,80.30515960650472
595,BA,Terra Nova,13033,0,1202,,0,26,,2.1630615640599005,9222.742269623264,199.49359318652654
596,BA,Tremedal,16394,0,1586,,0,25,,1.5762925598991173,9674.271074783457,152.49481517628402
597,BA,Tucano,50687,0,4913,,0,74,,1.5062080195399958,9692.820644346677,145.99404186477796
598,BA,Uauá,24240,0,3803,,0,70,,1.8406521167499343,15688.94389438944,288.7788778877888
599,BA,Ubaíra,19895,0,2311,,0,34,,1.4712245781047164,11615.983915556673,170.89721035436037
600,BA,Ubaitaba,19056,0,1942,,0,53,,2.729145211122554,10191.015952980688,278.12762384550797
601,BA,Ubatã,27035,0,2559,,0,59,,2.3055881203595154,9465.507675235805,218.23562049195488
602,BA,Uibaí,13887,0,1521,,0,33,,2.1696252465483234,10952.689565780945,237.63231799524735
603,BA,Umburanas,19222,0,934,,0,11,,1.177730192719486,4859.015711164291,57.22609509936531
604,BA,Una,19002,0,2662,,0,52,,1.9534184823441023,14009.051678770657,273.6554046942427
605,BA,Urandi,16658,0,1691,,0,20,,1.1827321111768185,10151.27866490575,120.06243246488174
606,BA,Uruçuca,20519,0,3243,,0,82,,2.5285229725562752,15804.863784784833,399.6296115795116
607,BA,Utinga,19178,0,2003,,0,19,,0.9485771342985523,10444.259046824485,99.07185316508499
608,BA,Valença,96562,0,12549,,0,163,,1.2989082795441869,12995.795447484517,168.80346306000288
609,BA,Valente,28473,0,3965,,0,34,,0.8575031525851198,13925.473255364732,119.4113721771503
610,BA,Várzea da Roça,14104,0,1743,,0,16,,0.9179575444635685,12358.196256381168,113.44299489506524
611,BA,Várzea do Poço,9170,0,613,,0,7,,1.1419249592169658,6684.84187568157,76.33587786259542
612,BA,Várzea Nova,12697,0,1228,,0,14,,1.1400651465798046,9671.575962825864,110.26226667716784
613,BA,Varzedo,8838,0,969,,0,9,,0.9287925696594427,10964.019008825526,101.83299389002036
614,BA,Vera Cruz,43223,0,2423,,0,101,,4.1683862979777135,5605.811720611711,233.67188765240726
615,BA,Vereda,6205,0,1119,,0,23,,2.0554066130473636,18033.843674456086,370.66881547139405
616,BA,Vitória da Conquista,338480,0,52955,55.54242495863862,0,776,2.068069014417396,1.465395146822774,15644.942094067595,229.26022216969983
617,BA,Wagner,9345,0,1456,,0,10,,0.6868131868131868,15580.524344569289,107.00909577314071
618,BA,Wanderley,12238,0,1173,,0,30,,2.557544757033248,9584.899493381272,245.13809445987906
619,BA,Wenceslau Guimarães,21101,0,2431,,0,37,,1.5220074043603455,11520.781005639545,175.34713994597413
620,BA,Xique-Xique,46483,0,3432,,0,102,,2.972027972027972,7383.344448508057,219.43506228083388
621,CE,,0,0,18166,,0,0,,0.0,inf,
622,CE,Abaiara,11737,0,1388,,0,20,,1.440922190201729,11825.849876459062,170.4012950498424
623,CE,Acarape,14929,0,3599,,0,36,,1.0002778549597109,24107.441891620336,241.1414026391587
624,CE,Acaraú,62641,0,8342,,0,121,,1.4504914888515943,13317.1564949474,193.16422151625932
625,CE,Acopiara,54270,0,6690,,0,185,,2.7653213751868457,12327.252625760088,340.88815183342547
626,CE,Aiuaba,17399,0,1319,,0,18,,1.3646702047005308,7580.89545376171,103.45422150698316
627,CE,Alcântaras,11714,0,2695,,0,23,,0.8534322820037107,23006.658698992658,196.34625234761825
628,CE,Altaneira,7586,0,1185,,0,21,,1.7721518987341773,15620.880569470077,276.82573161086214
629,CE,Alto Santo,17146,0,3697,,0,44,,1.1901541790641061,21561.88032194098,256.61961973638165
630,CE,Amontada,43452,0,3902,,0,64,,1.6401845207585852,8980.023934456412,147.28896253337015
631,CE,Antonina do Norte,7353,0,1161,,0,28,,2.4117140396210166,15789.473684210525,380.796953624371
632,CE,Apuiarés,14600,0,1991,,0,29,,1.4565544952285283,13636.986301369863,198.63013698630138
633,CE,Aquiraz,80271,0,12211,,0,110,,0.9008271230857423,15212.218609460453,137.0357912571165
634,CE,Aracati,74547,0,15997,,0,185,,1.1564668375320373,21458.94536332783,248.16558681100514
635,CE,Aracoiaba,26469,0,5837,,0,41,,0.7024156244646222,22052.212021610183,154.8981827798557
636,CE,Ararendá,10935,0,2353,,0,22,,0.9349766255843603,21518.06127114769,201.1888431641518
637,CE,Araripe,21600,0,2432,,0,32,,1.3157894736842104,11259.25925925926,148.14814814814815
638,CE,Aratuba,11847,0,2343,,0,15,,0.6402048655569782,19777.15877437326,126.61433274246643
639,CE,Arneiroz,7840,0,1019,,0,21,,2.060843964671246,12997.448979591836,267.85714285714283
640,CE,Assaré,23417,0,3325,,0,60,,1.8045112781954888,14199.086134005209,256.2241106888158
641,CE,Aurora,24654,0,2930,,0,45,,1.5358361774744027,11884.48122008599,182.52616208323192
642,CE,Baixio,6288,0,996,,0,18,,1.8072289156626504,15839.694656488547,286.25954198473283
643,CE,Banabuiú,18197,0,3539,,0,22,,0.6216445323537723,19448.260702313568,120.89904929383965
644,CE,Barbalha,60781,0,13925,,0,216,,1.5511669658886893,22910.119938796663,355.3742123360919
645,CE,Barreira,22425,0,2561,,0,56,,2.1866458414681764,11420.289855072464,249.72129319955405
646,CE,Barro,22680,0,3348,,0,52,,1.5531660692951015,14761.904761904761,229.2768959435626
647,CE,Barroquinha,15017,0,1872,,0,28,,1.4957264957264957,12465.87201172005,186.45535060265033
648,CE,Baturité,35750,0,6167,,0,92,,1.4918112534457597,17250.34965034965,257.34265734265733
649,CE,Beberibe,53573,0,12811,,0,145,,1.1318398251502615,23913.165213820394,270.65872734399795
650,CE,Bela Cruz,32591,0,4674,,0,79,,1.690201112537441,14341.382590285662,242.39820809425916
651,CE,Boa Viagem,54470,0,7039,,0,125,,1.7758204290382156,12922.709748485406,229.48411969891683
652,CE,Brejo Santo,49477,0,13596,,0,159,,1.1694616063548102,27479.434888938293,321.36144066940193
653,CE,Camocim,63661,0,10748,,0,167,,1.5537774469668775,16883.178083913226,262.32701339909835
654,CE,Campos Sales,27426,0,4388,,0,51,,1.162260711030082,15999.41661197404,185.95493327499452
655,CE,Canindé,76997,0,9483,,0,234,,2.4675735526732048,12316.064262243985,303.90794446536876
656,CE,Capistrano,17738,0,3345,,0,38,,1.1360239162929746,18857.81937084226,214.22933814409743
657,CE,Caridade,22547,0,2167,,0,55,,2.5380710659898478,9611.034727458198,243.93489155985276
658,CE,Cariré,18448,0,4111,,0,53,,1.289224033081975,22284.258456201213,287.2940156114484
659,CE,Caririaçu,26965,0,2876,,0,59,,2.0514603616133518,10665.677730391248,218.80215093639902
660,CE,Cariús,18699,0,3278,,0,33,,1.006711409395973,17530.349216535644,176.4800256698219
661,CE,Carnaubal,17606,0,3357,,0,29,,0.8638665475126601,19067.363398841306,164.71657389526297
662,CE,Cascavel,71743,0,14116,,0,174,,1.2326438084443185,19675.787184812456,242.5323724962714
663,CE,Catarina,20698,0,1395,,0,22,,1.5770609318996418,6739.781621412697,106.29046284665185
664,CE,Catunda,10342,0,2547,,0,21,,0.8244994110718492,24627.73157996519,203.0555018371688
665,CE,Caucaia,361400,0,36981,77.4764803541782,0,1086,0.0,2.9366431410724427,10232.706142778085,300.49806308799117
666,CE,Cedro,25557,0,5434,,0,49,,0.90172984909827,21262.27648002504,191.7282936181868
667,CE,Chaval,13069,0,2024,,0,27,,1.33399209486166,15487.030377228555,206.5957609610529
668,CE,Choró,13521,0,1989,,0,18,,0.904977375565611,14710.450410472598,133.12624805857556
669,CE,Chorozinho,20264,0,3044,,0,47,,1.5440210249671484,15021.713383339913,231.93841294907222
670,CE,Coreaú,23136,0,3533,,0,71,,2.0096235493914523,15270.573997233749,306.881051175657
671,CE,Crateús,75074,0,18713,,0,244,,1.3039063752471542,24926.07294136452,325.01265418120784
672,CE,Crato,132123,0,29173,84.76949509169485,0,272,0.0,0.9323689713090872,22080.18285991084,205.8687737941161
673,CE,Croatá,18063,0,2061,,0,18,,0.8733624454148471,11410.064773293472,99.6512207274539
674,CE,Cruz,24827,0,5876,,0,61,,1.0381211708645337,23667.781044830226,245.7002457002457
675,CE,Deputado Irapuan Pinheiro,9625,0,1346,,0,14,,1.040118870728083,13984.415584415585,145.45454545454544
676,CE,Ereré,7198,0,1528,,0,17,,1.112565445026178,21228.118921922756,236.17671575437623
677,CE,Eusébio,53618,0,19206,,0,155,,0.8070394668332812,35820.06042746839,289.0820246932001
678,CE,Farias Brito,19450,0,3886,,0,67,,1.7241379310344827,19979.43444730077,344.4730077120823
679,CE,Forquilha,24218,0,2447,,0,82,,3.3510420923579893,10104.05483524651,338.5911305640433
680,CE,Fortaleza,2669342,0,426506,113.0615709789154,0,11818,0.0,2.770887162197015,15977.945126551787,442.73083029450703
681,CE,Fortim,16480,0,4243,,0,40,,0.9427292010370021,25746.35922330097,242.71844660194174
682,CE,Frecheirinha,14072,0,3620,,0,26,,0.7182320441988951,25724.843661171122,184.7640704945992
683,CE,General Sampaio,7618,0,866,,0,21,,2.424942263279446,11367.813074297716,275.6629036492518
684,CE,Graça,14399,0,2121,,0,21,,0.9900990099009901,14730.189596499757,145.84346135148274
685,CE,Granja,54748,0,4589,,0,93,,2.026585312704293,8382.041353108789,169.8692189669029
686,CE,Granjeiro,4844,0,768,,0,7,,0.9114583333333334,15854.665565648223,144.50867052023122
687,CE,Groaíras,11068,0,2545,,0,33,,1.2966601178781925,22994.217564148898,298.1568485724612
688,CE,Guaiúba,26064,0,3158,,0,71,,2.248258391386954,12116.329036218538,272.4063842848373
689,CE,Guaraciaba do Norte,40642,0,4576,,0,82,,1.791958041958042,11259.28842084543,201.76172432459032
690,CE,Guaramiranga,5193,0,2296,,0,6,,0.2613240418118467,44213.36414404005,115.54015020219525
691,CE,Hidrolândia,19978,0,3697,,0,27,,0.7303218826075196,18505.35589148063,135.14866352988287
692,CE,Horizonte,67337,0,12798,,0,150,,1.1720581340834506,19005.895718549982,222.76014672468332
693,CE,Ibaretama,13353,0,1699,,0,31,,1.8246027074749853,12723.732494570508,232.157567587808
694,CE,Ibiapina,24997,0,3366,,0,33,,0.9803921568627451,13465.615873904868,132.01584190102812
695,CE,Ibicuitinga,12525,0,3185,,0,27,,0.847723704866562,25429.141716566868,215.5688622754491
696,CE,Icapuí,19934,0,4824,,0,39,,0.808457711442786,24199.859536470354,195.64563058091701
697,CE,Icó,68018,0,10821,,0,143,,1.3215044820256907,15909.024081860684,210.23846628833542
698,CE,Iguatu,102498,0,19262,89.75784893363773,0,254,0.0,1.3186584985982763,18792.56180608402,247.80971336026067
699,CE,Independência,26178,0,4066,,0,64,,1.5740285292670928,15532.126212850486,244.48009779203915
700,CE,Ipaporanga,11593,0,1599,,0,18,,1.125703564727955,13792.806003622876,155.2661088587941
701,CE,Ipaumirim,12463,0,2121,,0,26,,1.2258368694012258,17018.37438818904,208.61750782315653
702,CE,Ipu,41964,0,6663,,0,83,,1.2456851268197509,15877.895338861881,197.78858068820892
703,CE,Ipueiras,38166,0,4910,,0,68,,1.384928716904277,12864.853534559556,178.1690509877902
704,CE,Iracema,14297,0,3300,,0,38,,1.1515151515151514,23081.765405329792,265.7900258795551
705,CE,Irauçuba,24156,0,2595,,0,48,,1.8497109826589597,10742.67262791853,198.7083954297069
706,CE,Itaiçaba,7827,0,2316,,0,29,,1.2521588946459412,29589.881180528937,370.5123291171585
707,CE,Itaitinga,37980,0,6690,,0,85,,1.2705530642750373,17614.533965244867,223.80200105318588
708,CE,Itapajé,52675,0,4673,,0,154,,3.2955274983950353,8871.381110583769,292.35880398671094
709,CE,Itapipoca,129358,0,17192,256.6520818194468,0,311,0.0,1.8089809213587715,13290.24876698774,240.41806459592758
710,CE,Itapiúna,20382,0,3100,,0,38,,1.2258064516129032,15209.49857717594,186.43901481699538
711,CE,Itarema,41826,0,5001,,0,55,,1.0997800439912018,11956.67766461053,131.49715487973987
712,CE,Itatira,21647,0,3025,,0,44,,1.4545454545454546,13974.222756040097,203.26142190603778
713,CE,Jaguaretama,18162,0,2602,,0,52,,1.9984627209838586,14326.616011452485,286.3120801673824
714,CE,Jaguaribara,11401,0,1593,,0,31,,1.94601381042059,13972.458556266994,271.9059731602491
715,CE,Jaguaribe,34682,0,8242,,0,88,,1.067702014074254,23764.488783807163,253.73392537915925
716,CE,Jaguaruana,33705,0,6621,,0,88,,1.329104364899562,19643.96973742768,261.08885921970034
717,CE,Jardim,27174,0,3127,,0,72,,2.3025263831148064,11507.323176565835,264.95915213071316
718,CE,Jati,8111,0,1535,,0,14,,0.9120521172638436,18924.916779681913,172.6051041795093
719,CE,Jijoca de Jericoacoara,19816,0,3629,,0,33,,0.9093414163681455,18313.48405329027,166.53209527654423
720,CE,Juazeiro do Norte,274207,0,49405,48.50350282815537,0,768,0.0,1.5544985325371927,18017.41020469937,280.0803772332581
721,CE,Jucás,24833,0,3096,,0,73,,2.3578811369509043,12467.28144001933,293.96367736479687
722,CE,Lavras da Mangabeira,31508,0,4681,,0,61,,1.3031403546250802,14856.544369683892,193.60162498413104
723,CE,Limoeiro do Norte,59540,0,14849,,0,171,,1.1515926998451074,24939.536446086662,287.201881088344
724,CE,Madalena,19691,0,2075,,0,39,,1.8795180722891567,10537.80915138896,198.0600274236961
725,CE,Maracanaú,227886,0,35198,118.4802927779679,0,879,0.0,2.4973009830103985,15445.442019255242,385.7191753771623
726,CE,Maranguape,128978,0,21963,458.2176805346648,0,296,0.0,1.3477211674179301,17028.48547814356,229.49650327962908
727,CE,Marco,27361,0,2926,,0,36,,1.2303485987696514,10694.053579913016,131.57413837213554
728,CE,Martinópole,11233,0,2198,,0,27,,1.2283894449499546,19567.34621205377,240.36321552568327
729,CE,Massapê,38737,0,4075,,0,89,,2.184049079754601,10519.658207914912,229.75449828329502
730,CE,Mauriti,47962,0,8441,,0,126,,1.492714133396517,17599.349485008966,262.70797714857594
731,CE,Meruoca,15057,0,2577,,0,35,,1.3581684128831975,17114.963140067743,232.45002324500234
732,CE,Milagres,27512,0,4975,,0,67,,1.3467336683417086,18083.01831927886,243.53009595812733
733,CE,Milhã,13155,0,2354,,0,33,,1.4018691588785046,17894.3367540859,250.8551881413911
734,CE,Miraíma,13818,0,1923,,0,21,,1.0920436817472698,13916.630481980028,151.9756838905775
735,CE,Missão Velha,35393,0,3591,,0,64,,1.7822333611807295,10146.07408244568,180.82671714745854
736,CE,Mombaça,43797,0,5504,,0,124,,2.252906976744186,12567.070803936342,283.1244149142635
737,CE,Monsenhor Tabosa,17234,0,3494,,0,44,,1.2593016599885518,20273.877219449925,255.30927236857374
738,CE,Morada Nova,61890,0,12618,,0,214,,1.6959898557616104,20387.784779447407,345.77476167393763
739,CE,Moraújo,8724,0,2350,,0,23,,0.9787234042553191,26937.184777624945,263.6405318661165
740,CE,Morrinhos,22534,0,2376,,0,41,,1.7255892255892258,10544.066743587467,181.94727966628207
741,CE,Mucambo,14537,0,3263,,0,31,,0.9500459699662888,22446.171837380476,213.2489509527413
742,CE,Mulungu,10823,0,2300,,0,21,,0.9130434782608696,21251.039453016725,194.03122978841355
743,CE,Nova Olinda,15565,0,2318,,0,24,,1.0353753235547885,14892.386765178284,154.1920976549952
744,CE,Nova Russas,32328,0,6254,,0,73,,1.1672529581068116,19345.459044790896,225.81044295966348
745,CE,Novo Oriente,28607,0,3044,,0,48,,1.5768725361366622,10640.752263432027,167.7911000803999
746,CE,Ocara,25703,0,3793,,0,48,,1.2654890587925125,14757.032253044392,186.74862856475897
747,CE,Orós,21427,0,5390,,0,95,,1.7625231910946195,25155.17804639007,443.3658468287674
748,CE,Pacajus,72203,0,9805,,0,131,,1.3360530341662418,13579.768153677824,181.43290444995358
749,CE,Pacatuba,83432,0,11984,,0,278,,2.3197596795727637,14363.793268769776,333.205484706108
750,CE,Pacoti,12261,0,1860,,0,29,,1.5591397849462365,15170.0513824321,236.52230650028548
751,CE,Pacujá,6533,0,839,,0,13,,1.5494636471990464,12842.491963875707,198.98974437471298
752,CE,Palhano,9386,0,2534,,0,26,,1.0260457774269929,26997.65608352866,277.0083102493075
753,CE,Palmácia,13322,0,1627,,0,23,,1.4136447449293177,12212.880948806485,172.64674973727668
754,CE,Paracuru,35076,0,8175,,0,135,,1.651376146788991,23306.534382483747,384.87854943551145
755,CE,Paraipaba,32744,0,5172,,0,83,,1.6047950502706885,15795.260200342049,253.48155387246518
756,CE,Parambu,31521,0,2203,,0,78,,3.5406264185202,6988.991466006789,247.4540782335586
757,CE,Paramoti,12226,0,1659,,0,20,,1.2055455093429777,13569.442172419434,163.5858007524947
758,CE,Pedra Branca,43258,0,4334,,0,74,,1.7074296262113522,10018.956031254334,171.0666235147256
759,CE,Penaforte,9077,0,1532,,0,19,,1.2402088772845952,16877.82306929602,209.32025999779663
760,CE,Pentecoste,37751,0,4577,,0,97,,2.1192921127376008,12124.18214087044,256.9468358454081
761,CE,Pereiro,16307,0,3673,,0,29,,0.7895453307922679,22524.06941804133,177.8377383945545
762,CE,Pindoretama,20567,0,5968,,0,43,,0.7205093833780161,29017.357903437547,209.0727865026499
763,CE,Piquet Carneiro,16959,0,2958,,0,32,,1.0818120351588911,17442.066159561295,188.6903708945103
764,CE,Pires Ferreira,10951,0,1778,,0,8,,0.44994375703037126,16235.960186284357,73.0526892521231
765,CE,Poranga,12336,0,1602,,0,19,,1.1860174781523096,12986.381322957199,154.0207522697795
766,CE,Porteiras,14996,0,2159,,0,31,,1.4358499305233905,14397.172579354494,206.72179247799414
767,CE,Potengi,11045,0,1042,,0,7,,0.6717850287907869,9434.133091896787,63.37709370755998
768,CE,Potiretama,6419,0,1374,,0,11,,0.8005822416302766,21405.203302695125,171.36625642623463
769,CE,Quiterianópolis,21084,0,2464,,0,55,,2.232142857142857,11686.586985391765,260.8613166382091
770,CE,Quixadá,87728,0,16678,,0,216,,1.2951193188631729,19011.034105416744,246.21557541491885
771,CE,Quixelô,16178,0,3472,,0,36,,1.0368663594470047,21461.243664235382,222.52441587340834
772,CE,Quixeramobim,81082,0,15135,,0,261,,1.7244796828543112,18666.288448730913,321.8963518413458
773,CE,Quixeré,22149,0,7504,,0,48,,0.6396588486140725,33879.63339202673,216.714072870107
774,CE,Redenção,29053,0,8359,,0,120,,1.435578418471109,28771.555433173857,413.0382404570957
775,CE,Reriutaba,18491,0,6339,,0,34,,0.536362202240101,34281.54237196474,183.87323562814342
776,CE,Russas,78194,0,20302,,0,235,,1.1575214264604472,25963.628922935262,300.5345678696575
777,CE,Saboeiro,15819,0,1783,,0,19,,1.065619742007852,11271.256084455401,120.10873000821796
778,CE,Salitre,16554,0,1424,,0,26,,1.8258426966292134,8602.150537634408,157.0617373444485
779,CE,Santa Quitéria,43703,0,10655,,0,77,,0.7226654152979821,24380.47731277029,176.18927762396174
780,CE,Santana do Acaraú,32452,0,3379,,0,99,,2.929860905593371,10412.301244915567,305.0659435473931
781,CE,Santana do Cariri,17700,0,2236,,0,33,,1.4758497316636852,12632.76836158192,186.4406779661017
782,CE,São Benedito,47903,0,5714,,0,70,,1.2250612530626532,11928.27171575893,146.1286349497944
783,CE,São Gonçalo do Amarante,48422,0,14833,,0,242,,1.6314973370188095,30632.77022840857,499.7728305315766
784,CE,São João do Jaguaribe,7645,0,1616,,0,19,,1.1757425742574257,21137.998691955527,248.52844996729885
785,CE,São Luís do Curu,13000,0,1864,,0,42,,2.2532188841201717,14338.461538461539,323.07692307692304
786,CE,Senador Pompeu,25496,0,4035,,0,70,,1.734820322180917,15826.011923438971,274.5528710385943
787,CE,Senador Sá,7623,0,1737,,0,14,,0.8059873344847437,22786.304604486424,183.65472910927457
788,CE,Sobral,208935,0,45526,243.137817981669,0,780,0.0,1.7133066818960592,21789.551774475316,373.3218465072869
789,CE,Solonópole,18324,0,3200,,0,39,,1.21875,17463.435931019427,212.83562540929927
790,CE,Tabuleiro do Norte,30697,0,6860,,0,84,,1.2244897959183674,22347.460663908525,273.6423754764309
791,CE,Tamboril,26251,0,6116,,0,87,,1.4224983649444083,23298.16007009257,331.4159460591977
792,CE,Tarrafas,8592,0,941,,0,19,,2.0191285866099893,10952.048417132217,221.1359404096834
793,CE,Tauá,58859,0,15245,,0,213,,1.397179403082978,25900.881768293722,361.8817852834741
794,CE,Tejuçuoca,19187,0,2616,,0,37,,1.4143730886850152,13634.231510918851,192.83890133944857
795,CE,Tianguá,75946,0,15307,,0,211,,1.3784543019533546,20155.11020988597,277.828983751613
796,CE,Trairi,55918,0,4964,,0,107,,2.1555197421434324,8877.284595300262,191.35162201795487
797,CE,Tururu,16271,0,1838,,0,42,,2.2850924918389555,11296.171101960543,258.12795771618215
798,CE,Ubajara,34792,0,3619,,0,41,,1.1329096435479415,10401.816509542423,117.843182340768
799,CE,Umari,7733,0,676,,0,15,,2.2189349112426036,8741.756110177163,193.9738781844045
800,CE,Umirim,19825,0,1397,,0,41,,2.934860415175376,7046.658259773014,206.8095838587642
801,CE,Uruburetama,21850,0,2673,,0,65,,2.431724653946876,12233.409610983983,297.4828375286041
802,CE,Uruoca,13840,0,2549,,0,32,,1.2553942722636329,18417.630057803468,231.21387283236996
803,CE,Varjota,18420,0,3892,,0,37,,0.9506680369989723,21129.207383279045,200.86862106406082
804,CE,Várzea Alegre,40721,0,6571,,0,92,,1.4000913103028458,16136.637115984382,225.9276540360011
805,CE,Viçosa do Ceará,60889,0,7238,,0,163,,2.252003315833103,11887.204585393092,267.70024142291714
806,DF,Brasília,3015268,465,965303,291.7153632778247,0,12051,0.7627846015677545,1.2484163003740794,32013.837575963393,399.66596667360915
807,ES,,0,0,9643,,0,285,,2.955511770195997,inf,inf
808,ES,Afonso Cláudio,30586,0,8968,,0,91,,1.0147190008920606,29320.604197999084,297.52174197345187
809,ES,Água Doce do Norte,11019,4,3064,,0,50,,1.6318537859007836,27806.516017787457,453.7616843633723
810,ES,Águia Branca,9642,0,4336,,0,68,,1.5682656826568264,44969.92325243726,705.247873885086
811,ES,Alegre,30084,1,9941,,0,96,,0.9656976159340106,33044.14306608164,319.10650179497406
812,ES,Alfredo Chaves,14601,5,5950,,0,49,,0.823529411764706,40750.63351825218,335.59345250325316
813,ES,Alto Rio Novo,7836,0,1788,,0,29,,1.6219239373601788,22817.764165390505,370.08677896886167
814,ES,Anchieta,29263,1,12685,,0,122,,0.9617658651951123,43348.25547619861,416.9087243276493
815,ES,Apiacá,7567,0,2808,,0,42,,1.4957264957264957,37108.497423021014,555.0416281221092
816,ES,Aracruz,101220,13,42771,446.5520648093262,0,293,1.975894092076665,0.6850436043113324,42255.483106105516,289.4684844892314
817,ES,Atílio Vivacqua,11936,0,3560,,0,40,,1.1235955056179776,29825.737265415548,335.1206434316354
818,ES,Baixo Guandu,30998,0,11743,,0,109,,0.9282125521587329,37883.089231563325,351.63558939286406
819,ES,Barra de São Francisco,44650,0,13712,,0,272,,1.9836639439906651,30709.96640537514,609.1825307950728
820,ES,Boa Esperança,15037,0,5619,,0,60,,1.0678056593699947,37367.82602912815,399.0157611225643
821,ES,Bom Jesus do Norte,9936,0,3175,,0,33,,1.0393700787401574,31954.50885668277,332.1256038647343
822,ES,Brejetuba,12404,0,3241,,0,23,,0.7096575131132367,26128.66817155756,185.4240567558852
823,ES,Cachoeiro de Itapemirim,208972,1,69980,3399.498497406351,0,762,0.4785330092069751,1.0888825378679623,33487.73998430411,364.64215301571505
824,ES,Cariacica,381285,3,106358,116.710597059942,0,1644,0.5245420092581664,1.545722935745313,27894.619510340035,431.1735316102129
825,ES,Castelo,37534,3,15621,,0,154,,0.9858523782088214,41618.26610539777,410.2946661693398
826,ES,Colatina,122499,4,55394,204.8996318337293,0,417,0.0,0.7527891107340146,45219.9609792733,340.41094213013986
827,ES,Conceição da Barra,31063,0,7949,,0,82,,1.0315762989055228,25589.930141969548,263.9796542510382
828,ES,Conceição do Castelo,12723,0,3619,,0,35,,0.9671179883945842,28444.549241531087,275.09235243260235
829,ES,Divino de São Lourenço,4304,0,1055,,0,15,,1.4218009478672986,24512.081784386617,348.51301115241637
830,ES,Domingos Martins,33850,2,13056,,0,100,,0.7659313725490196,38570.162481536194,295.4209748892172
831,ES,Dores do Rio Preto,6749,0,1839,,0,15,,0.8156606851549755,27248.481256482442,222.25514891094977
832,ES,Ecoporanga,22923,0,8049,,0,97,,1.2051186482792895,35113.20507786939,423.1557824019544
833,ES,Fundão,21509,1,7853,,0,82,,1.0441869349293265,36510.29801478451,381.23576177414105
834,ES,Governador Lindenberg,12709,0,5697,,0,35,,0.6143584342636476,44826.50090487056,275.3953890943426
835,ES,Guaçuí,30867,0,7650,,0,137,,1.7908496732026145,24783.749635533095,443.83969935529854
836,ES,Guarapari,124859,5,34866,96.90931370586021,0,545,2.402710257170088,1.5631274020535764,27924.298608830763,436.4923633858993
837,ES,Ibatiba,26082,0,8664,,0,123,,1.4196675900277007,33218.311479181044,471.58960202438465
838,ES,Ibiraçu,12479,0,5475,,0,52,,0.9497716894977168,43873.707829152976,416.70005609423833
839,ES,Ibitirama,8889,0,1849,,0,21,,1.1357490535424553,20800.989987625155,236.2470469119136
840,ES,Iconha,13860,3,6484,,0,30,,0.46267735965453427,46782.10678210678,216.45021645021646
841,ES,Irupi,13377,0,3674,,0,55,,1.4970059880239521,27465.051954847873,411.15347237796215
842,ES,Itaguaçu,14066,3,6565,,0,32,,0.4874333587204874,46672.828096118305,227.49893359874878
843,ES,Itapemirim,34348,4,11327,,0,181,,1.5979517965922132,32977.17479911494,526.9593571678118
844,ES,Itarana,10555,0,4549,,0,31,,0.6814684546054077,43098.05779251539,293.6996684036002
845,ES,Iúna,29161,1,7285,,0,98,,1.3452299245024022,24981.996502177568,336.065292685436
846,ES,Jaguaré,30477,1,10288,,0,65,,0.6318040435458787,33756.60334022377,213.27558486727696
847,ES,Jerônimo Monteiro,12192,0,5518,,0,60,,1.0873504893077202,45259.18635170604,492.1259842519685
848,ES,João Neiva,16668,3,7239,,0,62,,0.8564718883823732,43430.52555795536,371.97024238060953
849,ES,Laranja da Terra,10947,0,4017,,0,20,,0.49788399302962405,36694.98492737736,182.69845619804514
850,ES,Linhares,173555,0,66186,72.02327792342486,0,523,0.0,0.7901973226966428,38135.46138111838,301.3453948316096
851,ES,Mantenópolis,15350,0,2666,,0,53,,1.9879969992498125,17368.078175895764,345.2768729641694
852,ES,Marataízes,38499,5,15448,,0,253,,1.6377524598653548,40125.71755110522,657.1599262318502
853,ES,Marechal Floriano,16694,4,8566,,0,74,,0.8638804576231612,51311.84856834791,443.27303222714744
854,ES,Marilândia,12833,1,6791,,0,39,,0.5742895008098954,52918.25761708096,303.90399750642877
855,ES,Mimoso do Sul,26153,0,7746,,0,82,,1.0586108959462948,29618.017053492906,313.53955569150764
856,ES,Montanha,18833,0,6037,,0,79,,1.3085969852575783,32055.434609462114,419.4764509106356
857,ES,Mucurici,5524,0,1813,,0,11,,0.6067291781577496,32820.41998551774,199.13106444605359
858,ES,Muniz Freire,17465,1,5994,,0,59,,0.9843176509843177,34320.068708846266,337.8184941311194
859,ES,Muqui,15449,0,6387,,0,66,,1.0333489901362143,41342.4817140268,427.21211728914494
860,ES,Nova Venécia,50110,2,17838,,0,163,,0.9137795717008633,35597.68509279585,325.284374376372
861,ES,Pancas,23184,2,6367,,0,37,,0.5811214072561646,27462.905452035884,159.5928226363009
862,ES,Pedro Canário,26184,4,7075,,0,72,,1.0176678445229683,27020.317751298502,274.9770852428964
863,ES,Pinheiros,27047,5,8877,,0,109,,1.2278923059592206,32820.64554294376,403.0021813879543
864,ES,Piúma,21711,3,7845,,0,107,,1.3639260675589548,36133.75708166367,492.83773202524065
865,ES,Ponto Belo,7863,0,2692,,0,18,,0.6686478454680534,34236.2965789139,228.92025944296068
866,ES,Presidente Kennedy,11574,2,4670,,0,61,,1.3062098501070663,40349.0582339727,527.0433730775877
867,ES,Rio Bananal,19141,0,6904,,0,46,,0.6662804171494786,36069.17088971318,240.3218222663393
868,ES,Rio Novo do Sul,11622,0,4015,,0,38,,0.9464508094645082,34546.54964722079,326.96609877817934
869,ES,Santa Leopoldina,12224,0,3674,,0,31,,0.8437670114316821,30055.62827225131,253.59947643979058
870,ES,Santa Maria de Jetibá,40431,0,15149,,0,82,,0.5412898541157832,37468.77396057481,202.81467191016793
871,ES,Santa Teresa,23590,1,12654,,0,82,,0.6480164374901217,53641.37346333192,347.60491733785506
872,ES,São Domingos do Norte,8638,0,4634,,0,26,,0.561070349589987,53646.67747163695,300.9956008335263
873,ES,São Gabriel da Palha,37947,4,19333,,0,98,,0.5069052914705426,50947.3739689567,258.2549345139273
874,ES,São José do Calçado,10556,1,3832,,0,88,,2.2964509394572024,36301.62940507768,833.6491095111785
875,ES,São Mateus,130611,3,40508,143.938871917373,0,375,0.0,0.9257430630986472,31014.23310440928,287.1121115373131
876,ES,São Roque do Canaã,12415,0,5520,,0,23,,0.4166666666666667,44462.34393878373,185.25976641159886
877,ES,Serra,517510,23,158836,125.7946706343839,0,1818,0.7729319240207918,1.144576796192299,30692.353770941623,351.2975594674499
878,ES,Sooretama,30070,1,9582,,0,73,,0.7618451262784387,31865.646824077154,242.7668772863319
879,ES,Vargem Alta,21402,0,6489,,0,53,,0.8167668361843119,30319.59629941127,247.64040743855713
880,ES,Venda Nova do Imigrante,25277,2,10423,,0,61,,0.5852441715437015,41235.114926613125,241.32610673735016
881,ES,Viana,78239,4,23796,,0,316,,1.3279542780299212,30414.499162821612,403.8906427740641
882,ES,Vila Pavão,9208,0,3285,,0,22,,0.669710806697108,35675.499565595135,238.92267593397048
883,ES,Vila Valério,14080,0,6894,,0,38,,0.5512039454598201,48963.068181818184,269.8863636363636
884,ES,Vila Velha,493838,20,157507,106.5126620470681,1,2081,0.8099822208902514,1.3212111207755846,31894.46741644021,421.39325041815334
885,ES,Vitória,362097,25,162034,246.066661695623,0,1490,2.209352742497176,0.9195600923263018,44748.78278472343,411.49194829009906
886,GO,,0,0,0,,0,0,,,,
887,GO,Abadia de Goiás,8773,2,4490,,0,55,,1.2249443207126949,51179.75606975949,626.9235153311296
888,GO,Abadiânia,20042,0,2710,,0,58,,2.1402214022140225,13521.60463027642,289.39227621993814
889,GO,Acreúna,22366,3,7940,,0,87,,1.0957178841309823,35500.31297505142,388.98327819011
890,GO,Adelândia,2516,0,717,,0,6,,0.8368200836820083,28497.615262321146,238.47376788553257
891,GO,Água Fria de Goiás,5735,0,1318,,0,11,,0.834597875569044,22981.691368788142,191.8047079337402
892,GO,Água Limpa,1850,0,480,,0,4,,0.8333333333333334,25945.945945945947,216.21621621621622
893,GO,Águas Lindas de Goiás,212440,8,17428,133.6848051214461,0,407,0.0,2.335322469589167,8203.728111466768,191.58350593108642
894,GO,Alexânia,27653,9,8691,,0,126,,1.4497756299620297,31428.77807109536,455.646765269591
895,GO,Aloândia,1995,0,698,,0,12,,1.7191977077363898,34987.4686716792,601.5037593984963
896,GO,Alto Horizonte,6414,0,3518,,0,18,,0.511654349061967,54848.76831930153,280.6361085126286
897,GO,Alto Paraíso de Goiás,7624,0,1939,,0,10,,0.5157297576070139,25432.84365162644,131.16474291710387
898,GO,Alvorada do Norte,8660,0,1735,,0,23,,1.3256484149855907,20034.642032332566,265.58891454965357
899,GO,Amaralina,3812,3,509,,0,2,,0.3929273084479371,13352.570828961174,52.46589716684156
900,GO,Americano do Brasil,6111,1,2979,,0,28,,0.9399127223900637,48748.159057437406,458.1901489117984
901,GO,Amorinópolis,3126,0,1219,,0,14,,1.1484823625922889,38995.521433141395,447.85668586052464
902,GO,Anápolis,386923,35,106897,203.1411934674341,0,2074,2.842942911121851,1.940185412125691,27627.46076092659,536.0239634242472
903,GO,Anhanguera,1149,0,303,,0,7,,2.31023102310231,26370.757180156656,609.2254134029591
904,GO,Anicuns,21850,15,10804,,0,94,,0.8700481303221029,49446.22425629291,430.20594965675053
905,GO,Aparecida de Goiânia,578179,66,194249,160.5039269845498,1,2093,1.556611360841539,1.0774830243656337,33596.68891467867,361.9986198045934
906,GO,Aparecida do Rio Doce,2474,0,998,,0,5,,0.501002004008016,40339.53112368634,202.1018593371059
907,GO,Aporé,4198,0,1132,,0,13,,1.1484098939929328,26965.22153406384,309.6712720343021
908,GO,Araçu,3522,0,2258,,0,23,,1.0186005314437556,64111.30039750142,653.038046564452
909,GO,Aragarças,20118,0,5791,,0,86,,1.485063028837852,28785.16751168108,427.4778805050203
910,GO,Aragoiânia,10308,3,4073,,0,36,,0.883869383746624,39512.999611951884,349.2433061699651
911,GO,Araguapaz,7770,12,1500,,0,34,,2.2666666666666666,19305.019305019305,437.5804375804376
912,GO,Arenópolis,2612,0,903,,0,11,,1.2181616832779625,34571.209800918834,421.1332312404288
913,GO,Aruanã,9875,0,2793,,0,25,,0.895094880057286,28283.54430379747,253.16455696202533
914,GO,Aurilândia,3120,4,1870,,0,17,,0.9090909090909091,59935.89743589744,544.8717948717948
915,GO,Avelinópolis,2417,0,622,,0,19,,3.054662379421222,25734.381464625567,786.0984691766653
916,GO,Baliza,5138,0,915,,0,14,,1.530054644808743,17808.48579213702,272.4795640326975
917,GO,Barro Alto,11167,0,4260,,0,24,,0.5633802816901409,38148.11498164234,214.91895764305545
918,GO,Bela Vista de Goiás,29975,1,7414,,0,118,,1.591583490693283,24733.94495412844,393.66138448707255
919,GO,Bom Jardim de Goiás,8841,0,2940,,0,32,,1.0884353741496597,33254.1567695962,361.95000565546883
920,GO,Bom Jesus de Goiás,25216,1,7051,,0,128,,1.8153453410863707,27962.404822335026,507.6142131979695
921,GO,Bonfinópolis,9706,1,771,,0,39,,5.058365758754864,7943.540078302081,401.81331135380174
922,GO,Bonópolis,4405,0,1056,,0,6,,0.5681818181818182,23972.758229284904,136.2088535754824
923,GO,Brazabrantes,3703,1,1144,,0,9,,0.7867132867132868,30893.8698352687,243.04617877396706
924,GO,Britânia,5779,1,1946,,0,12,,0.6166495375128468,33673.64595950856,207.648382073023
925,GO,Buriti Alegre,9459,0,2180,,0,42,,1.926605504587156,23046.833703351305,444.02156676181414
926,GO,Buriti de Goiás,2488,1,888,,0,9,,1.0135135135135136,35691.31832797427,361.7363344051447
927,GO,Buritinópolis,3292,0,721,,0,4,,0.5547850208044383,21901.57958687728,121.5066828675577
928,GO,Cabeceiras,7993,0,1488,,0,20,,1.3440860215053763,18616.28925309646,250.21894157387712
929,GO,Cachoeira Alta,12484,0,4346,,0,38,,0.8743672342383801,34812.56007689843,304.3896187119513
930,GO,Cachoeira de Goiás,1351,0,703,,0,7,,0.995732574679943,52035.529237601775,518.1347150259068
931,GO,Cachoeira Dourada,8067,0,2634,,0,34,,1.29081245254366,32651.543324656006,421.47018718234784
932,GO,Caçu,16009,0,5757,,0,45,,0.7816571130797291,35961.02192516709,281.0918858142295
933,GO,Caiapônia,18913,3,4839,,0,48,,0.9919404835709857,25585.57605879554,253.79368688203883
934,GO,Caldas Novas,91162,3,26427,,0,372,,1.4076512657509366,28989.05245606722,408.06476382703323
935,GO,Caldazinha,3804,0,1815,,0,12,,0.6611570247933884,47712.933753943216,315.45741324921136
936,GO,Campestre de Goiás,3630,0,1521,,0,17,,1.1176857330703485,41900.82644628099,468.3195592286501
937,GO,Campinaçu,3640,0,453,,0,10,,2.207505518763797,12445.054945054946,274.72527472527474
938,GO,Campinorte,12626,2,3682,,0,46,,1.249321021184139,29162.046570568666,364.3275780136227
939,GO,Campo Alegre de Goiás,7589,0,989,,0,27,,2.730030333670374,13032.020028989327,355.7780998814073
940,GO,Campo Limpo de Goiás,7789,13,1446,,0,27,,1.8672199170124482,18564.642444472975,346.642701245346
941,GO,Campos Belos,19887,0,6604,,0,40,,0.6056935190793459,33207.623070347465,201.13642077739226
942,GO,Campos Verdes,2141,0,1419,,0,19,,1.3389711064129668,66277.4404483886,887.4357776739841
943,GO,Carmo do Rio Verde,10082,0,1779,,0,38,,2.1360314783586283,17645.30847054156,376.90934338424915
944,GO,Castelândia,3435,0,776,,0,16,,2.0618556701030926,22590.975254730714,465.79330422125184
945,GO,Catalão,108823,10,30202,254.5417788518971,0,484,2.756770168071088,1.6025428779551023,27753.324205360997,444.7589204488022
946,GO,Caturaí,5070,0,1772,,0,24,,1.3544018058690745,34950.69033530572,473.37278106508876
947,GO,Cavalcante,9709,0,1496,,0,7,,0.4679144385026738,15408.383973632712,72.09805335255948
948,GO,Ceres,22191,2,9300,,0,132,,1.4193548387096775,41908.881979180755,594.83574422063
949,GO,Cezarina,8606,2,2341,,0,48,,2.050405809483127,27201.952126423424,557.7504066930048
950,GO,Chapadão do Céu,10167,0,4778,,0,28,,0.5860192549183758,46995.18048588571,275.4008065309334
951,GO,Cidade Ocidental,71376,16,11164,,0,198,,1.7735578645646721,15641.111858327731,277.404169468729
952,GO,Cocalzinho de Goiás,20240,0,7149,,0,54,,0.7553503986571549,35321.14624505929,266.79841897233206
953,GO,Colinas do Sul,3382,0,1105,,0,6,,0.5429864253393665,32672.974571259612,177.40981667652278
954,GO,Córrego do Ouro,2327,0,1212,,0,8,,0.6600660066006601,52084.22862054147,343.79028792436617
955,GO,Corumbá de Goiás,11110,0,2116,,0,47,,2.22117202268431,19045.904590459046,423.042304230423
956,GO,Corumbaíba,9723,13,2834,,0,41,,1.4467184191954834,29147.382495114678,421.6805512701841
957,GO,Cristalina,58997,5,9821,,0,141,,1.4356990123205375,16646.609149617776,238.99520314592266
958,GO,Cristianópolis,2966,1,441,,0,7,,1.5873015873015872,14868.509777478084,236.00809170600135
959,GO,Crixás,16949,0,5081,,0,69,,1.3580003936233025,29978.16980352823,407.1036639329754
960,GO,Cromínia,3486,0,1551,,0,9,,0.5802707930367506,44492.254733218586,258.1755593803787
961,GO,Cumari,2854,0,966,,0,12,,1.2422360248447204,33847.231955150666,420.4625087596356
962,GO,Damianópolis,3311,0,725,,0,9,,1.2413793103448276,21896.70794321957,271.8212020537602
963,GO,Damolândia,2938,0,1007,,0,17,,1.6881827209533267,34275.01701837985,578.6249149081008
964,GO,Davinópolis,2094,1,428,,0,9,,2.102803738317757,20439.35052531041,429.7994269340974
965,GO,Diorama,2484,0,781,,0,6,,0.7682458386683738,31441.22383252818,241.54589371980674
966,GO,Divinópolis de Goiás,4804,0,891,,0,12,,1.3468013468013467,18547.044129891758,249.7918401332223
967,GO,Doverlândia,7322,0,1781,,0,22,,1.235261089275688,24323.955203496313,300.46435400163887
968,GO,Edealina,3699,0,2261,,0,12,,0.5307386112339673,61124.628277912954,324.41200324412006
969,GO,Edéia,12372,0,5314,,0,42,,0.7903650733910426,42951.82670546395,339.47623666343355
970,GO,Estrela do Norte,3275,0,562,,0,5,,0.8896797153024912,17160.30534351145,152.67175572519085
971,GO,Faina,6627,0,2136,,0,17,,0.7958801498127341,32231.779085559076,256.5263316734571
972,GO,Fazenda Nova,5637,1,2262,,0,18,,0.7957559681697612,40127.727514635444,319.3187865886109
973,GO,Firminópolis,13292,0,4199,,0,41,,0.9764229578471064,31590.430334035507,308.4562142642191
974,GO,Flores de Goiás,16557,0,1235,,0,7,,0.5668016194331984,7459.080751343842,42.27819049344688
975,GO,Formosa,121617,4,18858,14891.83255630381,0,347,268.8768839882582,1.8400678757026196,15506.055896790744,285.3219533453382
976,GO,Formoso,4248,0,745,,0,20,,2.684563758389262,17537.664783427495,470.8097928436911
977,GO,Gameleira de Goiás,3818,1,1746,,0,14,,0.8018327605956471,45730.74908328968,366.6841278156103
978,GO,Goianápolis,11231,3,3714,,0,54,,1.4539579967689822,33069.18350992788,480.81203810880595
979,GO,Goiandira,5600,0,976,,0,19,,1.9467213114754098,17428.57142857143,339.2857142857143
980,GO,Goianésia,70084,2,25532,,0,329,,1.288579038069873,36430.56903144798,469.4366759888134
981,GO,Goiânia,1516113,192,505294,268.1198565014613,0,8211,1.71491175130086,1.6249945576238785,33328.254556223714,541.5823226896676
982,GO,Goianira,44289,1,9411,,0,162,,1.7213898629263629,21249.06861748967,365.7793131477342
983,GO,Goiás,22645,4,13319,,0,102,,0.7658232600045048,58816.51578714948,450.4305586222124
984,GO,Goiatuba,34095,0,14906,,0,191,,1.2813632094458607,43719.02038422056,560.1994427335386
985,GO,Gouvelândia,5898,0,1848,,0,15,,0.8116883116883116,31332.655137334692,254.323499491353
986,GO,Guapó,14209,1,4920,,0,66,,1.3414634146341464,34625.94130480681,464.4943345766767
987,GO,Guaraíta,1996,0,923,,0,14,,1.5167930660888407,46242.48496993988,701.4028056112224
988,GO,Guarani de Goiás,3893,0,931,,0,3,,0.322234156820623,23914.718725918316,77.06139224248652
989,GO,Guarinos,1794,0,933,,0,9,,0.964630225080386,52006.6889632107,501.6722408026756
990,GO,Heitoraí,3724,0,1813,,0,10,,0.5515719801434087,48684.210526315794,268.5284640171858
991,GO,Hidrolândia,21706,9,7798,,0,109,,1.3977943062323672,35925.55053902147,502.16529991707364
992,GO,Hidrolina,3564,0,381,,0,14,,3.674540682414698,10690.23569023569,392.8170594837262
993,GO,Iaciara,13947,0,2754,,0,17,,0.6172839506172839,19746.181974618197,121.89001218900121
994,GO,Inaciolândia,6194,0,1984,,0,35,,1.7641129032258067,32030.997739748145,565.0629641588635
995,GO,Indiara,15611,1,3212,,0,60,,1.86799501867995,20575.23541092819,384.3443725578118
996,GO,Inhumas,52866,33,24101,,0,304,,1.2613584498568524,45588.847274240536,575.0387772859683
997,GO,Ipameri,26985,2,8277,,0,117,,1.4135556361000363,30672.59588660367,433.57420789327404
998,GO,Ipiranga de Goiás,2893,0,388,,0,13,,3.350515463917526,13411.68337366056,449.3605254061528
999,GO,Iporá,31531,2,11086,,0,179,,1.614649106981779,35159.04982398274,567.6952840062161
1000,GO,Israelândia,2800,0,725,,0,10,,1.3793103448275863,25892.857142857145,357.1428571428571
1001,GO,Itaberaí,42900,2,12977,,0,201,,1.5488941974262156,30249.41724941725,468.53146853146853
1002,GO,Itaguari,4676,0,1995,,0,20,,1.0025062656641603,42664.67065868263,427.71599657827204
1003,GO,Itaguaru,5237,1,1492,,0,26,,1.742627345844504,28489.593278594617,496.46744319266753
1004,GO,Itajá,4539,0,531,,0,24,,4.519774011299435,11698.612029081296,528.7508261731658
1005,GO,Itapaci,22981,0,7304,,0,74,,1.013143483023001,31782.777076715545,322.00513467647187
1006,GO,Itapirapuã,4997,0,2429,,0,22,,0.9057225195553726,48609.165499299575,440.2641584950971
1007,GO,Itapuranga,25768,3,11273,,0,100,,0.8870753126940477,43748.05960881714,388.078236572493
1008,GO,Itarumã,7178,0,1579,,0,26,,1.6466117796073463,21997.770966843134,362.2178879910839
1009,GO,Itauçu,8938,0,2348,,0,41,,1.746166950596252,26269.859028865518,458.7155963302753
1010,GO,Itumbiara,104742,23,29538,283.5538752362949,0,540,0.9547268526474575,1.8281535648994516,28200.7217735006,515.5525004296271
1011,GO,Ivolândia,2370,0,1106,,0,8,,0.7233273056057866,46666.666666666664,337.55274261603375
1012,GO,Jandaia,6048,2,2215,,0,27,,1.2189616252821671,36623.67724867725,446.4285714285714
1013,GO,Jaraguá,50511,8,19485,,0,235,,1.206055940467026,38575.75577596959,465.2451941161331
1014,GO,Jataí,100882,11,33611,350.9050177435023,0,457,2.973771336809342,1.3596739162774092,33317.14280049959,453.0045003072897
1015,GO,Jaupaci,2879,0,196,,0,8,,4.081632653061225,6807.91941646405,277.8742618964918
1016,GO,Jesúpolis,2490,0,571,,0,12,,2.1015761821366024,22931.726907630524,481.9277108433735
1017,GO,Joviânia,7387,6,3896,,0,26,,0.6673511293634496,52741.30228780289,351.96967645864356
1018,GO,Jussara,18478,12,6289,,0,79,,1.2561615519160438,34035.06873038208,427.5354475592597
1019,GO,Lagoa Santa,1588,0,481,,0,5,,1.0395010395010396,30289.672544080604,314.86146095717885
1020,GO,Leopoldo de Bulhões,7647,1,1763,,0,20,,1.1344299489506522,23054.79272917484,261.5404733882568
1021,GO,Luziânia,208299,20,70848,-390.3043221522907,0,608,1.440237351115464,0.8581752484191508,34012.645283942795,291.88810315940066
1022,GO,Mairipotaba,2368,1,336,,0,7,,2.083333333333333,14189.189189189188,295.6081081081081
1023,GO,Mambaí,8882,0,602,,0,7,,1.1627906976744187,6777.752758387751,78.81107858590408
1024,GO,Mara Rosa,9503,2,1066,,0,37,,3.4709193245778613,11217.51025991792,389.3507313479954
1025,GO,Marzagão,2236,6,790,,0,8,,1.0126582278481013,35330.94812164579,357.78175313059035
1026,GO,Matrinchã,4351,0,850,,0,9,,1.0588235294117647,19535.738910595264,206.84900022983223
1027,GO,Maurilândia,14080,2,2177,,0,36,,1.6536518144235186,15461.647727272726,255.6818181818182
1028,GO,Mimoso de Goiás,2597,0,783,,0,2,,0.2554278416347382,30150.17327685791,77.01193685021178
1029,GO,Minaçu,29070,6,9724,,0,77,,0.7918552036199095,33450.29239766082,264.8778809769522
1030,GO,Mineiros,66801,5,30469,,0,310,,1.0174275493124159,45611.59264082873,464.06490920794596
1031,GO,Moiporá,1529,0,107,,0,3,,2.803738317757009,6998.037933289732,196.20667102681492
1032,GO,Monte Alegre de Goiás,8606,0,1593,,0,8,,0.5021971123666039,18510.3416221241,92.95840111550082
1033,GO,Montes Claros de Goiás,8055,1,2825,,0,32,,1.1327433628318584,35071.38423339541,397.26877715704535
1034,GO,Montividiu,13396,9,1634,,0,32,,1.9583843329253363,12197.670946551209,238.8772767990445
1035,GO,Montividiu do Norte,4479,0,1233,,0,8,,0.6488240064882401,27528.4661754856,178.61129716454568
1036,GO,Morrinhos,46136,7,22264,,0,198,,0.8893280632411068,48257.326166117564,429.1659441650771
1037,GO,Morro Agudo de Goiás,2248,0,756,,0,7,,0.9259259259259258,33629.89323843417,311.38790035587186
1038,GO,Mossâmedes,4290,0,1063,,0,10,,0.940733772342427,24778.55477855478,233.1002331002331
1039,GO,Mozarlândia,15659,0,6850,,0,39,,0.5693430656934306,43744.81129063159,249.05804968388787
1040,GO,Mundo Novo,4887,0,1822,,0,24,,1.3172338090010975,37282.58645385717,491.0988336402701
1041,GO,Mutunópolis,3778,0,1423,,0,16,,1.1243851018973998,37665.431445209106,423.5044997353097
1042,GO,Nazário,9142,1,2694,,0,31,,1.1507052709725316,29468.387661343248,339.0942900896959
1043,GO,Nerópolis,29850,5,4627,,0,104,,2.2476766803544415,15500.837520938025,348.40871021775547
1044,GO,Niquelândia,46388,0,11370,,0,116,,1.0202286719437115,24510.64930585496,250.06467189790465
1045,GO,Nova América,2352,0,1083,,0,8,,0.7386888273314866,46045.91836734694,340.1360544217687
1046,GO,Nova Aurora,2210,0,478,,0,6,,1.2552301255230125,21628.9592760181,271.49321266968326
1047,GO,Nova Crixás,12869,0,4519,,0,27,,0.5974773179907059,35115.39358147486,209.80651177247648
1048,GO,Nova Glória,8164,0,3110,,0,36,,1.157556270096463,38094.07153356198,440.96031357177856
1049,GO,Nova Iguaçu de Goiás,2929,0,710,,0,15,,2.112676056338028,24240.355069989757,512.1201775349949
1050,GO,Nova Roma,3264,0,757,,0,2,,0.26420079260237783,23192.401960784315,61.27450980392157
1051,GO,Nova Veneza,9853,0,3385,,0,28,,0.827178729689808,34355.01877600731,284.1774078960723
1052,GO,Novo Brasil,2913,1,1381,,0,13,,0.9413468501086171,47408.17027119808,446.27531754205285
1053,GO,Novo Gama,115711,4,15983,89.01487326183336,0,246,0.0,1.539135331289495,13812.861352853228,212.59862934379618
1054,GO,Novo Planalto,4495,0,414,,0,9,,2.1739130434782608,9210.233592880979,200.22246941045606
1055,GO,Orizona,15615,0,2581,,0,40,,1.5497869043006587,16528.978546269613,256.16394492475183
1056,GO,Ouro Verde de Goiás,3759,0,1785,,0,16,,0.8963585434173669,47486.03351955307,425.64511838254856
1057,GO,Ouvidor,6667,0,2186,,0,32,,1.463860933211345,32788.3605819709,479.97600119994
1058,GO,Padre Bernardo,33835,-62,4742,,0,77,,1.6237874314635174,14015.073149105956,227.5749963056007
1059,GO,Palestina de Goiás,3464,0,865,,0,11,,1.2716763005780347,24971.131639722862,317.55196304849886
1060,GO,Palmeiras de Goiás,28858,8,12517,,0,104,,0.830870016777183,43374.45422413196,360.38533508905675
1061,GO,Palmelo,2381,0,655,,0,10,,1.5267175572519083,27509.44981100378,419.99160016799664
1062,GO,Palminópolis,3585,0,2236,,0,15,,0.6708407871198568,62370.990237099024,418.41004184100416
1063,GO,Panamá,2615,0,874,,0,10,,1.1441647597254003,33422.5621414914,382.4091778202677
1064,GO,Paranaiguara,10057,0,2336,,0,62,,2.654109589041096,23227.60266481058,616.4860296311027
1065,GO,Paraúna,10988,0,4102,,0,40,,0.9751340809361287,37331.634510374955,364.0334910811795
1066,GO,Perolândia,3129,0,649,,0,9,,1.386748844375963,20741.450942793224,287.6318312559923
1067,GO,Petrolina de Goiás,10281,0,5226,,0,46,,0.8802143130501339,50831.63116428363,447.42729306487695
1068,GO,Pilar de Goiás,2253,0,967,,0,12,,1.2409513960703205,42920.55037727475,532.6231691078563
1069,GO,Piracanjuba,24524,1,10252,,0,113,,1.1022239563012095,41803.94715380851,460.773120208775
1070,GO,Piranhas,10385,0,3324,,0,84,,2.527075812274368,32007.703418391913,808.8589311506981
1071,GO,Pirenópolis,24908,7,11122,,0,83,,0.7462686567164178,44652.32053958568,333.2262726834752
1072,GO,Pires do Rio,31458,31,9291,,0,178,,1.9158325261005273,29534.617585351898,565.8338101595779
1073,GO,Planaltina,89918,13,11046,,-1,258,,2.3356871265616514,12284.52590137681,286.9280900375898
1074,GO,Pontalina,17819,0,5777,,0,62,,1.0732213951878138,32420.450081373812,347.94320668948876
1075,GO,Porangatu,45394,2,4358,,0,196,,4.497475906379074,9600.387716438296,431.7751244657884
1076,GO,Porteirão,3881,0,2374,,0,22,,0.9267059814658803,61169.801597526406,566.8642102550889
1077,GO,Portelândia,4011,0,1257,,0,15,,1.1933174224343674,31338.818249813015,373.97157816005983
1078,GO,Posse,36900,0,7291,,0,67,,0.9189411603346591,19758.80758807588,181.57181571815718
1079,GO,Professor Jamil,3223,5,1532,,0,15,,0.97911227154047,47533.354017995654,465.40490226497053
1080,GO,Quirinópolis,50065,0,11827,,0,231,,1.9531580282404668,23623.289723359634,461.40017976630384
1081,GO,Rialma,10918,2,4115,,0,65,,1.5795868772782502,37690.053123282654,595.3471331745741
1082,GO,Rianápolis,4801,0,2553,,0,17,,0.6658832745789268,53176.42157883774,354.0928973130598
1083,GO,Rio Quente,4493,0,1861,,0,10,,0.537345513164965,41419.986645893616,222.56843979523703
1084,GO,Rio Verde,235647,48,71510,439.6406489367571,0,907,2.121817803748828,1.2683540763529577,30346.238229215734,384.89774960003734
1085,GO,Rubiataba,19882,3,9131,,0,104,,1.1389771109407512,45925.96318277839,523.0862086309224
1086,GO,Sanclerlândia,7637,0,2087,,0,40,,1.9166267369429804,27327.484614377372,523.765876653136
1087,GO,Santa Bárbara de Goiás,6560,0,2953,,0,30,,1.015916017609211,45015.243902439026,457.3170731707317
1088,GO,Santa Cruz de Goiás,2855,1,804,,0,8,,0.9950248756218906,28161.120840630472,280.21015761821366
1089,GO,Santa Fé de Goiás,5459,1,2499,,0,24,,0.9603841536614646,45777.61494779264,439.64095988276244
1090,GO,Santa Helena de Goiás,38648,1,7536,,0,238,,3.1581740976645434,19499.06851583523,615.8145311529704
1091,GO,Santa Isabel,3809,1,939,,0,18,,1.9169329073482428,24652.139669204516,472.56497768443165
1092,GO,Santa Rita do Araguaia,8756,0,1197,,0,8,,0.6683375104427736,13670.625856555504,91.36592051164915
1093,GO,Santa Rita do Novo Destino,3343,0,581,,0,11,,1.8932874354561102,17379.599162428956,329.0457672749028
1094,GO,Santa Rosa de Goiás,2319,0,1428,,0,9,,0.6302521008403361,61578.266494178526,388.098318240621
1095,GO,Santa Tereza de Goiás,3355,0,1296,,0,14,,1.0802469135802468,38628.91207153502,417.2876304023845
1096,GO,Santa Terezinha de Goiás,8744,0,3084,,0,39,,1.264591439688716,35269.89935956084,446.02012808783167
1097,GO,Santo Antônio da Barra,4821,0,864,,0,10,,1.1574074074074074,17921.5930304916,207.42584526031942
1098,GO,Santo Antônio de Goiás,6283,2,2981,,0,39,,1.3082858101308286,47445.48782428776,620.7225847525068
1099,GO,Santo Antônio do Descoberto,74744,7,7838,,0,130,,1.658586374075019,10486.46045167505,173.9270041742481
1100,GO,São Domingos,12949,0,546,,0,11,,2.0146520146520146,4216.541817900997,84.94864468298711
1101,GO,São Francisco de Goiás,6264,0,738,,0,19,,2.5745257452574526,11781.609195402298,303.3205619412516
1102,GO,São João d'Aliança,13740,0,1743,,0,30,,1.7211703958691909,12685.589519650655,218.34061135371178
1103,GO,São João da Paraúna,1381,0,854,,0,4,,0.468384074941452,61839.24692251991,289.6451846488052
1104,GO,São Luís de Montes Belos,33817,6,14787,,0,82,,0.5545411510110232,43726.52807759411,242.4815920986486
1105,GO,São Luiz do Norte,5167,0,1092,,0,22,,2.0146520146520146,21134.120379330365,425.7789820011612
1106,GO,São Miguel do Araguaia,21993,0,8006,,0,91,,1.136647514364227,36402.49170190516,413.76801709634884
1107,GO,São Miguel do Passa Quatro,4057,0,1711,,0,15,,0.8766803039158386,42174.020211979296,369.7313285679073
1108,GO,São Patrício,2036,0,616,,0,11,,1.7857142857142856,30255.40275049116,540.2750491159136
1109,GO,São Simão,20645,4,3869,,0,73,,1.8867924528301887,18740.615161055946,353.59651247275366
1110,GO,Senador Canedo,115371,11,45581,129.1485728649314,0,482,0.0,1.057458151422742,39508.19530037878,417.782631683872
1111,GO,Serranópolis,8544,0,2573,,0,18,,0.6995724834823164,30114.700374531832,210.67415730337078
1112,GO,Silvânia,20695,6,6960,,0,40,,0.5747126436781609,33631.31191108964,193.28340178787147
1113,GO,Simolândia,6856,0,978,,0,7,,0.7157464212678937,14264.877479579929,102.10035005834305
1114,GO,Sítio d'Abadia,2989,0,274,,0,2,,0.7299270072992701,9166.945466711275,66.91201070592172
1115,GO,Taquaral de Goiás,3529,0,1060,,0,13,,1.2264150943396228,30036.837631056955,368.37631056956644
1116,GO,Teresina de Goiás,3458,0,418,,0,1,,0.23923444976076555,12087.912087912087,28.918449971081547
1117,GO,Terezópolis de Goiás,8043,0,1832,,0,29,,1.5829694323144103,22777.570558249412,360.56197936093497
1118,GO,Três Ranchos,2833,0,1088,,0,15,,1.3786764705882353,38404.51817860925,529.4740557712672
1119,GO,Trindade,127599,11,39125,148.1202830743188,0,625,0.0,1.5974440894568689,30662.466006786886,489.81575090713875
1120,GO,Trombas,3500,0,725,,0,8,,1.103448275862069,20714.285714285717,228.57142857142858
1121,GO,Turvânia,4598,21,2509,,0,30,,1.1956954962136308,54567.203131796436,652.4575902566332
1122,GO,Turvelândia,5281,1,1339,,0,17,,1.2696041822255415,25355.046392728647,321.9087294073092
1123,GO,Uirapuru,2854,0,706,,0,10,,1.41643059490085,24737.210932025228,350.38542396636296
1124,GO,Uruaçu,40532,0,14220,,0,175,,1.230661040787623,35083.39090101648,431.7576236060397
1125,GO,Uruana,13843,0,4903,,0,53,,1.0809708341831532,35418.62313082424,382.86498591345804
1126,GO,Urutaí,3072,0,1230,,0,8,,0.6504065040650406,40039.0625,260.41666666666663
1127,GO,Valparaíso de Goiás,168468,17,37626,192.9149749507325,0,458,1.780753614929838,1.2172433955243713,22334.21183845003,271.8617185459553
1128,GO,Varjão,3827,1,1255,,0,18,,1.4342629482071714,32793.310687222365,470.34230467729293
1129,GO,Vianópolis,13863,1,5166,,0,48,,0.9291521486643438,37264.66132871673,346.24540142826226
1130,GO,Vicentinópolis,8743,1,1932,,0,25,,1.2939958592132506,22097.67814251401,285.94304014640284
1131,GO,Vila Boa,6171,0,754,,0,4,,0.5305039787798408,12218.441095446444,64.81931615621455
1132,GO,Vila Propício,5821,0,1167,,0,10,,0.8568980291345331,20048.101700738705,171.79178835251676
1133,MA,,0,0,0,,0,0,,,,
1134,MA,Açailândia,112445,0,6976,0.0,0,297,0.0,4.257454128440367,6203.921917381831,264.1291297967896
1135,MA,Afonso Cunha,6524,0,461,,0,2,,0.43383947939262474,7066.217044757818,30.656039239730227
1136,MA,Água Doce do Maranhão,12571,0,1045,,0,10,,0.9569377990430622,8312.783390342853,79.54816641476414
1137,MA,Alcântara,22097,0,337,,0,21,,6.231454005934718,1525.0939041498846,95.03552518441417
1138,MA,Aldeias Altas,26532,0,1189,,0,14,,1.1774600504625736,4481.380973918287,52.76647067691844
1139,MA,Altamira do Maranhão,8128,0,556,,0,15,,2.697841726618705,6840.5511811023625,184.54724409448818
1140,MA,Alto Alegre do Maranhão,27053,0,2248,,0,28,,1.2455516014234875,8309.614460503457,103.5005359849185
1141,MA,Alto Alegre do Pindaré,31919,0,3061,,0,55,,1.796798431885005,9589.899432939628,172.31116263040823
1142,MA,Alto Parnaíba,11190,0,1021,,0,11,,1.0773751224289911,9124.218051831993,98.30205540661305
1143,MA,Amapá do Maranhão,6962,0,172,,0,4,,2.3255813953488373,2470.554438379776,57.454754380925024
1144,MA,Amarante do Maranhão,41435,0,2541,,0,65,,2.558048012593467,6132.4966815494145,156.87220948473512
1145,MA,Anajatuba,26803,0,1615,,0,29,,1.7956656346749225,6025.4449128828865,108.19684363690632
1146,MA,Anapurus,15732,0,832,,0,15,,1.8028846153846152,5288.5837782862955,95.34706331045004
1147,MA,Apicum-Açu,17239,0,786,,0,12,,1.5267175572519083,4559.42920122977,69.60960612564534
1148,MA,Araguanã,15426,0,878,,0,5,,0.5694760820045558,5691.689355633346,32.41280954233113
1149,MA,Araioses,46440,0,687,,0,15,,2.1834061135371177,1479.328165374677,32.299741602067186
1150,MA,Arame,32701,0,1708,,0,42,,2.459016393442623,5223.081862939971,128.43643925262225
1151,MA,Arari,29848,0,1507,,0,35,,2.3224950232249504,5048.914500134012,117.26078799249532
1152,MA,Axixá,12130,0,192,,0,7,,3.6458333333333335,1582.8524319868097,57.70816158285243
1153,MA,Bacabal,104949,0,11474,3.811375048833243,0,239,0.0,2.0829701934809135,10932.929327578157,227.72965916778628
1154,MA,Bacabeira,17055,0,767,,0,10,,1.303780964797914,4497.214892993257,58.63383172090296
1155,MA,Bacuri,18582,0,1117,,0,4,,0.35810205908683973,6011.193628242385,21.52620815843289
1156,MA,Bacurituba,5644,0,122,,0,1,,0.819672131147541,2161.587526576896,17.71793054571226
1157,MA,Balsas,94887,0,17488,,0,251,,1.435269899359561,18430.343461169603,264.52517204675036
1158,MA,Barão de Grajaú,18820,0,503,,0,6,,1.1928429423459244,2672.6886291179594,31.88097768331562
1159,MA,Barra do Corda,88212,0,5881,,0,83,,1.4113246046590715,6666.893393189135,94.09150682446833
1160,MA,Barreirinhas,62528,0,3002,,0,46,,1.5323117921385743,4801.049129989764,73.56704196519959
1161,MA,Bela Vista do Maranhão,11209,0,429,,0,19,,4.428904428904429,3827.2816486751717,169.50664644482111
1162,MA,Belágua,7469,0,451,,0,4,,0.8869179600886918,6038.291605301914,53.55469272995046
1163,MA,Benedito Leite,5632,0,412,,0,2,,0.48543689320388345,7315.340909090909,35.51136363636364
1164,MA,Bequimão,21280,0,1406,,0,29,,2.062588904694168,6607.142857142857,136.27819548872182
1165,MA,Bernardo do Mearim,6043,0,629,,0,7,,1.1128775834658187,10408.737382094985,115.836505047162
1166,MA,Boa Vista do Gurupi,9287,0,16,,0,5,,31.25,172.28383762248305,53.838699257025944
1167,MA,Bom Jardim,41630,0,2235,,0,58,,2.5950782997762865,5368.724477540236,139.32260389142445
1168,MA,Bom Jesus das Selvas,34028,0,4537,,0,44,,0.969803835133348,13333.137416245445,129.30527800634772
1169,MA,Bom Lugar,16294,0,663,,0,7,,1.0558069381598794,4068.982447526697,42.960598993494536
1170,MA,Brejo,36397,0,1087,,0,20,,1.8399264029438822,2986.50987718768,54.94958375690304
1171,MA,Brejo de Areia,9188,0,485,,0,11,,2.268041237113402,5278.624292555507,119.7213757074445
1172,MA,Buriti,28678,0,1169,,0,9,,0.7698887938408896,4076.2954180905226,31.38294162772857
1173,MA,Buriti Bravo,23884,0,2499,,0,22,,0.8803521408563426,10463.071512309496,92.11187405794674
1174,MA,Buriticupu,72358,0,4835,,0,83,,1.7166494312306102,6682.053124740872,114.70742696039139
1175,MA,Buritirana,15430,0,451,,0,27,,5.986696230598669,2922.8775113415427,174.9837977965003
1176,MA,Cachoeira Grande,9431,0,491,,0,8,,1.6293279022403258,5206.234757713922,84.82663556356697
1177,MA,Cajapió,11177,0,484,,0,7,,1.4462809917355373,4330.321195311801,62.62861232888969
1178,MA,Cajari,19379,0,547,,0,8,,1.4625228519195612,2822.643067237732,41.28179988647505
1179,MA,Campestre do Maranhão,14374,0,1727,,0,48,,2.779386218876665,12014.748852094059,333.93627382774457
1180,MA,Cândido Mendes,20178,0,114,,0,8,,7.017543859649122,564.9717514124294,39.64714044999504
1181,MA,Cantanhede,21995,0,1395,,0,13,,0.9318996415770611,6342.350534212321,59.104341895885426
1182,MA,Capinzal do Norte,10934,0,645,,0,9,,1.3953488372093024,5899.030546917871,82.31205414304006
1183,MA,Carolina,24322,0,1431,,0,28,,1.9566736547868624,5883.562207055341,115.12211166844833
1184,MA,Carutapera,23807,0,1196,,0,38,,3.177257525083612,5023.732515646659,159.6169193934557
1185,MA,Caxias,164880,17,19805,139.4953905870937,0,372,0.0,1.8783135571825298,12011.766132945171,225.61863173216884
1186,MA,Cedral,10675,0,264,,0,5,,1.893939393939394,2473.0679156908664,46.8384074941452
1187,MA,Central do Maranhão,8673,0,45,,0,2,,4.444444444444445,518.8516084399862,23.060071486221606
1188,MA,Centro do Guilherme,13458,0,509,,0,5,,0.9823182711198428,3782.1370188735327,37.15262297518205
1189,MA,Centro Novo do Maranhão,21622,0,1177,,0,14,,1.1894647408666101,5443.52973822958,64.74886689482935
1190,MA,Chapadinha,79675,0,9621,,0,135,,1.4031805425631432,12075.305930342014,169.43834326953248
1191,MA,Cidelândia,14697,0,851,,0,8,,0.9400705052878966,5790.297339593115,54.43287745798462
1192,MA,Codó,122859,0,4914,1.62788236922,0,235,0.0,4.782254782254782,3999.7069811735405,191.27617838335004
1193,MA,Coelho Neto,49435,0,2287,,0,52,,2.2737210319195453,4626.276929301102,105.18863153636089
1194,MA,Colinas,41178,0,3940,,0,57,,1.4467005076142132,9568.216037690028,138.4234299868862
1195,MA,Conceição do Lago-Açu,16237,0,355,,0,12,,3.3802816901408446,2186.364476196342,73.90527806860874
1196,MA,Coroatá,65296,0,4191,,0,103,,2.4576473395371035,6418.463611859838,157.7432001960304
1197,MA,Cururupu,32695,0,2908,,0,31,,1.0660247592847318,8894.32634959474,94.8157210582658
1198,MA,Davinópolis,12908,0,858,,0,33,,3.8461538461538463,6647.040594979857,255.65540749922528
1199,MA,Dom Pedro,23350,0,2331,,0,41,,1.758901758901759,9982.869379014988,175.58886509635974
1200,MA,Duque Bacelar,11349,0,895,,0,19,,2.1229050279329607,7886.157370693453,167.4156313331571
1201,MA,Esperantinópolis,17241,0,1184,,0,32,,2.7027027027027026,6867.3510817237975,185.60408328983237
1202,MA,Estreito,41946,0,3940,,0,87,,2.2081218274111674,9393.029132694417,207.4095265341153
1203,MA,Feira Nova do Maranhão,8504,0,1610,,0,10,,0.6211180124223602,18932.267168391347,117.59172154280337
1204,MA,Fernando Falcão,10360,0,863,,0,4,,0.4634994206257242,8330.11583011583,38.61003861003861
1205,MA,Formosa da Serra Negra,19089,0,1838,,0,10,,0.544069640914037,9628.58190580963,52.386191000052385
1206,MA,Fortaleza dos Nogueiras,12631,0,1876,,0,29,,1.5458422174840085,14852.3473992558,229.5938563850843
1207,MA,Fortuna,15552,0,1596,,0,7,,0.43859649122807015,10262.345679012345,45.010288065843625
1208,MA,Godofredo Viana,11819,0,351,,0,6,,1.7094017094017095,2969.7943988493103,50.76571621964633
1209,MA,Gonçalves Dias,17934,0,1627,,0,30,,1.843884449907806,9072.153451544553,167.28002676480426
1210,MA,Governador Archer,10840,0,715,,0,7,,0.9790209790209791,6595.940959409593,64.57564575645756
1211,MA,Governador Edison Lobão,18296,0,1097,,0,34,,3.099361896080219,5995.846086576301,185.83296895496284
1212,MA,Governador Eugênio Barros,16828,0,2342,,0,11,,0.4696840307429547,13917.280722605183,65.36724506774424
1213,MA,Governador Luiz Rocha,7807,0,493,,0,1,,0.2028397565922921,6314.845651338543,12.80901754835404
1214,MA,Governador Newton Bello,10180,0,976,,0,11,,1.1270491803278688,9587.426326129667,108.05500982318271
1215,MA,Governador Nunes Freire,25577,0,1365,,0,16,,1.1721611721611722,5336.826054658482,62.5562028384877
1216,MA,Graça Aranha,6262,0,124,,0,3,,2.4193548387096775,1980.1980198019803,47.90801660811242
1217,MA,Grajaú,69527,0,6343,,0,147,,2.3175153712754217,9123.074489047422,211.42865361658062
1218,MA,Guimarães,12030,0,510,,0,9,,1.7647058823529411,4239.401496259352,74.81296758104739
1219,MA,Humberto de Campos,28717,0,2047,,0,11,,0.537371763556424,7128.181913152488,38.30483685621757
1220,MA,Icatu,27113,0,678,,0,15,,2.2123893805309733,2500.645446833622,55.32401431047836
1221,MA,Igarapé do Meio,14177,0,1411,,0,31,,2.1970233876683203,9952.740354094662,218.66403329336248
1222,MA,Igarapé Grande,11320,0,1945,,0,16,,0.8226221079691516,17181.978798586573,141.34275618374556
1223,MA,Imperatriz,258682,1,30868,129.1160575532894,0,932,0.7731500452292777,3.0193080212517818,11932.797798068672,360.28792107684336
1224,MA,Itaipava do Grajaú,16057,0,1365,,0,13,,0.9523809523809524,8500.965311079279,80.96157439123124
1225,MA,Itapecuru Mirim,68203,0,3765,,0,92,,2.443559096945551,5520.285031450229,134.89142706332566
1226,MA,Itinga do Maranhão,26000,0,1652,,0,34,,2.0581113801452786,6353.846153846154,130.76923076923077
1227,MA,Jatobá,10153,0,92,,0,5,,5.434782608695652,906.1361174037231,49.24652811976756
1228,MA,Jenipapo dos Vieiras,16515,0,1446,,0,23,,1.590594744121715,8755.676657584016,139.2673327278232
1229,MA,João Lisboa,23632,0,1626,,0,62,,3.8130381303813037,6880.501015572106,262.35612728503725
1230,MA,Joselândia,16168,0,758,,0,5,,0.6596306068601583,4688.273132112816,30.925284512617512
1231,MA,Junco do Maranhão,3432,0,393,,0,2,,0.5089058524173028,11451.04895104895,58.27505827505828
1232,MA,Lago da Pedra,50266,0,3406,,0,86,,2.524955960070464,6775.951935702065,171.08980225201924
1233,MA,Lago do Junco,10840,0,922,,0,5,,0.5422993492407809,8505.535055350554,46.125461254612546
1234,MA,Lago dos Rodrigues,8873,0,659,,0,15,,2.2761760242792106,7427.025808632931,169.05218077313197
1235,MA,Lago Verde,16257,0,998,,0,25,,2.50501002004008,6138.894014885896,153.77991019253244
1236,MA,Lagoa do Mato,11250,0,2928,,0,20,,0.6830601092896175,26026.666666666664,177.7777777777778
1237,MA,Lagoa Grande do Maranhão,11394,0,493,,0,11,,2.231237322515213,4326.83868702826,96.54203967000176
1238,MA,Lajeado Novo,7550,0,645,,0,13,,2.0155038759689923,8543.046357615895,172.18543046357615
1239,MA,Lima Campos,11893,0,1209,,0,14,,1.1579818031430935,10165.643655932061,117.71630370806356
1240,MA,Loreto,12157,0,1504,,0,6,,0.39893617021276595,12371.473225302294,49.354281483918726
1241,MA,Luís Domingues,6951,0,819,,0,2,,0.2442002442002442,11782.47734138973,28.772838440512157
1242,MA,Magalhães de Almeida,19826,0,805,,0,8,,0.9937888198757764,4060.324825986079,40.35105417129022
1243,MA,Maracaçumé,21395,0,544,,0,9,,1.6544117647058825,2542.6501519046506,42.06590324842253
1244,MA,Marajá do Sena,7792,0,315,,0,7,,2.2222222222222223,4042.6078028747434,89.83572895277207
1245,MA,Maranhãozinho,16265,0,740,,0,9,,1.2162162162162162,4549.646480172149,55.333538272363974
1246,MA,Mata Roma,16829,0,652,,0,11,,1.687116564417178,3874.264662190267,65.3633608651732
1247,MA,Matinha,23370,0,392,,0,13,,3.316326530612245,1677.364142062473,55.62687205819427
1248,MA,Matões,33782,0,1043,,0,14,,1.342281879194631,3087.443016991297,41.44218814753419
1249,MA,Matões do Norte,16745,0,242,,0,6,,2.479338842975207,1445.2075246342192,35.83159151985667
1250,MA,Milagres do Maranhão,8464,0,239,,0,0,,0.0,2823.724007561437,0.0
1251,MA,Mirador,21015,0,895,,0,9,,1.005586592178771,4258.862717106828,42.82655246252676
1252,MA,Miranda do Norte,28381,0,1462,,0,33,,2.2571819425444595,5151.333638701949,116.27497269299884
1253,MA,Mirinzal,14962,0,296,,0,16,,5.405405405405405,1978.3451410239275,106.93757519048255
1254,MA,Monção,33434,0,2879,,0,47,,1.6325112886418895,8610.994795716935,140.5754621044446
1255,MA,Montes Altos,9160,0,1317,,0,16,,1.2148823082763858,14377.729257641922,174.67248908296943
1256,MA,Morros,19433,0,579,,0,17,,2.936096718480138,2979.467915401636,87.48005969227603
1257,MA,Nina Rodrigues,14454,0,1200,,0,20,,1.6666666666666667,8302.200083022,138.37000138370001
1258,MA,Nova Colinas,5384,0,597,,0,6,,1.0050251256281406,11088.410104011886,111.4413075780089
1259,MA,Nova Iorque,4683,0,417,,0,7,,1.6786570743405276,8904.548366431774,149.47683109118088
1260,MA,Nova Olinda do Maranhão,20928,0,542,,0,14,,2.5830258302583027,2589.8318042813453,66.8960244648318
1261,MA,Olho d'Água das Cunhãs,19505,0,1322,,0,30,,2.26928895612708,6777.74929505255,153.8067162266086
1262,MA,Olinda Nova do Maranhão,14701,0,1113,,0,12,,1.078167115902965,7570.913543296375,81.62710019726549
1263,MA,Paço do Lumiar,122197,0,3535,0.0,0,209,0.0,5.912305516265913,2892.869710385689,171.03529546551877
1264,MA,Palmeirândia,19722,0,384,,0,18,,4.6875,1947.0641922725888,91.26863401277761
1265,MA,Paraibano,21386,0,1267,,0,39,,3.0781373322809786,5924.436547273917,182.3622930889367
1266,MA,Parnarama,34907,0,2187,,0,26,,1.188843164151806,6265.219010513651,74.48362792563096
1267,MA,Passagem Franca,19019,0,1322,,0,31,,2.344931921331316,6950.943793049057,162.99489983700508
1268,MA,Pastos Bons,19472,0,848,,0,22,,2.5943396226415096,4354.971240755957,112.98274445357437
1269,MA,Paulino Neves,16035,0,742,,0,6,,0.8086253369272237,4627.377611474898,37.418147801683816
1270,MA,Paulo Ramos,21040,0,1445,,0,37,,2.5605536332179932,6867.870722433459,175.85551330798478
1271,MA,Pedreiras,39229,0,6905,,0,93,,1.3468501086169442,17601.774197659895,237.06951489969154
1272,MA,Pedro do Rosário,25144,0,114,,0,9,,7.894736842105263,453.3884823417118,35.793827553293035
1273,MA,Penalva,38470,0,606,,0,14,,2.31023102310231,1575.2534442422666,36.3919937613725
1274,MA,Peri Mirim,14318,0,307,,0,7,,2.2801302931596092,2144.1542114820504,48.889509708059784
1275,MA,Peritoró,23196,0,1294,,0,12,,0.9273570324574961,5578.548025521642,51.73305742369374
1276,MA,Pindaré-Mirim,32941,0,2823,,0,33,,1.1689691817215728,8569.867338575028,100.17910810236485
1277,MA,Pinheiro,83387,0,5412,,0,126,,2.328159645232816,6490.220298128005,151.1026898677252
1278,MA,Pio XII,21485,0,2939,,0,32,,1.0888057162300102,13679.311147312079,148.9411217128229
1279,MA,Pirapemas,18625,0,752,,0,13,,1.7287234042553192,4037.5838926174497,69.79865771812081
1280,MA,Poção de Pedras,17873,0,2261,,0,23,,1.017249004865104,12650.366474570581,128.68572707435797
1281,MA,Porto Franco,23885,0,3264,,0,67,,2.0526960784313726,13665.480427046265,280.51078082478546
1282,MA,Porto Rico do Maranhão,5975,0,369,,0,8,,2.168021680216802,6175.7322175732215,133.89121338912136
1283,MA,Presidente Dutra,47804,0,2534,,0,21,,0.8287292817679558,5300.811647560873,43.92937829470337
1284,MA,Presidente Juscelino,12734,0,454,,0,1,,0.22026431718061676,3565.2583634364696,7.852991989948171
1285,MA,Presidente Médici,7015,1,451,,0,3,,0.6651884700665188,6429.080541696365,42.765502494654314
1286,MA,Presidente Sarney,18918,0,407,,0,15,,3.6855036855036856,2151.390210381647,79.2895654931811
1287,MA,Presidente Vargas,11193,0,865,,0,7,,0.8092485549132947,7728.044313410166,62.53908692933083
1288,MA,Primeira Cruz,15315,0,82,,0,2,,2.4390243902439024,535.4227881162259,13.05909239307868
1289,MA,Raposa,30761,0,2419,,0,49,,2.0256304257957836,7863.853580832873,159.29261077338188
1290,MA,Riachão,20195,0,2577,,0,37,,1.4357780364765231,12760.584303045309,183.21366674919534
1291,MA,Ribamar Fiquene,7791,0,869,,0,21,,2.4165707710011506,11153.89552047234,269.54177897574124
1292,MA,Rosário,42740,0,634,,0,28,,4.416403785488959,1483.387927000468,65.51240056153486
1293,MA,Sambaíba,5671,0,618,,0,4,,0.6472491909385114,10897.548933168753,70.53429730206312
1294,MA,Santa Filomena do Maranhão,7773,0,51,,0,1,,1.9607843137254901,656.1173292165187,12.865045670912131
1295,MA,Santa Helena,42130,0,3133,,0,29,,0.9256303862112991,7436.5060526940415,68.83455969617849
1296,MA,Santa Inês,89044,0,12532,,0,226,,1.803383338653048,14073.94097300211,253.80710659898475
1297,MA,Santa Luzia,72667,0,7613,,0,120,,1.5762511493497964,10476.557446984189,165.13685717037995
1298,MA,Santa Luzia do Paruá,25254,0,1569,,0,17,,1.0834926704907584,6212.87716797339,67.3160687415855
1299,MA,Santa Quitéria do Maranhão,25642,0,742,,0,20,,2.6954177897574128,2893.6900397784884,77.99703611262771
1300,MA,Santa Rita,37855,0,1346,,0,32,,2.37741456166419,3555.6729626205256,84.5330867784969
1301,MA,Santana do Maranhão,13386,0,213,,0,8,,3.755868544600939,1591.2147019273868,59.76393246675631
1302,MA,Santo Amaro do Maranhão,15846,0,474,,0,7,,1.4767932489451476,2991.2911775842485,44.17518616685599
1303,MA,Santo Antônio dos Lopes,14528,0,2277,,0,30,,1.3175230566534915,15673.18281938326,206.4977973568282
1304,MA,São Benedito do Rio Preto,18663,0,1634,,0,18,,1.101591187270502,8755.291217917806,96.44751647645073
1305,MA,São Bento,45211,0,924,,0,31,,3.354978354978355,2043.7504147220811,68.56738404370618
1306,MA,São Bernardo,28507,0,1478,,0,22,,1.4884979702300407,5184.691479285789,77.17402743185883
1307,MA,São Domingos do Azeitão,7392,0,545,,0,4,,0.7339449541284404,7372.835497835497,54.112554112554115
1308,MA,São Domingos do Maranhão,34376,0,4990,,0,23,,0.4609218436873747,14515.941354433326,66.90714451943217
1309,MA,São Félix de Balsas,4585,0,355,,0,2,,0.5633802816901409,7742.639040348964,43.62050163576881
1310,MA,São Francisco do Brejão,11798,0,888,,0,0,,0.0,7526.69944058315,0.0
1311,MA,São Francisco do Maranhão,12210,0,420,,0,23,,5.476190476190476,3439.8034398034397,188.37018837018837
1312,MA,São João Batista,20665,0,414,,0,19,,4.5893719806763285,2003.3873699491896,91.94289862085652
1313,MA,São João do Carú,15808,0,714,,0,9,,1.2605042016806722,4516.700404858299,56.9331983805668
1314,MA,São João do Paraíso,11177,0,1467,,0,18,,1.2269938650306749,13125.167755211594,161.04500313143063
1315,MA,São João do Soter,18543,0,1730,,0,6,,0.3468208092485549,9329.66618130831,32.35722375020223
1316,MA,São João dos Patos,25929,0,4007,,0,31,,0.7736461192912403,15453.739056654711,119.55725249720389
1317,MA,São José de Ribamar,177687,0,9877,39.95790350447697,0,384,0.5627873733024926,3.8878201883162906,5558.6508861087195,216.11035134815717
1318,MA,São José dos Basílios,7641,0,583,,0,5,,0.8576329331046313,7629.8913754744135,65.43646119617851
1319,MA,São Luís,1101884,13,80794,73.87347488483361,0,2768,0.09075365464967275,3.4259969799737604,7332.35077376566,251.20611607029414
1320,MA,São Luís Gonzaga do Maranhão,18856,0,1415,,0,26,,1.8374558303886925,7504.242681374629,137.88714467543488
1321,MA,São Mateus do Maranhão,41529,0,2370,,0,54,,2.278481012658228,5706.8554504081485,130.02961785740084
1322,MA,São Pedro da Água Branca,12690,0,609,,0,5,,0.8210180623973727,4799.054373522458,39.40110323089047
1323,MA,São Pedro dos Crentes,4668,0,762,,0,7,,0.9186351706036745,16323.907455012853,149.95715509854327
1324,MA,São Raimundo das Mangabeiras,18868,0,3248,,0,45,,1.3854679802955665,17214.33114267543,238.499046003816
1325,MA,São Raimundo do Doca Bezerra,5237,0,209,,0,3,,1.4354066985645932,3990.8344472025974,57.28470498376934
1326,MA,São Roberto,6719,0,837,,0,5,,0.5973715651135006,12457.210894478345,74.4158356898348
1327,MA,São Vicente Ferrer,22247,0,226,,0,9,,3.982300884955752,1015.867307951634,40.45489279453409
1328,MA,Satubinha,13914,0,383,,0,3,,0.7832898172323759,2752.623257151071,21.5610176800345
1329,MA,Senador Alexandre Costa,11141,0,465,,0,1,,0.21505376344086022,4173.772551835563,8.975854950184004
1330,MA,Senador La Rocque,14293,0,310,,0,27,,8.709677419354838,2168.893864129294,188.90365913384176
1331,MA,Serrano do Maranhão,10253,0,208,,0,5,,2.403846153846154,2028.6745342826491,48.76621476640983
1332,MA,Sítio Novo,18081,0,2368,,0,32,,1.3513513513513513,13096.620762125987,176.9813616503512
1333,MA,Sucupira do Norte,10636,0,267,,0,8,,2.9962546816479403,2510.342233922527,75.21624670928921
1334,MA,Sucupira do Riachão,5660,0,476,,0,4,,0.8403361344537815,8409.893992932863,70.67137809187278
1335,MA,Tasso Fragoso,8521,0,1140,,0,10,,0.8771929824561403,13378.711418847553,117.35711770918907
1336,MA,Timbiras,29124,0,1249,,0,24,,1.921537229783827,4288.559263837385,82.40626287597857
1337,MA,Timon,169107,0,6391,0.5913415766349116,0,371,0.0,5.805038335158817,3779.2640162737202,219.3877249315522
1338,MA,Trizidela do Vale,21998,0,2636,,0,39,,1.479514415781487,11982.907537048823,177.2888444404037
1339,MA,Tufilândia,5840,0,401,,0,5,,1.2468827930174564,6866.438356164384,85.61643835616438
1340,MA,Tuntum,41832,0,2815,,0,24,,0.8525754884547069,6729.298144960795,57.37234652897303
1341,MA,Turiaçu,35604,0,323,,0,6,,1.8575851393188854,907.2014380406696,16.852039096730707
1342,MA,Turilândia,25619,0,933,,0,13,,1.3933547695605575,3641.8283305359305,50.743588742730005
1343,MA,Tutóia,58860,0,1775,,0,55,,3.0985915492957745,3015.630309208291,93.44206591913014
1344,MA,Urbano Santos,33122,0,1876,,0,40,,2.1321961620469083,5663.909184228005,120.76565424793189
1345,MA,Vargem Grande,56510,0,2803,,0,36,,1.2843382090617197,4960.184038223323,63.705538842682714
1346,MA,Viana,52441,0,1430,,0,43,,3.006993006993007,2726.8740107930817,81.9969108140577
1347,MA,Vila Nova dos Martírios,13392,0,1029,,0,7,,0.6802721088435374,7683.691756272401,52.2700119474313
1348,MA,Vitória do Mearim,32764,0,3219,,0,41,,1.2736874805840324,9824.807715785619,125.13734586741545
1349,MA,Vitorino Freire,31523,0,2781,,0,63,,2.26537216828479,8822.129873425753,199.85407480252516
1350,MA,Zé Doca,51714,0,6204,,0,76,,1.2250161186331399,11996.751363267202,146.96213791236414
1351,MG,,0,0,0,,0,0,,,,
1352,MG,Abadia dos Dourados,6989,0,2021,,0,21,,1.0390895596239487,28916.869366146802,300.47217055372727
1353,MG,Abaeté,23237,0,4381,,0,53,,1.2097694590276193,18853.552523991908,228.08452037698495
1354,MG,Abre Campo,13454,0,2146,,0,19,,0.8853681267474371,15950.646647837075,141.22194143005797
1355,MG,Acaiaca,3994,0,307,,0,12,,3.908794788273615,7686.529794692037,300.45067601402104
1356,MG,Açucena,9470,0,1016,,0,39,,3.8385826771653546,10728.616684266104,411.8268215417107
1357,MG,Água Boa,13735,0,1230,,0,18,,1.4634146341463417,8955.223880597014,131.05205678922462
1358,MG,Água Comprida,1999,0,628,,0,9,,1.4331210191082804,31415.70785392696,450.22511255627813
1359,MG,Aguanil,4486,0,1582,,0,9,,0.5689001264222503,35265.2697280428,200.62416406598305
1360,MG,Águas Formosas,19207,0,1829,,0,39,,2.1323127392017494,9522.56989639194,203.0509710001562
1361,MG,Águas Vermelhas,13539,0,591,,0,14,,2.3688663282571913,4365.167294482606,103.40497821109388
1362,MG,Aimorés,25167,1,4231,,0,102,,2.410777593949421,16811.697858306514,405.29264513052806
1363,MG,Aiuruoca,6003,0,1350,,0,16,,1.1851851851851851,22488.755622188906,266.53339996668336
1364,MG,Alagoa,2674,0,748,,0,9,,1.2032085561497325,27973.074046372476,336.57442034405386
1365,MG,Albertina,3007,0,1032,,0,14,,1.3565891472868217,34319.92018623212,465.58031260392414
1366,MG,Além Paraíba,35362,9,9273,,0,179,,1.9303353822926779,26223.064306317516,506.1930886262089
1367,MG,Alfenas,79996,4,26277,,0,266,,1.0122921185827911,32847.89239461973,332.5166258312916
1368,MG,Alfredo Vasconcelos,6907,0,1815,,0,19,,1.046831955922865,26277.689300709422,275.0832488779499
1369,MG,Almenara,41896,0,7704,,0,71,,0.9215991692627207,18388.390299789957,169.46725224365093
1370,MG,Alpercata,7424,0,615,,0,28,,4.5528455284552845,8283.943965517241,377.15517241379314
1371,MG,Alpinópolis,19853,0,5067,,0,54,,1.0657193605683837,25522.591044174686,271.999194076462
1372,MG,Alterosa,14466,3,2353,,0,50,,2.124946876328092,16265.726531176553,345.6380478363058
1373,MG,Alto Caparaó,5847,0,738,,0,10,,1.3550135501355014,12621.857362750128,171.02787754403968
1374,MG,Alto Jequitibá,8317,0,1541,,0,16,,1.0382868267358858,18528.315498376818,192.37705903571
1375,MG,Alto Rio Doce,11000,0,1332,,0,34,,2.5525525525525525,12109.09090909091,309.09090909090907
1376,MG,Alvarenga,3907,0,810,,0,8,,0.9876543209876543,20732.019452265165,204.76068594829792
1377,MG,Alvinópolis,15203,0,2795,,0,27,,0.9660107334525939,18384.529369203447,177.59652700124977
1378,MG,Alvorada de Minas,3606,0,611,,0,4,,0.6546644844517185,16943.98225180255,110.92623405435387
1379,MG,Amparo do Serra,4713,0,461,,0,13,,2.8199566160520604,9781.45554848292,275.8328028856355
1380,MG,Andradas,41077,1,9743,,0,151,,1.5498306476444628,23718.869440319402,367.6023078608467
1381,MG,Andrelândia,12224,0,316,,0,25,,7.9113924050632916,2585.0785340314137,204.5157068062827
1382,MG,Angelândia,8520,0,650,,0,4,,0.6153846153846154,7629.107981220658,46.948356807511736
1383,MG,Antônio Carlos,11445,0,2523,,0,25,,0.9908838684106223,22044.56094364351,218.435998252512
1384,MG,Antônio Dias,9318,0,989,,0,30,,3.0333670374115265,10613.865636402661,321.95750160978747
1385,MG,Antônio Prado de Minas,1598,0,496,,0,6,,1.2096774193548387,31038.798498122655,375.4693366708385
1386,MG,Araçaí,2347,0,430,,0,2,,0.46511627906976744,18321.26118449084,85.21516829995738
1387,MG,Aracitaba,2063,0,128,,0,12,,9.375,6204.5564711585075,581.67716917111
1388,MG,Araçuaí,36708,0,4573,,0,63,,1.3776514323201399,12457.774871962516,171.62471395881005
1389,MG,Araguari,117267,0,36957,441.7269990704972,0,555,0.8527548244604193,1.5017452715317803,31515.26004758372,473.27892757553275
1390,MG,Arantina,2795,0,703,,0,7,,0.995732574679943,25152.0572450805,250.44722719141325
1391,MG,Araponga,8439,0,990,,0,16,,1.6161616161616161,11731.24777817277,189.59592368764072
1392,MG,Araporã,6869,0,3011,,0,46,,1.5277316506144138,43834.61930411996,669.6753530353764
1393,MG,Arapuá,2834,0,467,,0,3,,0.6423982869379015,16478.47565278758,105.85744530698659
1394,MG,Araújos,9273,0,1101,,0,15,,1.3623978201634876,11873.180200582336,161.75994823681654
1395,MG,Araxá,106229,4,43642,429.2613128241817,1,334,2.824087584369617,0.7653178131158058,41082.943452352934,314.4150843931506
1396,MG,Arceburgo,10772,0,2850,,0,37,,1.2982456140350878,26457.482361678423,343.4831043445971
1397,MG,Arcos,40092,0,12823,,0,182,,1.4193246510177024,31983.936945026435,453.9559014267186
1398,MG,Areado,15070,0,4151,,0,39,,0.9395326427366899,27544.790975447908,258.792302587923
1399,MG,Argirita,2727,0,833,,0,16,,1.9207683073229291,30546.387972130546,586.7253392005867
1400,MG,Aricanduva,5231,0,480,,0,0,,0.0,9176.065761804626,0.0
1401,MG,Arinos,17875,0,3820,,0,34,,0.8900523560209425,21370.629370629373,190.2097902097902
1402,MG,Astolfo Dutra,14179,0,2567,,0,38,,1.4803272302298403,18104.2386628112,268.0019747513929
1403,MG,Ataléia,12868,0,1542,,0,14,,0.9079118028534372,11983.214174696923,108.79701585327945
1404,MG,Augusto de Lima,4869,0,348,,0,12,,3.4482758620689653,7147.258163894023,246.45717806531115
1405,MG,Baependi,19148,0,4066,,0,39,,0.9591736350221348,21234.593691247126,203.67662419051598
1406,MG,Baldim,7826,0,988,,0,28,,2.834008097165992,12624.584717607973,357.78175313059035
1407,MG,Bambuí,23829,1,6529,,0,69,,1.0568234032776842,27399.387301187628,289.5631373536447
1408,MG,Bandeira,4795,0,763,,0,12,,1.5727391874180863,15912.40875912409,250.26068821689262
1409,MG,Bandeira do Sul,5746,0,1564,,0,20,,1.278772378516624,27218.934911242603,348.0682213713888
1410,MG,Barão de Cocais,32485,0,8468,,0,86,,1.0155880963627775,26067.415730337078,264.73757118670153
1411,MG,Barão de Monte Alto,5397,0,472,,0,16,,3.389830508474576,8745.599407078005,296.4609968501019
1412,MG,Barbacena,137313,1,21654,153.6635278524247,0,387,0.7282631651773686,1.7871986699916873,15769.810578750737,281.8378449236416
1413,MG,Barra Longa,5131,0,719,,0,14,,1.9471488178025034,14012.86298967063,272.8512960436562
1414,MG,Barroso,20810,0,6297,,0,79,,1.2545656661902493,30259.49062950505,379.625180201826
1415,MG,Bela Vista de Minas,10255,0,1394,,0,29,,2.080344332855093,13593.369088249636,282.78888347147733
1416,MG,Belmiro Braga,3429,0,1110,,0,7,,0.6306306306306306,32370.95363079615,204.1411490230388
1417,MG,Belo Horizonte,2512070,75,502303,113.4522525248102,1,8733,1.870966971461782,1.738592045040543,19995.581333322716,347.6415864207606
1418,MG,Belo Oriente,26700,0,3757,,0,86,,2.2890604205483096,14071.161048689137,322.09737827715355
1419,MG,Belo Vale,7715,0,1836,,0,23,,1.252723311546841,23797.796500324046,298.1205443940376
1420,MG,Berilo,11932,3,650,,0,3,,0.46153846153846156,5447.536037546095,25.14247401944351
1421,MG,Berizal,4735,0,445,,0,3,,0.6741573033707865,9398.099260823654,63.35797254487857
1422,MG,Bertópolis,4604,1,963,,0,7,,0.726895119418484,20916.59426585578,152.04170286707213
1423,MG,Betim,439340,0,56846,15.70537624618746,0,1495,0.2276141484954705,2.629912394891461,12938.953885373514,340.28315200072836
1424,MG,Bias Fortes,3379,0,667,,0,4,,0.5997001499250375,19739.567919502813,118.37821840781297
1425,MG,Bicas,14494,0,4399,,0,57,,1.2957490338713344,30350.48985787222,393.26617910859665
1426,MG,Biquinhas,2515,0,431,,0,4,,0.9280742459396751,17137.17693836978,159.04572564612326
1427,MG,Boa Esperança,40127,0,10436,,0,173,,1.657723265619011,26007.426421112967,431.13115857153537
1428,MG,Bocaina de Minas,5090,0,981,,0,7,,0.7135575942915392,19273.084479371315,137.524557956778
1429,MG,Bocaiúva,49979,0,5188,,0,86,,1.6576715497301466,10380.359751095459,172.0722703535485
1430,MG,Bom Despacho,50605,2,14080,,0,144,,1.0227272727272727,27823.337614860193,284.55686197016104
1431,MG,Bom Jardim de Minas,6474,0,1613,,0,9,,0.5579665220086795,24915.044794562866,139.01760889712696
1432,MG,Bom Jesus da Penha,4217,0,1422,,0,21,,1.4767932489451476,33720.65449371591,497.98434906331516
1433,MG,Bom Jesus do Amparo,6083,0,657,,0,10,,1.5220700152207,10800.591813250041,164.3925694558606
1434,MG,Bom Jesus do Galho,14935,0,1092,,0,42,,3.8461538461538463,7311.683963843321,281.2186139939739
1435,MG,Bom Repouso,10547,0,2917,,0,35,,1.1998628728145355,27657.15369299327,331.8479188394804
1436,MG,Bom Sucesso,17603,0,2722,,0,41,,1.5062454077883909,15463.27330568653,232.91484406067147
1437,MG,Bonfim,6868,0,1125,,0,21,,1.866666666666667,16380.31450203844,305.7658707047175
1438,MG,Bonfinópolis de Minas,5493,0,1345,,0,16,,1.1895910780669146,24485.709084289094,291.27981066812305
1439,MG,Bonito de Minas,11230,0,382,,0,8,,2.094240837696335,3401.6028495102405,71.23775601068567
1440,MG,Borda da Mata,19412,0,6647,,0,67,,1.0079735218895742,34241.706161137445,345.1473315474964
1441,MG,Botelhos,14971,0,4367,,0,40,,0.9159606136936113,29169.72814107274,267.1832208937279
1442,MG,Botumirim,6319,0,1027,,0,5,,0.4868549172346641,16252.571609431874,79.12644405760405
1443,MG,Brás Pires,4333,0,742,,0,13,,1.7520215633423182,17124.394184168013,300.0230786983614
1444,MG,Brasilândia de Minas,16538,0,3763,,0,33,,0.8769598724422003,22753.658241625348,199.54045229169185
1445,MG,Brasília de Minas,32347,0,2265,,0,21,,0.9271523178807948,7002.1949485269115,64.92101276779918
1446,MG,Braúnas,4801,0,522,,0,12,,2.2988505747126435,10872.734846906893,249.94792751510101
1447,MG,Brazópolis,14459,0,2230,,0,41,,1.8385650224215246,15422.9199806349,283.5604122000138
1448,MG,Brumadinho,40103,0,9107,,0,120,,1.3176677281212255,22709.024262524,299.2294840784978
1449,MG,Bueno Brandão,11001,0,3132,,0,49,,1.5644955300127712,28470.13907826561,445.41405326788475
1450,MG,Buenópolis,10365,0,1125,,0,23,,2.0444444444444447,10853.83502170767,221.9006271104679
1451,MG,Bugre,3982,0,401,,0,14,,3.4912718204488775,10070.316423907583,351.5821195379206
1452,MG,Buritis,24841,0,7251,,0,65,,0.8964280788856709,29189.64614951089,261.6641842115857
1453,MG,Buritizeiro,28056,0,4441,,0,44,,0.990767845079937,15829.056173367551,156.8291987453664
1454,MG,Cabeceira Grande,6949,0,1888,,0,11,,0.5826271186440678,27169.37688876097,158.29615772053532
1455,MG,Cabo Verde,14075,0,2849,,0,24,,0.8424008424008425,20241.563055062168,170.5150976909414
1456,MG,Cachoeira da Prata,3603,1,320,,0,17,,5.3125,8881.48764918124,471.82903136275326
1457,MG,Cachoeira de Minas,11547,0,2732,,0,21,,0.7686676427525623,23659.825062786873,181.86541958950377
1458,MG,Cachoeira de Pajeú,9412,0,700,,0,11,,1.5714285714285716,7437.314067148321,116.87207819804505
1459,MG,Cachoeira Dourada,2692,0,643,,0,3,,0.46656298600311047,23885.58692421991,111.4413075780089
1460,MG,Caetanópolis,11624,0,1976,,0,26,,1.3157894736842104,16999.3117687543,223.6751548520303
1461,MG,Caeté,44718,1,3704,,0,91,,2.456803455723542,8283.0180240619,203.4974730533566
1462,MG,Caiana,5496,0,329,,0,7,,2.127659574468085,5986.171761280932,127.36535662299855
1463,MG,Cajuri,3987,0,817,,0,12,,1.4687882496940026,20491.597692500625,300.97817908201654
1464,MG,Caldas,14480,1,2822,,0,44,,1.559177888022679,19488.950276243093,303.8674033149171
1465,MG,Camacho,2901,0,422,,0,2,,0.47393364928909953,14546.708031713202,68.94174422612892
1466,MG,Camanducaia,21770,2,5998,,0,93,,1.5505168389463153,27551.67661920073,427.1933853927423
1467,MG,Cambuí,29551,18,9667,,0,69,,0.7137684907416986,32712.936956448175,233.49463639132347
1468,MG,Cambuquira,12814,0,2427,,0,43,,1.7717346518335393,18940.221632589353,335.5704697986577
1469,MG,Campanário,3721,0,410,,0,6,,1.4634146341463417,11018.543402311207,161.2469766191884
1470,MG,Campanha,16665,0,4444,,0,74,,1.6651665166516652,26666.666666666668,444.044404440444
1471,MG,Campestre,21055,1,6463,,0,54,,0.8355252978492961,30695.79672286868,256.47114699596295
1472,MG,Campina Verde,19745,0,4382,,0,55,,1.2551346417161113,22192.96024309952,278.5515320334262
1473,MG,Campo Azul,3817,0,661,,0,4,,0.6051437216338881,17317.264867697144,104.7943411055803
1474,MG,Campo Belo,54029,4,18966,,1,257,,1.3550564167457555,35103.37041218605,475.670473264358
1475,MG,Campo do Meio,11655,0,2791,,0,22,,0.7882479398065209,23946.803946803946,188.76018876018875
1476,MG,Campo Florido,8151,0,1975,,0,20,,1.0126582278481013,24230.155809103177,245.36866642129797
1477,MG,Campos Altos,15461,1,3156,,0,33,,1.0456273764258555,20412.651186857252,213.44026906409678
1478,MG,Campos Gerais,28774,0,6709,,0,56,,0.8346996571769264,23316.18822548134,194.62014318481963
1479,MG,Cana Verde,5603,0,760,,0,12,,1.5789473684210527,13564.162056041407,214.17097983223275
1480,MG,Canaã,4563,0,945,,0,5,,0.5291005291005291,20710.059171597633,109.57703265395574
1481,MG,Canápolis,12150,0,3098,,0,35,,1.129761136216914,25497.942386831273,288.0658436213992
1482,MG,Candeias,14886,0,2583,,0,40,,1.548586914440573,17351.87424425635,268.70885395673787
1483,MG,Cantagalo,4525,0,626,,0,8,,1.2779552715654952,13834.25414364641,176.79558011049724
1484,MG,Caparaó,5438,0,630,,0,7,,1.1111111111111112,11585.141596175064,128.72379551305627
1485,MG,Capela Nova,4653,0,548,,0,7,,1.2773722627737227,11777.347947560715,150.44057597249088
1486,MG,Capelinha,37784,0,6926,,0,37,,0.5342188853595149,18330.510268896887,97.92504763921238
1487,MG,Capetinga,6920,0,1948,,0,39,,2.002053388090349,28150.28901734104,563.5838150289018
1488,MG,Capim Branco,9754,0,1748,,0,23,,1.3157894736842104,17920.85298339143,235.80069714988724
1489,MG,Capinópolis,16173,2,5237,,0,69,,1.3175482146266948,32381.129042230878,426.6369875718791
1490,MG,Capitão Andrade,5468,0,1173,,0,29,,2.47229326513214,21452.084857351867,530.3584491587418
1491,MG,Capitão Enéas,15234,7,2597,,0,30,,1.1551790527531767,17047.393987134044,196.92792437967705
1492,MG,Capitólio,8632,0,3780,,0,45,,1.1904761904761905,43790.546802594996,521.3160333642261
1493,MG,Caputira,9298,0,1684,,0,23,,1.3657957244655583,18111.42181114218,247.36502473650248
1494,MG,Caraí,23685,0,1892,,0,23,,1.215644820295983,7988.1781718387165,97.10787418197171
1495,MG,Caranaíba,3183,0,362,,0,5,,1.3812154696132597,11372.91863022306,157.08451146716934
1496,MG,Carandaí,25501,0,4348,,0,62,,1.4259429622815087,17050.311752480295,243.12772048154974
1497,MG,Carangola,33000,0,6775,,0,140,,2.066420664206642,20530.30303030303,424.2424242424243
1498,MG,Caratinga,92062,1,14279,,0,334,,2.3390993767070523,15510.19964806326,362.7989832938672
1499,MG,Carbonita,9405,0,1566,,0,9,,0.5747126436781609,16650.71770334928,95.69377990430623
1500,MG,Careaçu,6757,0,1389,,0,18,,1.2958963282937366,20556.45996744117,266.39040994524197
1501,MG,Carlos Chagas,18837,0,3961,,0,40,,1.009845998485231,21027.764506025374,212.34803843499495
1502,MG,Carmésia,2632,0,352,,0,1,,0.2840909090909091,13373.86018237082,37.993920972644375
1503,MG,Carmo da Cachoeira,12170,0,2153,,0,25,,1.1611704598235022,17691.043549712405,205.42317173377157
1504,MG,Carmo da Mata,11476,0,1496,,0,14,,0.9358288770053476,13035.901010805159,121.99372603694668
1505,MG,Carmo de Minas,14859,0,1997,,0,31,,1.5523284927391086,13439.666195571706,208.62776768288578
1506,MG,Carmo do Cajuru,22478,0,1685,,0,66,,3.9169139465875373,7496.218524779785,293.6204288637779
1507,MG,Carmo do Paranaíba,30329,1,5828,,0,150,,2.5737817433081673,19215.931946322,494.5761482409575
1508,MG,Carmo do Rio Claro,21225,0,7073,,0,80,,1.1310617842499646,33323.910482921085,376.9140164899882
1509,MG,Carmópolis de Minas,19355,4,6128,,0,69,,1.1259791122715406,31661.06949108757,356.4970291914234
1510,MG,Carneirinho,10027,1,4217,,0,59,,1.3990988854635997,42056.44759150295,588.4112895183006
1511,MG,Carrancas,4047,0,1285,,0,10,,0.7782101167315175,31751.914998764518,247.09661477637758
1512,MG,Carvalhópolis,3579,0,1097,,0,10,,0.9115770282588878,30651.01983794356,279.4076557697681
1513,MG,Carvalhos,4478,0,683,,0,5,,0.7320644216691069,15252.344796784279,111.65698972755693
1514,MG,Casa Grande,2257,0,345,,0,4,,1.1594202898550725,15285.777580859547,177.22640673460344
1515,MG,Cascalho Rico,3075,7,808,,0,4,,0.49504950495049505,26276.422764227642,130.08130081300814
1516,MG,Cássia,17740,0,3691,,0,74,,2.0048767271742074,20806.08793686584,417.13641488162347
1517,MG,Cataguases,75123,3,18252,,0,303,,1.6600920447074292,24296.154306936623,403.3385248192963
1518,MG,Catas Altas,5376,0,915,,0,13,,1.4207650273224044,17020.089285714286,241.8154761904762
1519,MG,Catas Altas da Noruega,3641,0,449,,0,5,,1.1135857461024499,12331.776984344959,137.32491073880803
1520,MG,Catuji,6311,0,863,,0,10,,1.1587485515643106,13674.536523530345,158.4534938995405
1521,MG,Catuti,4986,0,574,,0,5,,0.8710801393728222,11512.234255916566,100.28078620136382
1522,MG,Caxambu,21656,0,4619,,0,72,,1.5587789564840875,21328.961950498706,332.4713705208718
1523,MG,Cedro do Abaeté,1164,0,232,,0,1,,0.43103448275862066,19931.27147766323,85.91065292096219
1524,MG,Central de Minas,7032,0,790,,0,40,,5.063291139240507,11234.357224118316,568.8282138794084
1525,MG,Centralina,10350,0,2203,,0,53,,2.4058102587380845,21285.024154589373,512.0772946859903
1526,MG,Chácara,3154,0,330,,0,13,,3.939393939393939,10462.90424857324,412.17501585288517
1527,MG,Chalé,5704,0,1639,,0,14,,0.8541793776693106,28734.22159887798,245.44179523141653
1528,MG,Chapada do Norte,15356,1,897,,0,3,,0.33444816053511706,5841.364938786142,19.53633758791352
1529,MG,Chapada Gaúcha,13680,0,2418,,0,23,,0.9511993382961125,17675.43859649123,168.12865497076024
1530,MG,Chiador,2687,0,638,,0,9,,1.4106583072100314,23743.952363230368,334.9460364719017
1531,MG,Cipotânea,6787,0,1044,,0,26,,2.490421455938697,15382.348607632237,383.0853101517607
1532,MG,Claraval,4843,0,1172,,0,4,,0.3412969283276451,24199.876109849265,82.59343382201115
1533,MG,Claro dos Poções,7551,1,1483,,0,12,,0.8091706001348618,19639.78281022381,158.91934843067142
1534,MG,Cláudio,28617,2,4575,,0,74,,1.6174863387978144,15987.000733829544,258.58755285319916
1535,MG,Coimbra,7556,0,1049,,0,14,,1.334604385128694,13883.00688194812,185.283218634198
1536,MG,Coluna,8873,0,1037,,0,12,,1.1571841851494697,11687.140764115857,135.24174461850558
1537,MG,Comendador Gomes,3111,0,659,,0,5,,0.7587253414264037,21182.8993892639,160.72002571520412
1538,MG,Comercinho,6929,0,604,,0,6,,0.9933774834437087,8716.986578149805,86.59258190215039
1539,MG,Conceição da Aparecida,10292,0,1732,,0,15,,0.8660508083140877,16828.60474154683,145.74426739214923
1540,MG,Conceição da Barra de Minas,3954,1,753,,0,8,,1.0624169986719787,19044.006069802734,202.32675771370765
1541,MG,Conceição das Alagoas,27893,0,6676,,0,158,,2.366686638705812,23934.320438819777,566.4503638905818
1542,MG,Conceição das Pedras,2812,0,451,,0,5,,1.1086474501108647,16038.406827880512,177.80938833570414
1543,MG,Conceição de Ipanema,4574,0,773,,0,5,,0.646830530401035,16899.86882378662,109.31351114997813
1544,MG,Conceição do Mato Dentro,17842,0,5002,,0,39,,0.7796881247501,28034.9736576617,218.585360385607
1545,MG,Conceição do Pará,5507,0,822,,0,12,,1.4598540145985401,14926.45723624478,217.9044852006537
1546,MG,Conceição do Rio Verde,13638,0,2627,,0,33,,1.2561857632280167,19262.35518404458,241.97096348438188
1547,MG,Conceição dos Ouros,11638,0,1928,,0,40,,2.0746887966804977,16566.420347138683,343.7016669530847
1548,MG,Cônego Marinho,7642,0,391,,0,4,,1.0230179028132993,5116.461659251505,52.34231876472127
1549,MG,Confins,6730,0,755,,0,20,,2.6490066225165565,11218.424962852898,297.17682020802374
1550,MG,Congonhal,11950,0,2991,,0,34,,1.1367435640254095,25029.28870292887,284.5188284518828
1551,MG,Congonhas,54762,4,13307,,0,126,,0.9468700683850605,24299.6968700924,230.0865563712063
1552,MG,Congonhas do Norte,5045,0,398,,0,6,,1.507537688442211,7888.999008919723,118.92963330029734
1553,MG,Conquista,6939,0,2557,,0,21,,0.8212749315604223,36849.690157083154,302.63726761781237
1554,MG,Conselheiro Lafaiete,128589,1,27462,42.77193228036612,0,349,3.888357480033284,1.2708469885660185,21356.41462333481,271.40735210632323
1555,MG,Conselheiro Pena,22921,0,3866,,0,81,,2.0951888256595965,16866.62885563457,353.3877230487326
1556,MG,Consolação,1783,0,549,,0,5,,0.9107468123861567,30790.802019068986,280.42624789680315
1557,MG,Contagem,663855,11,84027,49.25774453758727,0,2264,0.9038118263777482,2.694372047080105,12657.432722507176,341.0383291532036
1558,MG,Coqueiral,9159,0,1785,,0,33,,1.8487394957983194,19489.02718637406,360.30134294136917
1559,MG,Coração de Jesus,26602,0,2431,,0,27,,1.1106540518305226,9138.410645816104,101.49612811066837
1560,MG,Cordisburgo,8890,0,445,,0,22,,4.943820224719101,5005.624296962879,247.46906636670417
1561,MG,Cordislândia,3538,0,636,,0,4,,0.628930817610063,17976.257772752968,113.05822498586771
1562,MG,Corinto,23731,0,3429,,0,70,,2.041411490230388,14449.45430028233,294.9728203615524
1563,MG,Coroaci,9991,0,1123,,0,24,,2.13713268032057,11240.116104494044,240.2161945751176
1564,MG,Coromandel,27974,0,6911,,0,102,,1.4759079727969904,24705.08329162794,364.6242939872739
1565,MG,Coronel Fabriciano,109855,2,22230,66.45123116835829,0,393,1.820581675845433,1.767881241565452,20235.765327021985,357.74429930362754
1566,MG,Coronel Murta,9222,1,928,,0,10,,1.0775862068965518,10062.893081761007,108.43634786380395
1567,MG,Coronel Pacheco,3086,0,279,,0,10,,3.584229390681003,9040.829552819183,324.04406999351914
1568,MG,Coronel Xavier Chaves,3434,0,1236,,0,4,,0.3236245954692557,35993.01106581246,116.48223645894002
1569,MG,Córrego Danta,3215,0,503,,0,11,,2.1868787276341948,15645.412130637636,342.1461897356143
1570,MG,Córrego do Bom Jesus,3704,6,1361,,0,8,,0.5878030859662012,36744.06047516199,215.98272138228944
1571,MG,Córrego Fundo,6337,0,2019,,0,14,,0.6934125804853888,31860.501814738833,220.9247277891747
1572,MG,Córrego Novo,2771,0,454,,0,14,,3.0837004405286343,16383.976903644892,505.2327679538073
1573,MG,Couto de Magalhães de Minas,4410,0,326,,0,7,,2.147239263803681,7392.2902494331065,158.73015873015873
1574,MG,Crisólita,6704,0,437,,0,3,,0.6864988558352403,6518.4964200477325,44.74940334128878
1575,MG,Cristais,12798,0,3164,,0,34,,1.0745891276864727,24722.612908266918,265.66651039224877
1576,MG,Cristália,5971,0,606,,0,3,,0.49504950495049505,10149.053759839224,50.24284039524368
1577,MG,Cristiano Otoni,5150,0,852,,0,20,,2.3474178403755865,16543.68932038835,388.34951456310677
1578,MG,Cristina,10242,0,1813,,0,12,,0.6618863761720905,17701.620777191954,117.16461628588166
1579,MG,Crucilândia,5034,1,1928,,0,14,,0.7261410788381742,38299.56297179182,278.108859753675
1580,MG,Cruzeiro da Fortaleza,3626,0,1028,,0,8,,0.7782101167315175,28350.799779371206,220.6287920573635
1581,MG,Cruzília,15417,1,3752,,0,55,,1.4658848614072495,24336.771096841152,356.7490432639294
1582,MG,Cuparaque,4982,0,1126,,0,19,,1.6873889875666075,22601.364913689282,381.372942593336
1583,MG,Curral de Dentro,7729,0,1111,,0,19,,1.7101710171017102,14374.433950058221,245.82740328632423
1584,MG,Curvelo,80129,10,10454,,0,318,,3.0418978381480772,13046.462579091214,396.8600631481736
1585,MG,Datas,5410,0,1259,,0,17,,1.3502779984114377,23271.719038817006,314.23290203327167
1586,MG,Delfim Moreira,8025,2,1071,,0,34,,3.1746031746031744,13345.794392523363,423.6760124610592
1587,MG,Delfinópolis,7114,1,2200,,0,20,,0.9090909090909091,30924.93674444757,281.135788585887
1588,MG,Delta,10533,0,2573,,0,36,,1.3991449669646328,24427.98822747555,341.7829678154372
1589,MG,Descoberto,5013,0,441,,0,13,,2.947845804988662,8797.127468581688,259.3257530420906
1590,MG,Desterro de Entre Rios,7243,0,1331,,0,17,,1.2772351615326822,18376.36338533757,234.70937456854892
1591,MG,Desterro do Melo,2901,0,693,,0,3,,0.4329004329004329,23888.31437435367,103.41261633919339
1592,MG,Diamantina,47723,-1,11415,,0,108,,0.9461235216819973,23919.284202585757,226.30597405863003
1593,MG,Diogo de Vasconcelos,3802,0,316,,0,1,,0.31645569620253167,8311.415044713309,26.301946344029457
1594,MG,Dionísio,7729,0,778,,0,21,,2.6992287917737787,10065.985250355803,271.70397205330573
1595,MG,Divinésia,3417,0,1385,,0,14,,1.0108303249097472,40532.630962832896,409.7161252560726
1596,MG,Divino,19931,0,2761,,0,49,,1.7747193045997829,13852.79213285836,245.8481762079173
1597,MG,Divino das Laranjeiras,4979,0,537,,0,18,,3.35195530726257,10785.298252661178,361.5183771841735
1598,MG,Divinolândia de Minas,7571,0,670,,0,17,,2.5373134328358207,8849.557522123894,224.54101175538236
1599,MG,Divinópolis,238230,9,48654,119.6322881249213,0,783,0.4197624144734081,1.609322974472808,20423.120513789196,328.67397053267854
1600,MG,Divisa Alegre,6786,0,967,,0,10,,1.0341261633919339,14249.926318891838,147.36221632773356
1601,MG,Divisa Nova,6011,0,1274,,0,16,,1.2558869701726845,21194.476792546997,266.17867243387127
1602,MG,Divisópolis,11019,0,1132,,0,7,,0.6183745583038869,10273.16453398675,63.52663581087213
1603,MG,Dom Bosco,3677,0,1000,,0,9,,0.8999999999999999,27196.083763937993,244.76475387544193
1604,MG,Dom Cavati,5072,0,1115,,0,27,,2.4215246636771304,21983.438485804414,532.3343848580441
1605,MG,Dom Joaquim,4195,0,863,,0,8,,0.9269988412514484,20572.109654350417,190.70321811680571
1606,MG,Dom Silvério,5237,0,1136,,0,19,,1.6725352112676055,21691.80828718732,362.80313156387245
1607,MG,Dom Viçoso,3001,0,866,,0,8,,0.9237875288683602,28857.047650783075,266.5778073975342
1608,MG,Dona Euzébia,6572,0,2068,,0,22,,1.0638297872340425,31466.82897139379,334.7534996956786
1609,MG,Dores de Campos,10153,0,2162,,0,38,,1.757631822386679,21294.19875898749,374.2736137102334
1610,MG,Dores de Guanhães,5169,0,870,,0,10,,1.1494252873563218,16831.108531630874,193.46101760495262
1611,MG,Dores do Indaiá,13483,0,2734,,0,29,,1.0607168983174835,20277.386338352,215.08566342802047
1612,MG,Dores do Turvo,4259,0,533,,0,20,,3.75234521575985,12514.674806292556,469.59380136182205
1613,MG,Doresópolis,1527,0,399,,0,3,,0.7518796992481203,26129.666011787816,196.46365422396855
1614,MG,Douradoquara,1908,0,669,,0,4,,0.5979073243647235,35062.893081761,209.64360587002096
1615,MG,Durandé,7841,0,1905,,0,15,,0.7874015748031495,24295.370488458106,191.30212983037876
1616,MG,Elói Mendes,28076,0,6196,,0,70,,1.129761136216914,22068.670750819205,249.32326542242484
1617,MG,Engenheiro Caldas,11134,0,1462,,0,39,,2.667578659370725,13130.95024250045,350.2784264415304
1618,MG,Engenheiro Navarro,7242,0,449,,0,12,,2.6726057906458798,6199.94476663905,165.7000828500414
1619,MG,Entre Folhas,5370,0,1079,,0,19,,1.7608897126969416,20093.109869646185,353.8175046554935
1620,MG,Entre Rios de Minas,15298,0,2554,,0,32,,1.2529365700861395,16694.992809517582,209.17767028369724
1621,MG,Ervália,18895,0,3537,,0,43,,1.2157195363302233,18719.237893622652,227.57343212490076
1622,MG,Esmeraldas,70552,0,5928,,0,187,,3.1545209176788123,8402.313187436217,265.0527270665608
1623,MG,Espera Feliz,24951,5,4116,,0,56,,1.3605442176870748,16496.332812312132,224.43990220832833
1624,MG,Espinosa,31617,0,3337,,0,50,,1.4983518130056936,10554.448556156498,158.14277129392414
1625,MG,Espírito Santo do Dourado,4692,0,1393,,0,19,,1.3639626704953338,29688.832054560953,404.94458653026425
1626,MG,Estiva,11354,3,3760,,0,32,,0.851063829787234,33116.082437907346,281.83899947155186
1627,MG,Estrela Dalva,2343,0,818,,0,9,,1.1002444987775062,34912.50533504054,384.1229193341869
1628,MG,Estrela do Indaiá,3500,0,589,,0,1,,0.1697792869269949,16828.571428571428,28.571428571428573
1629,MG,Estrela do Sul,7978,3,1847,,0,29,,1.570113697888468,23151.165705690648,363.4996239659062
1630,MG,Eugenópolis,11275,0,2152,,0,24,,1.1152416356877324,19086.474501108645,212.86031042128604
1631,MG,Ewbank da Câmara,3913,0,457,,0,16,,3.50109409190372,11679.018655762842,408.8934321492461
1632,MG,Extrema,36225,0,19851,,0,149,,0.7505919097274697,54799.17184265011,411.3181504485852
1633,MG,Fama,2377,0,825,,0,2,,0.24242424242424243,34707.614640302905,84.13967185527977
1634,MG,Faria Lemos,3241,0,721,,0,7,,0.9708737864077669,22246.220302375812,215.98272138228944
1635,MG,Felício dos Santos,4753,0,499,,0,6,,1.2024048096192386,10498.63244266779,126.23606143488324
1636,MG,Felisburgo,7457,0,1928,,0,20,,1.0373443983402488,25854.90143489339,268.20437173125924
1637,MG,Felixlândia,15336,0,3368,,0,39,,1.157957244655582,21961.398017736046,254.3035993740219
1638,MG,Fernandes Tourinho,3431,0,552,,0,20,,3.6231884057971016,16088.60390556689,582.9204313611192
1639,MG,Ferros,9820,1,876,,0,17,,1.9406392694063925,8920.570264765784,173.11608961303463
1640,MG,Fervedouro,11006,0,1671,,0,20,,1.196888090963495,15182.627657641287,181.71906232963838
1641,MG,Florestal,7461,0,380,,0,15,,3.9473684210526314,5093.151052137783,201.0454362685967
1642,MG,Formiga,67683,5,26855,,0,345,,1.2846769689070936,39677.614762938996,509.72917867115814
1643,MG,Formoso,9562,0,647,,0,11,,1.7001545595054095,6766.366868855887,115.03869483371679
1644,MG,Fortaleza de Minas,4412,0,1179,,0,11,,0.9329940627650551,26722.57479601088,249.32003626473255
1645,MG,Fortuna de Minas,2947,0,377,,0,3,,0.7957559681697612,12792.670512385475,101.79843909060061
1646,MG,Francisco Badaró,10332,0,400,,0,7,,1.7500000000000002,3871.467286101433,67.75067750677506
1647,MG,Francisco Dumont,5215,0,376,,0,7,,1.8617021276595744,7209.971236816874,134.22818791946307
1648,MG,Francisco Sá,26277,0,1741,,0,51,,2.929350947731189,6625.566084408419,194.0860828861742
1649,MG,Franciscópolis,5391,0,708,,0,4,,0.5649717514124294,13132.999443516974,74.19773696902244
1650,MG,Frei Gaspar,5880,0,960,,0,17,,1.7708333333333333,16326.530612244896,289.1156462585034
1651,MG,Frei Inocêncio,9611,0,1204,,0,33,,2.740863787375415,12527.312454479243,343.3565705961919
1652,MG,Frei Lagonegro,3478,0,296,,0,5,,1.6891891891891893,8510.63829787234,143.7607820586544
1653,MG,Fronteira,18103,0,4440,,0,70,,1.5765765765765765,24526.321604154007,386.67624150693257
1654,MG,Fronteira dos Vales,4581,0,1062,,0,11,,1.0357815442561207,23182.71119842829,240.12224405151713
1655,MG,Fruta de Leite,5369,0,381,,0,3,,0.7874015748031495,7096.293536971502,55.876327062767736
1656,MG,Frutal,59496,2,19460,,0,328,,1.6855087358684482,32708.081215543898,551.2975662229394
1657,MG,Funilândia,4349,0,678,,0,12,,1.7699115044247788,15589.790756495748,275.92550011496894
1658,MG,Galiléia,6817,1,1237,,0,36,,2.9102667744543247,18145.811940736396,528.0915358662169
1659,MG,Gameleiras,5109,0,658,,0,5,,0.7598784194528876,12879.232726560971,97.86651008025053
1660,MG,Glaucilândia,3150,0,495,,0,7,,1.4141414141414141,15714.285714285714,222.22222222222223
1661,MG,Goiabeira,3353,0,698,,0,12,,1.7191977077363898,20817.178645988668,357.88845809722636
1662,MG,Goianá,3966,0,971,,0,8,,0.8238928939237898,24483.10640443772,201.7145738779627
1663,MG,Gonçalves,4350,0,1344,,0,10,,0.744047619047619,30896.55172413793,229.88505747126436
1664,MG,Gonzaga,6158,0,847,,0,18,,2.125147579693034,13754.465735628452,292.3026956804157
1665,MG,Gouveia,11825,0,1345,,0,35,,2.6022304832713754,11374.207188160675,295.9830866807611
1666,MG,Governador Valadares,279885,10,57444,78.96100184004145,0,1561,0.7145792021723207,2.7174291483879953,20524.143844793398,557.7290672954964
1667,MG,Grão Mogol,15836,0,1561,,0,14,,0.8968609865470852,9857.287193735792,88.40616317251832
1668,MG,Grupiara,1388,2,719,,0,5,,0.6954102920723227,51801.15273775216,360.2305475504323
1669,MG,Guanhães,34319,0,5552,,0,62,,1.11671469740634,16177.627553250388,180.65794457880475
1670,MG,Guapé,14245,0,3094,,0,55,,1.777634130575307,21719.901719901718,386.1003861003861
1671,MG,Guaraciaba,10324,0,1216,,0,36,,2.9605263157894735,11778.380472685007,348.70205346764817
1672,MG,Guaraciama,4972,0,524,,0,6,,1.1450381679389312,10539.018503620273,120.67578439259854
1673,MG,Guaranésia,19021,0,6505,,0,58,,0.8916218293620292,34199.04316282004,304.92613427264604
1674,MG,Guarani,8911,0,1510,,0,13,,0.8609271523178808,16945.34844574122,145.88710582426214
1675,MG,Guarará,3796,0,1519,,0,20,,1.316655694535879,40015.806111696525,526.8703898840885
1676,MG,Guarda-Mor,6580,0,2278,,0,14,,0.6145741878841089,34620.06079027356,212.76595744680853
1677,MG,Guaxupé,51917,9,19593,,0,208,,1.0616036339509007,37739.08353718436,400.63948225051524
1678,MG,Guidoval,7078,0,1442,,0,24,,1.6643550624133148,20372.986719412263,339.07883582933033
1679,MG,Guimarânia,8039,0,2127,,0,17,,0.7992477668077104,26458.514740639384,211.46908819504912
1680,MG,Guiricema,8392,0,2676,,0,42,,1.5695067264573992,31887.511916110583,500.47664442326027
1681,MG,Gurinhatã,5639,0,1363,,0,8,,0.586940572267058,24170.95229650647,141.86912573151267
1682,MG,Heliodora,6558,0,1449,,0,20,,1.3802622498274673,22095.15096065874,304.9710277523635
1683,MG,Iapu,11004,0,1962,,0,37,,1.8858307849133535,17829.880043620502,336.24136677571795
1684,MG,Ibertioga,5021,0,884,,0,16,,1.809954751131222,17606.05457080263,318.6616211909978
1685,MG,Ibiá,25199,6,6537,,0,76,,1.1626128193360867,25941.505615302198,301.59926981229415
1686,MG,Ibiaí,8395,0,1078,,0,12,,1.1131725417439702,12840.97677188803,142.94222751637878
1687,MG,Ibiracatu,5400,0,295,,0,3,,1.0169491525423728,5462.9629629629635,55.55555555555556
1688,MG,Ibiraci,13828,1,2355,,0,31,,1.3163481953290872,17030.66242406711,224.18281747179637
1689,MG,Ibirité,180204,0,16932,21.6421389092362,0,460,0.0,2.7167493503425466,9396.0178464407,255.26625380124747
1690,MG,Ibitiúra de Minas,3488,0,1358,,0,7,,0.5154639175257731,38933.48623853211,200.68807339449543
1691,MG,Ibituruna,2989,0,762,,0,1,,0.13123359580052493,25493.476078956173,33.45600535296086
1692,MG,Icaraí de Minas,11990,0,871,,0,6,,0.6888633754305395,7264.386989157631,50.0417014178482
1693,MG,Igarapé,43045,0,6432,,0,124,,1.9278606965174128,14942.50203275642,288.07062376582644
1694,MG,Igaratinga,10860,0,2626,,0,18,,0.6854531607006854,24180.478821362798,165.74585635359117
1695,MG,Iguatama,7947,0,1985,,0,18,,0.906801007556675,24977.979111614444,226.50056625141565
1696,MG,Ijaci,6550,0,1258,,0,21,,1.669316375198728,19206.10687022901,320.6106870229008
1697,MG,Ilicínea,12375,0,3257,,0,34,,1.0439054344488794,26319.19191919192,274.74747474747477
1698,MG,Imbé de Minas,6903,0,823,,0,12,,1.4580801944106925,11922.352600318702,173.8374619730552
1699,MG,Inconfidentes,7328,0,2274,,0,12,,0.5277044854881267,31031.659388646287,163.75545851528383
1700,MG,Indaiabira,7351,0,503,,0,1,,0.19880715705765406,6842.6064481022995,13.603591348115902
1701,MG,Indianópolis,6891,0,1641,,0,9,,0.5484460694698354,23813.670004353506,130.605137135394
1702,MG,Ingaí,2767,0,432,,0,8,,1.8518518518518516,15612.576797976146,289.12179255511387
1703,MG,Inhapim,24140,4,3404,,0,77,,2.262044653349001,14101.077050538524,318.97265948632975
1704,MG,Inhaúma,6271,0,1090,,0,22,,2.0183486238532113,17381.597831286876,350.82124063147825
1705,MG,Inimutaba,7515,0,1416,,0,23,,1.6242937853107344,18842.31536926148,306.05455755156356
1706,MG,Ipaba,18607,0,2226,,0,69,,3.0997304582210243,11963.239640995323,370.8281829419036
1707,MG,Ipanema,19861,0,4198,,0,84,,2.0009528346831824,21136.901465183022,422.9394290317708
1708,MG,Ipatinga,263410,1,53584,40.62108500056945,0,1012,0.3796363084165369,1.8886234696924453,20342.431950191716,384.1919441175354
1709,MG,Ipiaçu,4221,0,1570,,0,21,,1.337579617834395,37194.977493484956,497.51243781094524
1710,MG,Ipuiúna,10079,1,2931,,0,47,,1.6035482770385534,29080.26589939478,466.31610278797496
1711,MG,Iraí de Minas,6987,0,934,,0,17,,1.8201284796573876,13367.68283955918,243.30900243309003
1712,MG,Itabira,120060,0,36732,141.5958687323005,0,431,0.0,1.173363824458238,30594.702648675666,358.9871730801266
1713,MG,Itabirinha,11512,0,1795,,0,56,,3.1197771587743732,15592.42529534399,486.44892286309937
1714,MG,Itabirito,51875,0,20020,,0,182,,0.9090909090909091,38592.77108433735,350.8433734939759
1715,MG,Itacambira,5385,0,678,,0,4,,0.5899705014749262,12590.529247910865,74.28040854224697
1716,MG,Itacarambi,18153,3,1148,,0,22,,1.9163763066202089,6324.0235773701315,121.19208946179695
1717,MG,Itaguara,13358,0,5223,,0,39,,0.7466973004020678,39100.16469531367,291.95987423266956
1718,MG,Itaipé,12760,0,624,,0,7,,1.1217948717948718,4890.282131661442,54.858934169278996
1719,MG,Itajubá,96869,3,28664,,0,505,,1.7617917945855428,29590.47786185467,521.3226109488072
1720,MG,Itamarandiba,34735,0,8208,,0,34,,0.4142300194931774,23630.34403339571,97.88397869583993
1721,MG,Itamarati de Minas,4355,0,1277,,0,8,,0.6264682850430697,29322.617680826635,183.69690011481057
1722,MG,Itambacuri,23211,0,1866,,0,36,,1.929260450160772,8039.291715135065,155.09887553315238
1723,MG,Itambé do Mato Dentro,2081,0,118,,0,5,,4.23728813559322,5670.350792888034,240.26910139356082
1724,MG,Itamogi,10192,0,3131,,0,60,,1.916320664324497,30720.172684458397,588.6970172684458
1725,MG,Itamonte,15579,0,3970,,0,52,,1.309823677581864,25483.022016817507,333.78265613967517
1726,MG,Itanhandu,15331,5,5387,,0,68,,1.2622981251160201,35137.95577587894,443.5457569630161
1727,MG,Itanhomi,12228,0,2329,,0,39,,1.6745384285100904,19046.45076872751,318.9401373895976
1728,MG,Itaobim,21062,0,2996,,0,61,,2.0360480640854473,14224.67002184028,289.62111860222205
1729,MG,Itapagipe,15243,0,5628,,0,68,,1.2082444918265813,36921.86577445385,446.10640949944235
1730,MG,Itapecerica,21762,0,5305,,0,58,,1.0933081998114986,24377.355022516313,266.519621358331
1731,MG,Itapeva,9783,0,2962,,0,41,,1.3841998649561107,30277.01114177655,419.09434733721764
1732,MG,Itatiaiuçu,11146,0,2522,,0,38,,1.506740681998414,22626.951372689753,340.9294814283151
1733,MG,Itaú de Minas,16108,1,6511,,0,60,,0.9215174320380893,40420.90886516017,372.4857213806804
1734,MG,Itaúna,93214,6,26507,,0,314,,1.1845927490851473,28436.715514836826,336.8592700667282
1735,MG,Itaverava,5419,0,541,,0,4,,0.7393715341959335,9983.391769699207,73.81435689241557
1736,MG,Itinga,14990,0,990,,0,18,,1.8181818181818181,6604.402935290193,120.0800533689126
1737,MG,Itueta,6051,0,1836,,0,13,,0.7080610021786492,30342.09221616262,214.84052222773093
1738,MG,Ituiutaba,104671,10,44474,303.8090779681096,0,563,0.0,1.265908171066241,42489.32369042046,537.8758204278166
1739,MG,Itumirim,6023,0,703,,0,14,,1.991465149359886,11671.92429022082,232.4423044994189
1740,MG,Iturama,39263,1,14355,,0,279,,1.9435736677115987,36561.13898581362,710.592669943713
1741,MG,Itutinga,3788,0,641,,0,5,,0.7800312012480499,16921.858500527982,131.99577613516368
1742,MG,Jaboticatubas,20143,0,4799,,0,57,,1.1877474473848717,23824.653725860102,282.9767164771881
1743,MG,Jacinto,12326,0,1691,,0,20,,1.1827321111768185,13718.968035047865,162.2586402725945
1744,MG,Jacuí,7686,0,1816,,0,45,,2.4779735682819384,23627.37444704658,585.480093676815
1745,MG,Jacutinga,25979,0,4936,,0,61,,1.2358184764991895,18999.96150737134,234.80503483582893
1746,MG,Jaguaraçu,3133,0,919,,0,13,,1.4145810663764962,29332.907756144272,414.9377593360996
1747,MG,Jaíba,38909,17,5023,,0,78,,1.5528568584511249,12909.609601891594,200.46775810223855
1748,MG,Jampruca,5404,0,481,,0,8,,1.6632016632016633,8900.81421169504,148.03849000740192
1749,MG,Janaúba,71648,0,10633,,0,156,,1.467130631054265,14840.609647163914,217.73112996873604
1750,MG,Januária,67742,0,5944,,0,110,,1.8506056527590848,8774.467833840157,162.3807977325736
1751,MG,Japaraíba,4350,0,1406,,0,8,,0.5689900426742532,32321.83908045977,183.90804597701148
1752,MG,Japonvar,7969,0,799,,0,11,,1.376720901126408,10026.352114443469,138.0348851800728
1753,MG,Jeceaba,4912,0,1038,,0,14,,1.348747591522158,21131.921824104236,285.01628664495115
1754,MG,Jenipapo de Minas,7692,0,620,,0,9,,1.4516129032258065,8060.322412896516,117.0046801872075
1755,MG,Jequeri,12386,0,1144,,0,31,,2.7097902097902096,9236.234458259325,250.282577103181
1756,MG,Jequitaí,7531,0,741,,0,12,,1.6194331983805668,9839.330766166511,159.34138892577346
1757,MG,Jequitibá,5211,0,989,,0,10,,1.0111223458038423,18979.08270965266,191.90174630589138
1758,MG,Jequitinhonha,25391,0,3971,,0,22,,0.554016620498615,15639.39978732622,86.64487416801228
1759,MG,Jesuânia,4787,1,1138,,0,11,,0.9666080843585236,23772.717777313555,229.78901190724878
1760,MG,Joaíma,15432,0,1295,,0,47,,3.6293436293436296,8391.653706583722,304.56194919647487
1761,MG,Joanésia,4573,1,787,,0,18,,2.2871664548919948,17209.7091624754,393.61469494861143
1762,MG,João Monlevade,79910,0,17655,,0,295,,1.6709147550269046,22093.605305969217,369.1653109748467
1763,MG,João Pinheiro,47452,0,9486,,0,124,,1.3071895424836601,19990.727471971677,261.31669898002195
1764,MG,Joaquim Felício,4695,0,835,,0,4,,0.47904191616766467,17784.877529286474,85.19701810436634
1765,MG,Jordânia,10812,1,1459,,0,15,,1.0281014393420151,13494.265630780614,138.73473917869035
1766,MG,José Gonçalves de Minas,4501,0,327,,0,2,,0.6116207951070336,7265.052210619863,44.434570095534326
1767,MG,José Raydan,4995,0,633,,0,3,,0.47393364928909953,12672.672672672672,60.06006006006006
1768,MG,Josenópolis,4867,0,733,,0,3,,0.4092769440654843,15060.61228682967,61.63961372508733
1769,MG,Juatuba,26946,0,4705,,0,92,,1.955366631243358,17460.847621168265,341.42358791657387
1770,MG,Juiz de Fora,568873,3,78740,35.8603765691112,0,2479,1.757861596525059,3.1483362966725936,13841.402211038318,435.7738897785622
1771,MG,Juramento,4331,0,391,,0,4,,1.0230179028132993,9027.938120526436,92.35742322789194
1772,MG,Juruaia,10563,0,3278,,0,30,,0.9151921903599756,31032.850515951908,284.0102243680772
1773,MG,Juvenília,5724,0,1011,,0,6,,0.5934718100890208,17662.473794549267,104.82180293501048
1774,MG,Ladainha,18111,0,616,,0,12,,1.948051948051948,3401.2478604163216,66.25807520291535
1775,MG,Lagamar,7613,0,1250,,0,16,,1.28,16419.282805727045,210.16681991330617
1776,MG,Lagoa da Prata,52165,0,16239,,0,188,,1.157706755342078,31130.068053292438,360.3949007955526
1777,MG,Lagoa dos Patos,4102,0,286,,0,2,,0.6993006993006993,6972.2086786933205,48.75670404680643
1778,MG,Lagoa Dourada,13009,0,2109,,0,16,,0.7586533902323376,16211.853332308401,122.99177492505189
1779,MG,Lagoa Formosa,18052,0,4677,,0,75,,1.603592046183451,25908.486594283182,415.46643031243076
1780,MG,Lagoa Grande,9532,3,2561,,0,37,,1.4447481452557596,26867.394041124633,388.16617708770457
1781,MG,Lagoa Santa,64527,1,13097,,0,160,,1.2216538138505002,20296.929967300508,247.95821904009173
1782,MG,Lajinha,19923,0,3679,,0,51,,1.386246262571351,18466.094463685185,255.98554434573106
1783,MG,Lambari,20814,2,5125,,0,66,,1.2878048780487805,24622.85000480446,317.0942634765062
1784,MG,Lamim,3391,0,634,,0,7,,1.1041009463722398,18696.549690356827,206.42878207018578
1785,MG,Laranjal,6810,0,1760,,0,31,,1.7613636363636362,25844.346549192363,455.2129221732746
1786,MG,Lassance,6512,0,1292,,0,8,,0.6191950464396285,19840.29484029484,122.85012285012284
1787,MG,Lavras,103773,2,35199,243.8013741531998,0,228,3.854567180287743,0.6477456745930282,33919.22754473707,219.71032927640138
1788,MG,Leandro Ferreira,3229,0,583,,0,7,,1.2006861063464835,18055.12542582843,216.78538247135336
1789,MG,Leme do Prado,4918,0,613,,0,4,,0.6525285481239804,12464.416429442863,81.3338755591704
1790,MG,Leopoldina,52587,1,14766,,0,216,,1.462819991873222,28079.183068058643,410.74790347424266
1791,MG,Liberdade,5069,0,294,,0,12,,4.081632653061225,5799.960544486092,236.73308344841195
1792,MG,Lima Duarte,16698,0,3129,,0,62,,1.9814637264301695,18738.771110312613,371.3019523296203
1793,MG,Limeira do Oeste,7536,0,3554,,0,38,,1.0692177827799663,47160.297239915075,504.24628450106155
1794,MG,Lontra,9661,0,1024,,0,13,,1.26953125,10599.316840906738,134.5616395818238
1795,MG,Luisburgo,6266,0,743,,0,19,,2.557200538358008,11857.644430258537,303.2237472071497
1796,MG,Luislândia,6699,0,430,,0,4,,0.9302325581395349,6418.868487834005,59.71040453799074
1797,MG,Luminárias,5446,0,844,,0,15,,1.7772511848341233,15497.612926918839,275.4315093646713
1798,MG,Luz,18215,0,6635,,0,44,,0.6631499623210249,36426.02250892122,241.5591545429591
1799,MG,Machacalis,7111,0,918,,0,15,,1.6339869281045754,12909.576712136128,210.94079594993673
1800,MG,Machado,42133,1,11986,,0,121,,1.0095110962789922,28448.009873495834,287.18581634348374
1801,MG,Madre de Deus de Minas,5098,0,1344,,0,18,,1.3392857142857142,26363.279717536287,353.0796390741467
1802,MG,Malacacheta,18650,0,2172,,0,31,,1.427255985267035,11646.112600536193,166.21983914209113
1803,MG,Mamonas,6543,0,747,,0,9,,1.2048192771084338,11416.78129298487,137.5515818431912
1804,MG,Manga,18407,0,2067,,0,24,,1.1611030478955007,11229.423588852067,130.3851795512577
1805,MG,Manhuaçu,90229,0,13546,,0,276,,2.037501845563266,15012.911591616887,305.88835075197557
1806,MG,Manhumirim,22707,2,3802,,0,58,,1.5255128879537085,16743.73541198749,255.4278416347382
1807,MG,Mantena,27644,0,4780,,0,119,,2.489539748953975,17291.274779337287,430.47315873245554
1808,MG,Mar de Espanha,12814,0,2792,,0,46,,1.64756446991404,21788.668643670986,358.98236304042456
1809,MG,Maravilhas,7976,0,1338,,0,8,,0.5979073243647235,16775.325977933804,100.30090270812437
1810,MG,Maria da Fé,14095,0,3776,,0,60,,1.5889830508474576,26789.64171692089,425.6828662646328
1811,MG,Mariana,60724,3,18408,,0,124,,0.6736201651455889,30314.208550161387,204.20262169817534
1812,MG,Marilac,4115,0,668,,0,15,,2.245508982035928,16233.292831105711,364.5200486026731
1813,MG,Mário Campos,15416,0,1770,,0,60,,3.389830508474576,11481.577581733263,389.2060197197717
1814,MG,Maripá de Minas,2973,0,1188,,0,17,,1.430976430976431,39959.63673057518,571.8129835183316
1815,MG,Marliéria,4039,0,714,,0,21,,2.941176470588235,17677.642980935874,519.9306759098787
1816,MG,Marmelópolis,2755,0,603,,0,13,,2.155887230514096,21887.477313974592,471.8693284936479
1817,MG,Martinho Campos,13388,10,3855,,0,51,,1.3229571984435797,28794.442784583207,380.9381535703615
1818,MG,Martins Soares,8417,0,744,,0,15,,2.0161290322580645,8839.253890935013,178.21076393014138
1819,MG,Mata Verde,8586,0,846,,0,10,,1.1820330969267139,9853.249475890985,116.46866992778943
1820,MG,Materlândia,4459,0,250,,0,3,,1.2,5606.6382596994845,67.27965911639382
1821,MG,Mateus Leme,31086,0,10375,,0,107,,1.0313253012048191,33375.1528019044,344.20639516180916
1822,MG,Mathias Lobato,3203,0,616,,0,14,,2.272727272727273,19231.970028098658,437.0902279113331
1823,MG,Matias Barbosa,14468,1,4036,,0,68,,1.6848364717542121,27896.046447332046,470.0027647221454
1824,MG,Matias Cardoso,11157,0,652,,0,12,,1.8404907975460123,5843.864838218159,107.55579456843238
1825,MG,Matipó,18908,0,2871,,0,46,,1.6022291884360849,15184.049079754603,243.28326634228898
1826,MG,Mato Verde,12459,0,2188,,0,18,,0.8226691042047531,17561.602054739546,144.47387430772935
1827,MG,Matozinhos,37820,1,8952,,0,132,,1.4745308310991956,23670.01586462189,349.02168164992065
1828,MG,Matutina,3749,0,640,,0,9,,1.40625,17071.21899173113,240.06401707121898
1829,MG,Medeiros,3802,0,498,,0,2,,0.4016064257028112,13098.369279326671,52.60389268805891
1830,MG,Medina,20820,0,2123,,0,38,,1.7899199246349504,10196.926032660902,182.5168107588857
1831,MG,Mendes Pimentel,6446,0,1293,,0,11,,0.8507347254447023,20058.95128762023,170.64846416382252
1832,MG,Mercês,10739,0,576,,0,23,,3.9930555555555554,5363.627898314555,214.17264177297702
1833,MG,Mesquita,5605,0,641,,0,13,,2.02808112324493,11436.217662801071,231.93577163247102
1834,MG,Minas Novas,31484,0,2159,,0,27,,1.2505789717461788,6857.451403887689,85.75784525473256
1835,MG,Minduri,3894,0,539,,0,11,,2.0408163265306123,13841.80790960452,282.4858757062147
1836,MG,Mirabela,13589,0,1985,,0,28,,1.4105793450881612,14607.403046581794,206.0490102288616
1837,MG,Miradouro,10754,1,1686,,0,16,,0.9489916963226572,15677.887297749674,148.78184861446903
1838,MG,Miraí,15014,0,3265,,0,20,,0.6125574272588056,21746.37005461569,133.20900492873318
1839,MG,Miravânia,4888,0,341,,0,3,,0.8797653958944283,6976.268412438626,61.37479541734861
1840,MG,Moeda,4919,0,421,,0,15,,3.5629453681710213,8558.650132140678,304.94002846106935
1841,MG,Moema,7517,0,2217,,0,15,,0.6765899864682002,29493.148862578157,199.5476918983637
1842,MG,Monjolos,2220,0,75,,0,3,,4.0,3378.378378378379,135.13513513513513
1843,MG,Monsenhor Paulo,8688,0,1975,,0,11,,0.5569620253164557,22732.504604051566,126.61141804788214
1844,MG,Montalvânia,14877,0,2419,,0,25,,1.0334849111202975,16259.998655642938,168.044632654433
1845,MG,Monte Alegre de Minas,21120,6,3133,,0,48,,1.5320778806255984,14834.280303030304,227.27272727272725
1846,MG,Monte Azul,20854,0,2670,,0,41,,1.5355805243445693,12803.299127265753,196.6049678718711
1847,MG,Monte Belo,13166,0,3251,,0,44,,1.353429713934174,24692.389488075343,334.19413641197025
1848,MG,Monte Carmelo,47809,2,13881,,0,216,,1.5560838556299978,29034.282248112282,451.79777866092155
1849,MG,Monte Formoso,4906,0,413,,0,8,,1.937046004842615,8418.263350998777,163.06563391765187
1850,MG,Monte Santo de Minas,21524,0,6325,,0,82,,1.2964426877470356,29385.801895558445,380.97007991079727
1851,MG,Monte Sião,23803,1,8059,,0,49,,0.6080158828638789,33857.0768390539,205.85640465487546
1852,MG,Montes Claros,409341,53,112210,169.5407985029596,0,1109,0.4885901974148692,0.9883254611888423,27412.353025961238,270.923264466545
1853,MG,Montezuma,8249,0,775,,0,6,,0.7741935483870968,9395.078191295916,72.73608922293612
1854,MG,Morada Nova de Minas,8863,0,2058,,0,13,,0.6316812439261419,23220.128624619203,146.67719733724473
1855,MG,Morro da Garça,2462,0,363,,0,10,,2.7548209366391188,14744.110479285133,406.17384240454913
1856,MG,Morro do Pilar,3182,0,205,,0,5,,2.4390243902439024,6442.489000628536,157.13387806411063
1857,MG,Munhoz,6029,0,1212,,0,17,,1.4026402640264026,20102.836291258915,281.97047603250957
1858,MG,Muriaé,108763,4,19121,35.85778251795188,0,383,0.0,2.0030333141572094,17580.42716732712,352.1418129327069
1859,MG,Mutum,26979,0,4129,,0,55,,1.332041656575442,15304.49608955113,203.86226324178065
1860,MG,Muzambinho,20569,0,7417,,0,57,,0.7685047863017392,36059.118090330114,277.1160484223832
1861,MG,Nacip Raydan,3220,0,554,,0,10,,1.8050541516245486,17204.96894409938,310.5590062111801
1862,MG,Nanuque,40750,0,8354,,0,144,,1.723725161599234,20500.613496932514,353.37423312883436
1863,MG,Naque,6996,0,929,,0,26,,2.798708288482239,13279.016580903375,371.64093767867354
1864,MG,Natalândia,3311,1,868,,0,10,,1.1520737327188941,26215.644820295987,302.02355783751136
1865,MG,Natércia,4730,0,1238,,0,9,,0.7269789983844911,26173.361522198727,190.27484143763215
1866,MG,Nazareno,8608,0,1169,,0,14,,1.1976047904191618,13580.39033457249,162.63940520446096
1867,MG,Nepomuceno,26769,0,6153,,0,62,,1.0076385503006662,22985.542978818783,231.6111920505062
1868,MG,Ninheira,10295,0,1127,,0,9,,0.7985803016858917,10947.061680427392,87.42107819329772
1869,MG,Nova Belém,3190,0,737,,0,18,,2.4423337856173677,23103.44827586207,564.2633228840125
1870,MG,Nova Era,17578,0,4827,,0,65,,1.3465920861818934,27460.46194106269,369.780407327341
1871,MG,Nova Lima,94889,0,37397,,0,288,,0.7701152498863545,39411.31216473985,303.5125251609776
1872,MG,Nova Módica,3600,0,633,,0,17,,2.6856240126382307,17583.333333333336,472.22222222222223
1873,MG,Nova Ponte,15545,0,3534,,0,42,,1.1884550084889642,22733.99807011901,270.18333869411384
1874,MG,Nova Porteirinha,7500,0,906,,0,13,,1.434878587196468,12080.0,173.33333333333331
1875,MG,Nova Resende,16723,0,4291,,0,40,,0.932183640177115,25659.271661783172,239.19153261974523
1876,MG,Nova Serrana,102693,0,10517,74.98076791991664,0,250,0.0,2.3771037368070744,10241.20436641251,243.44405168804104
1877,MG,Nova União,5725,0,809,,0,13,,1.6069221260815822,14131.004366812227,227.07423580786025
1878,MG,Novo Cruzeiro,31331,0,2287,,0,37,,1.6178399650196764,7299.479748491909,118.09390060961987
1879,MG,Novo Oriente de Minas,10755,0,962,,0,20,,2.079002079002079,8944.67689446769,185.96001859600185
1880,MG,Novorizonte,5299,0,526,,0,5,,0.9505703422053232,9926.401207775052,94.35742592942064
1881,MG,Olaria,1747,0,167,,0,4,,2.3952095808383236,9559.244419004006,228.96393817973666
1882,MG,Olhos-d'Água,6096,0,405,,0,7,,1.728395061728395,6643.700787401575,114.82939632545931
1883,MG,Olímpio Noronha,2787,0,595,,0,4,,0.6722689075630253,21349.120918550412,143.52350197344816
1884,MG,Oliveira,41687,0,6690,,0,92,,1.3751868460388639,16048.16849377504,220.69230215654758
1885,MG,Oliveira Fortes,2133,0,308,,0,4,,1.2987012987012987,14439.756211908112,187.5293014533521
1886,MG,Onça de Pitangui,3148,0,462,,0,6,,1.2987012987012987,14675.984752223634,190.59720457433292
1887,MG,Oratórios,4655,0,517,,0,16,,3.0947775628626695,11106.337271750806,343.7164339419979
1888,MG,Orizânia,8018,0,826,,0,16,,1.937046004842615,10301.820902968322,199.5510102269893
1889,MG,Ouro Branco,39500,1,9828,,0,73,,0.7427757427757428,24881.012658227846,184.81012658227849
1890,MG,Ouro Fino,33639,0,8130,,0,88,,1.082410824108241,24168.375992151967,261.6011177502304
1891,MG,Ouro Preto,74281,1,14308,,1,149,,1.0413754542913056,19261.991626391675,200.58965280488954
1892,MG,Ouro Verde de Minas,5934,0,507,,0,10,,1.9723865877712032,8543.983822042466,168.52039096730704
1893,MG,Padre Carvalho,6378,0,672,,0,8,,1.1904761904761905,10536.218250235184,125.43116964565694
1894,MG,Padre Paraíso,20154,0,1584,,0,31,,1.9570707070707072,7859.481988687108,153.81561972809368
1895,MG,Pai Pedro,6089,0,422,,0,5,,1.1848341232227488,6930.530464772542,82.11528986697323
1896,MG,Paineiras,4486,0,700,,0,8,,1.1428571428571428,15604.10164957646,178.33259028087383
1897,MG,Pains,8283,0,1973,,0,11,,0.5575266092245312,23819.872027043344,132.80212483399734
1898,MG,Paiva,1529,0,421,,0,4,,0.9501187648456058,27534.33616742969,261.6088947024199
1899,MG,Palma,6616,0,1337,,0,17,,1.2715033657442034,20208.58524788392,256.9528415961306
1900,MG,Palmópolis,5507,0,572,,0,14,,2.4475524475524475,10386.78046123116,254.22189940076268
1901,MG,Papagaios,15674,0,3731,,0,25,,0.6700616456714018,23803.751435498278,159.4998086002297
1902,MG,Pará de Minas,93969,0,20771,,0,304,,1.4635790284531318,22104.0981600315,323.5109450989156
1903,MG,Paracatu,93158,18,19023,,0,298,,1.566524733217684,20420.146417913653,319.8866441958823
1904,MG,Paraguaçu,21513,0,7872,,0,64,,0.8130081300813009,36591.8281969042,297.494538186213
1905,MG,Paraisópolis,21083,0,5286,,0,72,,1.362088535754824,25072.333159417543,341.5073756106816
1906,MG,Paraopeba,24540,1,4486,,0,43,,0.9585376727596968,18280.358598207007,175.2241238793806
1907,MG,Passa Quatro,16344,0,3866,,0,56,,1.4485256078634248,23653.94028389623,342.6333822809594
1908,MG,Passa Tempo,8084,0,1071,,0,13,,1.2138188608776845,13248.391885205343,160.8114794656111
1909,MG,Passa Vinte,2039,0,270,,0,7,,2.5925925925925926,13241.785188818048,343.3055419323198
1910,MG,Passabém,1649,0,207,,0,6,,2.898550724637681,12553.062462098242,363.85688295936933
1911,MG,Passos,114679,4,32150,233.695794347701,0,422,2.615997697922026,1.3125972006220838,28034.77532939771,367.983676174365
1912,MG,Patis,5972,0,482,,0,0,,0.0,8070.997990622906,0.0
1913,MG,Patos de Minas,152488,0,40920,41.97051571271182,0,676,1.311578616022244,1.6520039100684263,26834.898483815115,443.3135722155186
1914,MG,Patrocínio,90757,1,17988,,0,292,,1.623304425172337,19819.95879105744,321.738268122569
1915,MG,Patrocínio do Muriaé,5684,0,658,,0,12,,1.82370820668693,11576.354679802955,211.118930330753
1916,MG,Paula Cândido,9571,0,1606,,0,12,,0.7471980074719801,16779.855814439456,125.37874830216278
1917,MG,Paulistas,4830,0,714,,0,7,,0.9803921568627451,14782.608695652174,144.92753623188406
1918,MG,Pavão,8450,0,1202,,0,12,,0.9983361064891847,14224.852071005917,142.01183431952663
1919,MG,Peçanha,17541,6,1818,,0,32,,1.76017601760176,10364.289379168806,182.42973604697565
1920,MG,Pedra Azul,24324,0,2616,,0,49,,1.8730886850152906,10754.81006413419,201.4471304061832
1921,MG,Pedra Bonita,7097,0,735,,0,9,,1.2244897959183674,10356.48865717909,126.81414682260109
1922,MG,Pedra do Anta,3052,0,513,,0,7,,1.364522417153996,16808.6500655308,229.35779816513764
1923,MG,Pedra do Indaiá,3972,0,1081,,0,9,,0.8325624421831638,27215.50855991944,226.58610271903325
1924,MG,Pedra Dourada,2504,0,462,,0,3,,0.6493506493506493,18450.479233226837,119.80830670926517
1925,MG,Pedralva,11195,0,2273,,0,20,,0.8798944126704795,20303.707012058956,178.6511835640911
1926,MG,Pedras de Maria da Cruz,12107,0,199,,0,17,,8.542713567839195,1643.6772115305196,140.41463616089865
1927,MG,Pedrinópolis,3635,0,1045,,0,12,,1.1483253588516746,28748.280605226963,330.12379642365886
1928,MG,Pedro Leopoldo,64258,2,9358,,0,229,,2.447104082068818,14563.167232095613,356.3758598151203
1929,MG,Pedro Teixeira,1807,0,34,,0,0,,0.0,1881.5716657443277,0.0
1930,MG,Pequeri,3320,0,502,,0,11,,2.1912350597609564,15120.481927710844,331.32530120481925
1931,MG,Pequi,4406,0,602,,0,10,,1.6611295681063125,13663.18656377667,226.96323195642307
1932,MG,Perdigão,11506,0,2698,,0,21,,0.7783543365455894,23448.635494524595,182.5134712324005
1933,MG,Perdizes,16168,0,4929,,0,33,,0.6695069993913573,30486.145472538345,204.10687778327562
1934,MG,Perdões,21390,0,5952,,0,50,,0.8400537634408601,27826.08695652174,233.75409069658716
1935,MG,Periquito,6810,0,878,,0,28,,3.189066059225513,12892.804698972099,411.16005873715125
1936,MG,Pescador,4252,0,958,,0,6,,0.6263048016701461,22530.57384760113,141.11006585136408
1937,MG,Piau,2748,0,468,,0,15,,3.205128205128205,17030.56768558952,545.8515283842795
1938,MG,Piedade de Caratinga,8566,0,1444,,0,26,,1.8005540166204987,16857.342983889797,303.52556619192154
1939,MG,Piedade de Ponte Nova,4140,0,353,,0,11,,3.1161473087818696,8526.570048309179,265.7004830917875
1940,MG,Piedade do Rio Grande,4497,0,1086,,0,13,,1.1970534069981584,24149.432955303535,289.081609962197
1941,MG,Piedade dos Gerais,4982,0,87,,0,10,,11.494252873563218,1746.286631874749,200.7226013649137
1942,MG,Pimenta,8660,0,2623,,0,25,,0.9531071292413268,30288.68360277136,288.6836027713626
1943,MG,Pingo d'Água,4941,0,642,,0,15,,2.336448598130841,12993.321190042501,303.5822707953855
1944,MG,Pintópolis,7507,0,458,,0,5,,1.0917030567685588,6100.972425735979,66.60450246436659
1945,MG,Piracema,6409,0,330,,0,20,,6.0606060606060606,5149.009205804337,312.0611639881417
1946,MG,Pirajuba,6199,0,1543,,0,31,,2.0090732339598185,24891.11146959187,500.08065817067273
1947,MG,Piranga,17626,0,1584,,0,39,,2.462121212121212,8986.724157494611,221.2640417564961
1948,MG,Piranguçu,5472,0,1434,,0,19,,1.3249651324965133,26206.140350877195,347.22222222222223
1949,MG,Piranguinho,8596,0,2134,,0,51,,2.3898781630740396,24825.500232666356,593.299208934388
1950,MG,Pirapetinga,10752,0,5710,,0,38,,0.6654991243432574,53106.39880952382,353.42261904761904
1951,MG,Pirapora,56428,0,13313,,0,121,,0.9088860512281228,23592.89714326221,214.43255121570851
1952,MG,Piraúba,10787,0,2447,,0,34,,1.3894564773191664,22684.713080559934,315.19421525910815
1953,MG,Pitangui,27989,0,3979,,0,118,,2.965569238502136,14216.299260423737,421.59419772053303
1954,MG,Piumhi,34691,0,11853,,0,148,,1.2486290390618409,34167.36329307313,426.6236199590672
1955,MG,Planura,12133,0,3195,,0,54,,1.6901408450704223,26333.141020357703,445.06717217505974
1956,MG,Poço Fundo,16791,0,5532,,0,27,,0.4880694143167028,32946.22118992318,160.80042880114348
1957,MG,Poços de Caldas,167397,1,35816,48.38796394200612,0,631,1.792146812666893,1.7617824436006253,21395.843414159153,376.9482129309366
1958,MG,Pocrane,8432,0,1164,,0,15,,1.2886597938144329,13804.554079696394,177.89373814041744
1959,MG,Pompéu,31812,1,7069,,0,70,,0.9902390720045269,22221.174399597636,220.0427511630831
1960,MG,Ponte Nova,59742,0,11180,,0,229,,2.0483005366726297,18713.802684878312,383.3149208262194
1961,MG,Ponto Chique,4261,0,679,,0,16,,2.3564064801178204,15935.226472659,375.49870922318706
1962,MG,Ponto dos Volantes,12121,0,1107,,0,24,,2.168021680216802,9132.909825921954,198.00346506063855
1963,MG,Porteirinha,37906,0,6209,,0,82,,1.3206635529070703,16379.992613306602,216.32459241281063
1964,MG,Porto Firme,11279,0,1452,,0,17,,1.1707988980716253,12873.48169163933,150.7225817891657
1965,MG,Poté,16555,0,1792,,0,25,,1.3950892857142858,10824.524312896405,151.01177891875568
1966,MG,Pouso Alegre,150737,1,48675,89.55996205311237,0,516,0.0,1.0600924499229585,32291.341873594403,342.31807718078505
1967,MG,Pouso Alto,5940,0,1860,,0,30,,1.6129032258064515,31313.131313131315,505.0505050505051
1968,MG,Prados,9031,0,1567,,0,23,,1.467772814294831,17351.345365961686,254.67833019599158
1969,MG,Prata,27856,5,10955,,0,125,,1.1410314924691922,39327.25445146468,448.73635841470417
1970,MG,Pratápolis,8603,0,3260,,0,37,,1.1349693251533743,37893.75799139835,430.0825293502267
1971,MG,Pratinha,3603,0,681,,0,6,,0.881057268722467,18900.915903413825,166.52789342214822
1972,MG,Presidente Bernardes,5369,0,862,,0,11,,1.2761020881670533,16055.131309368599,204.87986589681506
1973,MG,Presidente Juscelino,3641,0,381,,0,8,,2.099737532808399,10464.158198297171,219.71985718209282
1974,MG,Presidente Kubitschek,3002,0,482,,0,8,,1.6597510373443984,16055.962691538974,266.4890073284477
1975,MG,Presidente Olegário,19573,0,3412,,0,38,,1.1137162954279016,17432.17697849078,194.14499565728298
1976,MG,Prudente de Morais,10733,0,988,,0,25,,2.5303643724696356,9205.25482157831,232.92648840026087
1977,MG,Quartel Geral,3563,0,561,,0,6,,1.06951871657754,15745.158574235196,168.39741790625877
1978,MG,Queluzito,1939,0,467,,0,5,,1.070663811563169,24084.57968024755,257.864878803507
1979,MG,Raposos,16354,0,4239,,0,49,,1.155933003066761,25920.264155558274,299.620887856182
1980,MG,Raul Soares,23762,0,4687,,0,69,,1.4721570300832088,19724.770642201835,290.3795976769632
1981,MG,Recreio,10517,0,2109,,0,26,,1.2328117591275487,20053.247123704477,247.2187886279357
1982,MG,Reduto,7154,0,829,,0,18,,2.1712907117008444,11587.922840369025,251.6074923119933
1983,MG,Resende Costa,11500,0,1743,,0,24,,1.376936316695353,15156.521739130436,208.69565217391303
1984,MG,Resplendor,17397,0,3818,,0,80,,2.095337873232059,21946.312582629187,459.84939932172216
1985,MG,Ressaquinha,4808,0,1038,,0,13,,1.2524084778420037,21589.01830282862,270.38269550748754
1986,MG,Riachinho,8136,0,1748,,0,12,,0.6864988558352403,21484.759095378566,147.49262536873155
1987,MG,Riacho dos Machados,9481,0,929,,0,8,,0.8611410118406888,9798.544457335724,84.3792848855606
1988,MG,Ribeirão das Neves,334858,3,29574,48.97598384987069,0,984,2.090438335055456,3.327246906066139,8831.80333156144,293.8559030992242
1989,MG,Ribeirão Vermelho,4033,0,1256,,0,14,,1.1146496815286624,31143.06967517977,347.1361269526407
1990,MG,Rio Acima,10312,0,1955,,0,34,,1.7391304347826086,18958.494957331266,329.7129557796742
1991,MG,Rio Casca,13564,0,2001,,0,53,,2.6486756621689156,14752.285461515778,390.7401946328517
1992,MG,Rio do Prado,5150,0,760,,0,9,,1.1842105263157896,14757.281553398057,174.75728155339806
1993,MG,Rio Doce,2610,0,522,,0,9,,1.7241379310344827,20000.0,344.82758620689657
1994,MG,Rio Espera,5474,0,643,,0,14,,2.177293934681182,11746.43770551699,255.75447570332483
1995,MG,Rio Manso,5832,0,1185,,0,11,,0.9282700421940928,20318.930041152264,188.6145404663923
1996,MG,Rio Novo,8949,0,723,,0,30,,4.149377593360995,8079.114984914515,335.2329869259135
1997,MG,Rio Paranaíba,12313,0,4174,,0,36,,0.8624820316243411,33899.13099975636,292.3739137496955
1998,MG,Rio Pardo de Minas,30914,1,2028,,0,11,,0.5424063116370809,6560.13456686291,35.5825839425503
1999,MG,Rio Piracicaba,14339,0,3540,,0,32,,0.903954802259887,24687.91408047981,223.16758490829204
2000,MG,Rio Pomba,17910,0,1208,,0,45,,3.7251655629139075,6744.835287548856,251.25628140703517
2001,MG,Rio Preto,5476,0,1486,,0,7,,0.47106325706594887,27136.596055514972,127.83053323593865
2002,MG,Rio Vermelho,12846,0,1290,,0,11,,0.8527131782945736,10042.03643157403,85.6297680211739
2003,MG,Ritápolis,4604,0,1168,,0,16,,1.36986301369863,25369.244135534318,347.5238922675934
2004,MG,Rochedo de Minas,2305,0,304,,0,4,,1.3157894736842104,13188.720173535792,173.53579175704988
2005,MG,Rodeiro,8109,0,1658,,0,21,,1.2665862484921593,20446.417560734986,258.9715131335553
2006,MG,Romaria,3533,0,2132,,0,12,,0.5628517823639775,60345.31559581092,339.6546844041891
2007,MG,Rosário da Limeira,4594,0,456,,0,8,,1.7543859649122806,9925.990422289942,174.140182847192
2008,MG,Rubelita,5995,0,682,,0,4,,0.5865102639296188,11376.146788990827,66.72226855713095
2009,MG,Rubim,10241,0,2262,,0,27,,1.1936339522546418,22087.686749340886,263.6461283077824
2010,MG,Sabará,136344,3,16076,54.27448219210233,0,288,0.7334389485419234,1.7914904205026128,11790.76453675996,211.2304171800739
2011,MG,Sabinópolis,15470,0,1663,,0,30,,1.8039687312086592,10749.838396897221,193.92372333548803
2012,MG,Sacramento,26185,7,10954,,0,95,,0.8672631002373562,41833.11055948062,362.80313156387245
2013,MG,Salinas,41527,0,6503,,0,65,,0.9995386744579424,15659.69128518795,156.52467069617356
2014,MG,Salto da Divisa,7009,0,1001,,0,21,,2.097902097902098,14281.637894136109,299.6147809958625
2015,MG,Santa Bárbara,31324,0,8424,,0,63,,0.7478632478632479,26893.117098710256,201.12373898608098
2016,MG,Santa Bárbara do Leste,8147,0,1014,,0,33,,3.2544378698224854,12446.299251258131,405.05707622437706
2017,MG,Santa Bárbara do Monte Verde,3150,0,599,,0,13,,2.1702838063439067,19015.873015873018,412.69841269841277
2018,MG,Santa Bárbara do Tugúrio,4430,0,567,,0,8,,1.4109347442680775,12799.097065462753,180.58690744920992
2019,MG,Santa Cruz de Minas,8604,1,2569,,0,26,,1.012066952121448,29858.20548582055,302.185030218503
2020,MG,Santa Cruz de Salinas,4142,0,294,,0,3,,1.0204081632653061,7098.020280057943,72.4287783679382
2021,MG,Santa Cruz do Escalvado,4758,0,840,,0,9,,1.0714285714285714,17654.476670870114,189.15510718789406
2022,MG,Santa Efigênia de Minas,4409,0,1011,,0,12,,1.1869436201780417,22930.369698344297,272.17056021773647
2023,MG,Santa Fé de Minas,3846,0,407,,0,4,,0.9828009828009828,10582.423296931876,104.00416016640666
2024,MG,Santa Helena de Minas,6366,1,1313,,0,7,,0.5331302361005331,20625.196355639335,109.95915802701855
2025,MG,Santa Juliana,14003,0,1953,,0,54,,2.7649769585253456,13947.011354709704,385.631650360637
2026,MG,Santa Luzia,219134,5,15597,33.76929184882309,0,604,0.4563417817408527,3.8725395909469773,7117.562769812079,275.63043617147497
2027,MG,Santa Margarida,16208,0,1676,,0,43,,2.56563245823389,10340.572556762092,265.3010858835143
2028,MG,Santa Maria de Itabira,10847,0,2096,,0,45,,2.1469465648854964,19323.3152023601,414.86125195906703
2029,MG,Santa Maria do Salto,5232,0,1114,,0,20,,1.7953321364452424,21292.048929663608,382.262996941896
2030,MG,Santa Maria do Suaçuí,14615,0,1493,,0,32,,2.1433355659745477,10215.531987683886,218.95313034553539
2031,MG,Santa Rita de Caldas,8949,0,2183,,0,41,,1.8781493357764543,24393.787015308975,458.1517487987485
2032,MG,Santa Rita de Ibitipoca,3425,0,646,,0,4,,0.6191950464396285,18861.31386861314,116.78832116788323
2033,MG,Santa Rita de Jacutinga,4884,0,1398,,0,13,,0.9298998569384835,28624.078624078626,266.1752661752662
2034,MG,Santa Rita de Minas,7212,0,1062,,0,17,,1.60075329566855,14725.457570715475,235.71824736550195
2035,MG,Santa Rita do Itueto,5489,0,1380,,0,18,,1.3043478260869565,25141.191473856805,327.9285844416105
2036,MG,Santa Rita do Sapucaí,43260,0,8972,,0,94,,1.0477039679001339,20739.713361072583,217.29079981507167
2037,MG,Santa Rosa da Serra,3350,0,1280,,0,6,,0.46875,38208.9552238806,179.1044776119403
2038,MG,Santa Vitória,19742,6,9342,,0,80,,0.8563476771569257,47320.433593354275,405.2274338972748
2039,MG,Santana da Vargem,7100,0,1422,,0,15,,1.0548523206751055,20028.169014084506,211.2676056338028
2040,MG,Santana de Cataguases,3872,0,1790,,0,9,,0.5027932960893855,46229.3388429752,232.43801652892563
2041,MG,Santana de Pirapama,7642,0,1011,,0,22,,2.1760633036597428,13229.521067783304,287.88275320596705
2042,MG,Santana do Deserto,3976,0,763,,0,18,,2.3591087811271296,19190.140845070422,452.71629778672036
2043,MG,Santana do Garambéu,2458,0,322,,0,6,,1.8633540372670807,13100.081366965014,244.10089503661513
2044,MG,Santana do Jacaré,4821,0,1366,,0,11,,0.8052708638360175,28334.370462559633,228.16842978635137
2045,MG,Santana do Manhuaçu,8674,0,1761,,0,19,,1.0789324247586598,20302.052109753284,219.04542310352778
2046,MG,Santana do Paraíso,34663,0,8080,,0,126,,1.5594059405940595,23310.157805152467,363.49998557539743
2047,MG,Santana do Riacho,4295,0,1213,,0,7,,0.5770816158285244,28242.142025611178,162.98020954598368
2048,MG,Santana dos Montes,3777,0,348,,0,0,,0.0,9213.661636219222,0.0
2049,MG,Santo Antônio do Amparo,18525,0,2514,,0,23,,0.9148766905330152,13570.85020242915,124.1565452091768
2050,MG,Santo Antônio do Aventureiro,3602,0,1370,,0,21,,1.532846715328467,38034.42531926707,583.0094392004441
2051,MG,Santo Antônio do Grama,3911,0,945,,0,11,,1.164021164021164,24162.61825620046,281.2579902838149
2052,MG,Santo Antônio do Itambé,3838,0,525,,0,1,,0.19047619047619047,13678.999478895257,26.05523710265763
2053,MG,Santo Antônio do Jacinto,11640,0,1594,,0,15,,0.9410288582183186,13694.158075601375,128.8659793814433
2054,MG,Santo Antônio do Monte,28243,0,7848,,0,98,,1.2487257900101938,27787.41635095422,346.9886343518748
2055,MG,Santo Antônio do Retiro,7277,0,596,,0,2,,0.33557046979865773,8190.188264394668,27.48385323622372
2056,MG,Santo Antônio do Rio Abaixo,1765,0,138,,0,5,,3.6231884057971016,7818.696883852691,283.28611898017
2057,MG,Santo Hipólito,3087,0,451,,0,7,,1.5521064301552108,14609.65338516359,226.75736961451247
2058,MG,Santos Dumont,46487,0,8173,,0,163,,1.9943717117337574,17581.25927678706,350.6356615828081
2059,MG,São Bento Abade,5286,0,906,,0,10,,1.1037527593818985,17139.61407491487,189.17896329928112
2060,MG,São Brás do Suaçuí,3738,0,1064,,0,9,,0.8458646616541353,28464.419475655428,240.7704654895666
2061,MG,São Domingos das Dores,5644,0,1073,,0,13,,1.211556383970177,19011.339475549255,230.3330970942594
2062,MG,São Domingos do Prata,17359,0,3439,,0,28,,0.8141901715615005,19811.049023561263,161.29961403306643
2063,MG,São Félix de Minas,3369,0,437,,0,8,,1.8306636155606408,12971.208073612348,237.45918670228556
2064,MG,São Francisco,56323,0,3607,,0,85,,2.3565289714444138,6404.133302558457,150.91525664470996
2065,MG,São Francisco de Paula,6527,0,1209,,0,15,,1.240694789081886,18523.058066493028,229.81461620959092
2066,MG,São Francisco de Sales,6238,1,1871,,0,38,,2.030999465526456,29993.587688361655,609.1696056428343
2067,MG,São Francisco do Glória,4844,0,775,,0,10,,1.2903225806451613,15999.174236168456,206.44095788604457
2068,MG,São Geraldo,12366,0,1210,,0,31,,2.56198347107438,9784.894064370046,250.6873685912987
2069,MG,São Geraldo da Piedade,3962,0,616,,0,16,,2.5974025974025974,15547.703180212013,403.8364462392731
2070,MG,São Geraldo do Baixio,4012,0,500,,0,7,,1.4000000000000001,12462.612163509471,174.4765702891326
2071,MG,São Gonçalo do Abaeté,8389,0,1355,,0,18,,1.3284132841328413,16152.103945643104,214.5666944808678
2072,MG,São Gonçalo do Pará,12411,0,769,,0,32,,4.161248374512354,6196.116348400613,257.8357908307147
2073,MG,São Gonçalo do Rio Abaixo,10920,0,3345,,0,32,,0.9566517189835576,30631.868131868134,293.040293040293
2074,MG,São Gonçalo do Rio Preto,3167,0,765,,0,5,,0.6535947712418301,24155.35206820335,157.87811809283232
2075,MG,São Gonçalo do Sapucaí,25449,0,6347,,0,79,,1.2446825271781945,24940.07623089316,310.4247711108492
2076,MG,São Gotardo,35469,1,9215,,0,108,,1.1720021703743895,25980.43361808903,304.49124587668103
2077,MG,São João Batista do Glória,7453,0,2625,,0,36,,1.3714285714285714,35220.71649000402,483.0269690057695
2078,MG,São João da Lagoa,4915,0,668,,0,5,,0.7485029940119761,13591.047812817906,101.7293997965412
2079,MG,São João da Mata,2749,0,1004,,0,12,,1.1952191235059761,36522.37177155329,436.52237177155325
2080,MG,São João da Ponte,25165,0,793,,0,32,,4.03530895334174,3151.2020663620106,127.16073912179614
2081,MG,São João das Missões,13014,0,552,,0,8,,1.4492753623188406,4241.5859843245735,61.472260642385116
2082,MG,São João del Rei,90082,9,21762,,0,274,,1.2590754526238397,24157.989387446993,304.16731422481735
2083,MG,São João do Manhuaçu,11559,0,1324,,0,33,,2.492447129909366,11454.278051734578,285.4918245522969
2084,MG,São João do Manteninha,5859,0,1111,,0,19,,1.7101710171017102,18962.280252602835,324.2874210616146
2085,MG,São João do Oriente,7498,0,1326,,0,36,,2.7149321266968327,17684.715924246466,480.12803414243797
2086,MG,São João do Pacuí,4419,0,258,,0,3,,1.1627906976744187,5838.424983027835,67.88866259334691
2087,MG,São João do Paraíso,23618,0,3025,,0,28,,0.9256198347107438,12808.027775425524,118.55364552459987
2088,MG,São João Evangelista,15774,0,1882,,0,27,,1.434643995749203,11931.025738557119,171.1677443895017
2089,MG,São João Nepomuceno,26361,0,4945,,0,57,,1.1526794742163802,18758.772428967037,216.2285194036645
2090,MG,São Joaquim de Bicas,31578,0,3066,,0,123,,4.011741682974559,9709.291278738361,389.5116853505605
2091,MG,São José da Barra,7426,0,1991,,0,20,,1.0045203415369162,26811.203878265555,269.323996768112
2092,MG,São José da Lapa,23766,0,5477,,0,47,,0.8581340149716999,23045.527223765042,197.76150803669108
2093,MG,São José da Safira,4268,0,592,,0,16,,2.7027027027027026,13870.665417057171,374.88284910965325
2094,MG,São José da Varginha,5004,0,369,,0,1,,0.27100271002710025,7374.10071942446,19.984012789768187
2095,MG,São José do Alegre,4196,0,631,,0,9,,1.4263074484944533,15038.13155386082,214.48999046711154
2096,MG,São José do Divino,3860,0,426,,0,5,,1.1737089201877933,11036.269430051814,129.5336787564767
2097,MG,São José do Goiabal,5420,0,994,,0,19,,1.9114688128772637,18339.483394833947,350.5535055350553
2098,MG,São José do Jacuri,6453,0,793,,0,4,,0.5044136191677175,12288.857895552455,61.98667286533396
2099,MG,São José do Mantimento,2791,0,354,,0,3,,0.847457627118644,12683.62594052311,107.48835542816195
2100,MG,São Lourenço,45851,1,17800,,0,187,,1.050561797752809,38821.39975136856,407.84279514078213
2101,MG,São Miguel do Anta,6938,0,1193,,0,15,,1.2573344509639564,17195.157105794176,216.20063418852695
2102,MG,São Pedro da União,4659,3,1103,,0,11,,0.9972801450589301,23674.608285039707,236.1021678471775
2103,MG,São Pedro do Suaçuí,5246,0,563,,0,13,,2.3090586145648313,10731.986275257339,247.80785360274493
2104,MG,São Pedro dos Ferros,7781,0,891,,0,16,,1.7957351290684627,11450.97031229919,205.62909651715717
2105,MG,São Romão,12337,0,938,,0,8,,0.8528784648187633,7603.145010942692,64.84558644727244
2106,MG,São Roque de Minas,7051,4,2070,,0,24,,1.1594202898550725,29357.537937881152,340.3772514536945
2107,MG,São Sebastião da Bela Vista,5504,0,1321,,0,16,,1.2112036336109009,24000.726744186046,290.69767441860466
2108,MG,São Sebastião da Vargem Alegre,3007,0,488,,0,6,,1.2295081967213115,16228.799467908215,199.53441968739608
2109,MG,São Sebastião do Anta,6555,0,704,,0,15,,2.130681818181818,10739.893211289093,228.83295194508008
2110,MG,São Sebastião do Maranhão,10044,0,1025,,0,5,,0.4878048780487805,10205.09757068897,49.78096375945838
2111,MG,São Sebastião do Oeste,6775,1,1077,,0,18,,1.6713091922005572,15896.678966789668,265.68265682656823
2112,MG,São Sebastião do Paraíso,70956,1,16996,,0,347,,2.04165686043775,23952.872202491686,489.0354585940583
2113,MG,São Sebastião do Rio Preto,1506,0,256,,0,2,,0.78125,16998.67197875166,132.80212483399734
2114,MG,São Sebastião do Rio Verde,2241,2,702,,0,4,,0.5698005698005698,31325.30120481928,178.491744756805
2115,MG,São Tiago,10941,0,2500,,0,19,,0.76,22849.830911251258,173.65871492550954
2116,MG,São Tomás de Aquino,7021,0,1614,,0,33,,2.0446096654275094,22988.17832217633,470.0185158809287
2117,MG,São Tomé das Letras,7089,0,1672,,0,10,,0.5980861244019139,23585.837212582876,141.0636196924813
2118,MG,São Vicente de Minas,7753,0,1026,,0,12,,1.1695906432748537,13233.586998581195,154.77879530504322
2119,MG,Sapucaí-Mirim,6930,0,2243,,0,7,,0.3120820329915292,32366.522366522364,101.01010101010101
2120,MG,Sardoá,6300,0,1066,,0,12,,1.125703564727955,16920.63492063492,190.47619047619048
2121,MG,Sarzedo,32752,0,4783,,0,85,,1.777127325946059,14603.688324377137,259.5261358085002
2122,MG,Sem-Peixe,2633,0,381,,0,7,,1.837270341207349,14470.186099506265,265.8564375237372
2123,MG,Senador Amaral,5356,0,1794,,0,11,,0.6131549609810479,33495.145631067964,205.37714712471995
2124,MG,Senador Cortes,2005,0,739,,0,5,,0.6765899864682002,36857.85536159601,249.37655860349128
2125,MG,Senador Firmino,7812,2,2065,,0,14,,0.6779661016949152,26433.691756272405,179.21146953405017
2126,MG,Senador José Bento,1502,0,488,,0,6,,1.2295081967213115,32490.013315579232,399.46737683089214
2127,MG,Senador Modestino Gonçalves,4156,0,577,,0,8,,1.386481802426343,13883.54186717998,192.49278152069297
2128,MG,Senhora de Oliveira,5786,0,743,,0,10,,1.3458950201884252,12841.341168337367,172.83097131005877
2129,MG,Senhora do Porto,3523,0,435,,0,2,,0.45977011494252873,12347.431166619359,56.76979846721544
2130,MG,Senhora dos Remédios,10459,0,1037,,0,19,,1.832208293153327,9914.905822736398,181.6617267425184
2131,MG,Sericita,7326,0,1123,,0,6,,0.5342831700801425,15328.96532896533,81.9000819000819
2132,MG,Seritinga,1851,0,447,,0,4,,0.8948545861297539,24149.108589951375,216.09940572663425
2133,MG,Serra Azul de Minas,4293,0,320,,0,0,,0.0,7453.994875378524,0.0
2134,MG,Serra da Saudade,781,0,200,,0,0,,0.0,25608.19462227913,0.0
2135,MG,Serra do Salitre,11582,1,3131,,0,49,,1.5649952091983392,27033.327577275086,423.0702814712485
2136,MG,Serra dos Aimorés,8699,2,903,,0,12,,1.3289036544850499,10380.503506150133,137.94689044717782
2137,MG,Serrania,7669,0,1581,,0,29,,1.8342820999367486,20615.46485852132,378.1457817186074
2138,MG,Serranópolis de Minas,4781,0,441,,0,2,,0.45351473922902497,9224.011713030746,41.83225266680611
2139,MG,Serranos,1963,0,368,,0,1,,0.2717391304347826,18746.81609780948,50.94243504839531
2140,MG,Serro,20966,1,2392,,0,24,,1.0033444816053512,11408.947820280455,114.47104836401793
2141,MG,Sete Lagoas,239639,20,50258,125.6055984209582,0,727,0.0,1.4465358748855903,20972.3792871778,303.3729902061017
2142,MG,Setubinha,12258,0,850,,0,7,,0.823529411764706,6934.247022352749,57.105563713493225
2143,MG,Silveirânia,2261,0,279,,0,3,,1.0752688172043012,12339.67271118974,132.68465280849182
2144,MG,Silvianópolis,6238,0,1185,,0,13,,1.0970464135021099,18996.47322859891,208.40012824623275
2145,MG,Simão Pereira,2615,0,547,,0,14,,2.5594149908592323,20917.78202676864,535.3728489483748
2146,MG,Simonésia,19633,0,2942,,0,50,,1.699524133242692,14984.974278001326,254.67325421484236
2147,MG,Sobrália,5553,0,685,,0,24,,3.5036496350364965,12335.674410228707,432.1988114532685
2148,MG,Soledade de Minas,6151,0,1250,,0,11,,0.88,20321.898878231183,178.8327101284344
2149,MG,Tabuleiro,3750,0,675,,0,16,,2.3703703703703702,18000.0,426.6666666666667
2150,MG,Taiobeiras,34132,0,5936,,0,47,,0.7917789757412398,17391.304347826088,137.7006914332591
2151,MG,Taparuba,3110,0,1102,,0,11,,0.9981851179673321,35434.08360128618,353.6977491961415
2152,MG,Tapira,4773,0,1219,,0,9,,0.7383100902378998,25539.492981353447,188.56065367693276
2153,MG,Tapiraí,1875,0,86,,0,4,,4.651162790697675,4586.666666666667,213.33333333333334
2154,MG,Taquaraçu de Minas,4077,0,678,,0,10,,1.4749262536873156,16629.874908020603,245.27839097375522
2155,MG,Tarumirim,14326,0,624,,0,52,,8.333333333333332,4355.716878402904,362.9764065335753
2156,MG,Teixeiras,11661,0,2427,,0,34,,1.4009064688916357,20812.96629791613,291.57019123574304
2157,MG,Teófilo Otoni,140592,0,20711,59.03607602139524,0,399,0.7112780243541594,1.9265124812901355,14731.279162399,283.7999317173097
2158,MG,Timóteo,89842,0,18315,,0,372,,2.031122031122031,20385.788384052004,414.0602390863961
2159,MG,Tiradentes,7981,0,2465,,0,24,,0.973630831643002,30885.853903019673,300.714196216013
2160,MG,Tiros,6480,0,1299,,0,18,,1.3856812933025404,20046.296296296296,277.77777777777777
2161,MG,Tocantins,16659,0,2783,,0,62,,2.227811713977722,16705.684614922862,372.17119875142566
2162,MG,Tocos do Moji,4101,0,1599,,0,10,,0.6253908692933083,38990.49012435991,243.842965130456
2163,MG,Toledo,6258,0,1716,,0,34,,1.9813519813519813,27420.9012464046,543.3045701502077
2164,MG,Tombos,8022,0,1577,,0,22,,1.3950538998097652,19658.439291947143,274.2458239840439
2165,MG,Três Corações,79482,0,23118,,0,326,,1.4101565879401332,29085.830754133014,410.15575853652405
2166,MG,Três Marias,32356,0,6244,,0,93,,1.489429852658552,19297.81184324391,287.4273705031524
2167,MG,Três Pontas,56746,0,13272,,0,192,,1.4466546112115732,23388.432664857435,338.3498396362739
2168,MG,Tumiritinga,6732,0,1084,,0,22,,2.029520295202952,16102.198455139633,326.79738562091507
2169,MG,Tupaciguara,25327,3,6408,,0,140,,2.184769038701623,25301.062107632173,552.769771390216
2170,MG,Turmalina,19964,0,4534,,0,29,,0.6396118217909131,22710.879583249847,145.2614706471649
2171,MG,Turvolândia,5040,0,1931,,0,17,,0.8803728638011392,38313.49206349206,337.3015873015873
2172,MG,Ubá,115552,2,29043,43.27056217114373,0,388,1.730822486845749,1.3359501428915745,25134.138742730545,335.77956244807535
2173,MG,Ubaí,12533,0,1218,,0,2,,0.16420361247947454,9718.343572967367,15.957871219979255
2174,MG,Ubaporanga,12471,0,2228,,0,45,,2.0197486535008977,17865.44783898645,360.837142169834
2175,MG,Uberaba,333783,30,111377,127.9274259024576,0,1711,1.797575071228912,1.5362238164073374,33368.086451377094,512.6084911454448
2176,MG,Uberlândia,691305,28,246814,135.2514447313415,4,3678,2.603771128517803,1.4901909940278915,35702.62040633295,532.0372339271378
2177,MG,Umburatiba,2611,0,304,,0,5,,1.644736842105263,11643.048640367675,191.4975105323631
2178,MG,Unaí,84378,17,25970,,0,335,,1.2899499422410472,30778.16492450639,397.02292066652444
2179,MG,União de Minas,4304,0,811,,0,11,,1.3563501849568433,18842.936802973978,255.57620817843866
2180,MG,Uruana de Minas,3264,0,883,,0,8,,0.9060022650056626,27052.69607843137,245.09803921568627
2181,MG,Urucânia,10358,0,1506,,0,34,,2.257636122177955,14539.486387333462,328.24869665958676
2182,MG,Urucuia,16865,0,1004,,0,8,,0.796812749003984,5953.157426623184,47.43551734361103
2183,MG,Vargem Alegre,6480,0,590,,0,19,,3.2203389830508473,9104.938271604939,293.2098765432099
2184,MG,Vargem Bonita,2153,1,646,,0,4,,0.6191950464396285,30004.644681839294,185.78727357176032
2185,MG,Vargem Grande do Rio Pardo,5007,0,768,,0,7,,0.9114583333333334,15338.526063511084,139.80427401637706
2186,MG,Varginha,135558,13,39467,553.2687115478245,0,460,0.7376916153970994,1.1655306965312793,29114.47498487732,339.33814308266574
2187,MG,Varjão de Minas,7036,0,1641,,0,17,,1.035953686776356,23322.91074474133,241.61455372370668
2188,MG,Várzea da Palma,39493,0,7440,,0,103,,1.3844086021505375,18838.781556225153,260.80571240472995
2189,MG,Varzelândia,19320,0,1125,,0,37,,3.288888888888889,5822.981366459627,191.51138716356107
2190,MG,Vazante,20590,0,5640,,0,75,,1.3297872340425532,27391.937833899956,364.2544924720738
2191,MG,Verdelândia,9355,0,808,,0,9,,1.1138613861386137,8637.092463923036,96.20523784072688
2192,MG,Veredinha,5720,0,674,,0,2,,0.2967359050445104,11783.216783216783,34.96503496503497
2193,MG,Veríssimo,3999,0,1086,,0,11,,1.0128913443830572,27156.789197299324,275.068767191798
2194,MG,Vermelho Novo,4839,0,533,,0,14,,2.6266416510318953,11014.672452986155,289.31597437487085
2195,MG,Vespasiano,127601,2,12523,55.64219716146425,0,253,2.351078753301306,2.020282679869041,9814.18640919742,198.27430819507686
2196,MG,Viçosa,78846,2,20694,,0,172,,0.831158789987436,26246.09999239023,218.14676711564314
2197,MG,Vieiras,3608,0,695,,0,7,,1.0071942446043165,19262.749445676276,194.01330376940135
2198,MG,Virgem da Lapa,13752,6,1221,,0,11,,0.9009009009009009,8878.70855148342,79.98836532867946
2199,MG,Virgínia,8674,0,1920,,0,13,,0.6770833333333334,22135.11643993544,149.87318422872954
2200,MG,Virginópolis,10510,0,1630,,0,14,,0.8588957055214724,15509.039010466222,133.20647002854426
2201,MG,Virgolândia,5380,0,900,,0,14,,1.5555555555555556,16728.624535315987,260.2230483271375
2202,MG,Visconde do Rio Branco,42564,0,9066,,0,142,,1.5662916390911097,21299.68987877079,333.6152617235222
2203,MG,Volta Grande,5252,0,1513,,0,17,,1.1235955056179776,28808.07311500381,323.68621477532366
2204,MG,Wenceslau Braz,2552,0,651,,0,8,,1.228878648233487,25509.404388714735,313.4796238244514
2205,MS,Água Clara,15522,0,5836,,0,74,,1.2679917751884853,37598.24764849891,476.7426877979642
2206,MS,Alcinópolis,5343,0,1081,,0,15,,1.3876040703052728,20232.07935616695,280.7411566535654
2207,MS,Amambai,39396,0,7014,,0,105,,1.4970059880239521,17803.837953091683,266.52452025586354
2208,MS,Anastácio,25135,0,4010,,0,100,,2.493765586034913,15953.849214243088,397.8516013526954
2209,MS,Anaurilândia,9035,1,1609,,0,20,,1.2430080795525171,17808.52241283896,221.36137244050911
2210,MS,Angélica,10780,0,2515,,0,28,,1.1133200795228628,23330.241187384043,259.7402597402597
2211,MS,Antônio João,8956,0,1580,,0,21,,1.3291139240506329,17641.804376953998,234.4796784278696
2212,MS,Aparecida do Taboado,25745,0,7435,,0,80,,1.0759919300605245,28879.394057098467,310.7399495047582
2213,MS,Aquidauana,47871,0,8715,,0,186,,2.134251290877797,18205.176411606193,388.5442125712853
2214,MS,Aral Moreira,12149,0,1279,,0,23,,1.7982799061767005,10527.615441600132,189.3159930858507
2215,MS,Bandeirantes,6788,13,848,,0,12,,1.4150943396226416,12492.63406010607,176.78255745433117
2216,MS,Bataguassu,23024,0,4802,,0,61,,1.2703040399833403,20856.497567755385,264.94093120222374
2217,MS,Batayporã,11329,0,2059,,0,36,,1.7484215638659544,18174.596169123488,317.7685585665107
2218,MS,Bela Vista,24629,3,3344,,0,48,,1.4354066985645932,13577.489950870924,194.89220025173574
2219,MS,Bodoquena,7875,0,1077,,0,25,,2.321262766945218,13676.190476190475,317.46031746031747
2220,MS,Bonito,21976,0,6122,,0,84,,1.3721006207121855,27857.662904987257,382.23516563523845
2221,MS,Brasilândia,11872,0,2699,,0,30,,1.1115227862171175,22734.164420485176,252.69541778975739
2222,MS,Caarapó,30174,0,7289,,0,70,,0.9603512141583207,24156.5586266322,231.9878040697289
2223,MS,Camapuã,13711,1,2292,,0,39,,1.7015706806282722,16716.504995988624,284.44314783750275
2224,MS,Campo Grande,895982,10,222104,54.80020803989365,1,4794,1.339312620119601,2.15844829449267,24788.890848253646,535.0553917377805
2225,MS,Caracol,6116,0,1113,,0,16,,1.4375561545372868,18198.168737737084,261.6088947024199
2226,MS,Cassilândia,21939,2,6026,,0,114,,1.8918021905077995,27467.06777884133,519.6225899083823
2227,MS,Chapadão do Sul,25218,1,9715,,0,84,,0.8646423057128153,38524.070108652544,333.09540804187486
2228,MS,Corguinho,5947,0,599,,0,13,,2.1702838063439067,10072.3053640491,218.59761224146627
2229,MS,Coronel Sapucaia,15253,0,1958,,0,47,,2.400408580183861,12836.8189864289,308.1361043729102
2230,MS,Corumbá,111435,6,22987,11.66599362857271,1,534,3.589536501099295,2.3230521599164744,20628.168887692376,479.203122896756
2231,MS,Costa Rica,20823,0,7885,,0,87,,1.1033608116677236,37866.78192383422,417.8072323872641
2232,MS,Coxim,33543,0,8481,,0,136,,1.6035844829619148,25283.96386727484,405.4497212533166
2233,MS,Deodápolis,12924,0,4107,,0,48,,1.1687363038714391,31778.087279480038,371.4020427112349
2234,MS,Dois Irmãos do Buriti,11385,0,2066,,0,35,,1.6940948693126814,18146.684233640757,307.42204655248133
2235,MS,Douradina,5924,0,1507,,0,15,,0.9953550099535502,25438.892640108035,253.20729237002024
2236,MS,Dourados,222949,6,59418,706.8881223957048,0,786,0.8970661451722143,1.322831465212562,26650.938106921312,352.5469950526802
2237,MS,Eldorado,12353,0,2113,,0,57,,2.6975863700899194,17105.156642111226,461.42637416012303
2238,MS,Fátima do Sul,19189,0,5353,,0,82,,1.5318512983373809,27896.190525822083,427.3281567564751
2239,MS,Figueirão,3051,-18,574,,0,7,,1.2195121951219512,18813.50376925598,229.43297279580466
2240,MS,Glória de Dourados,9965,0,2407,,0,31,,1.2879102617366016,24154.54089312594,311.0888108379328
2241,MS,Guia Lopes da Laguna,9895,0,1948,,0,42,,2.1560574948665296,19686.710459828195,424.45679636179887
2242,MS,Iguatemi,16078,0,1649,,0,19,,1.1522134627046696,10256.250777459883,118.17390222664511
2243,MS,Inocência,7610,6,2320,,0,13,,0.5603448275862069,30486.202365308807,170.82785808147173
2244,MS,Itaporã,24839,3,4199,,0,56,,1.3336508692545843,16904.86734570635,225.45191030234713
2245,MS,Itaquiraí,21142,0,3760,,0,56,,1.4893617021276597,17784.504777220696,264.87560306498915
2246,MS,Ivinhema,23187,1,8926,,0,90,,1.008290387631638,38495.70880234614,388.1485315047225
2247,MS,Japorã,9110,0,231,,0,13,,5.627705627705628,2535.6750823271127,142.70032930845224
2248,MS,Jaraguari,7187,0,711,,0,11,,1.5471167369901548,9892.862112146931,153.0541255043829
2249,MS,Jardim,26097,-2,5375,,0,94,,1.7488372093023254,20596.237115377247,360.19465838985326
2250,MS,Jateí,4027,0,561,,0,9,,1.6042780748663104,13930.965979637447,223.49143282840825
2251,MS,Juti,6712,0,1137,,0,14,,1.2313104661389622,16939.80929678188,208.58164481525628
2252,MS,Ladário,23331,22,4539,,0,74,,1.6303150473672614,19454.802623119456,317.17457460031716
2253,MS,Laguna Carapã,7341,1,1504,,0,15,,0.9973404255319149,20487.671979294377,204.3318348998774
2254,MS,Maracaju,47083,1,13091,,0,126,,0.9624933160186387,27804.09064842937,267.61251407089605
2255,MS,Miranda,28013,0,4762,,0,109,,2.2889542209155818,16999.25034805269,389.10505836575874
2256,MS,Mundo Novo,18366,1,5312,,0,52,,0.9789156626506025,28923.009909615594,283.1318741152129
2257,MS,Naviraí,54878,0,15282,,0,289,,1.891113728569559,27847.224753088667,526.6226903312803
2258,MS,Nioaque,13930,4,2217,,0,29,,1.3080739738385205,15915.290739411343,208.18377602297198
2259,MS,Nova Alvorada do Sul,21882,1,4526,,0,50,,1.104728236853734,20683.666940864638,228.49830911251257
2260,MS,Nova Andradina,54374,0,8868,,0,127,,1.4321154713576905,16309.265457755546,233.56751388531285
2261,MS,Novo Horizonte do Sul,3814,0,899,,0,14,,1.557285873192436,23571.054011536442,367.06869428421606
2262,MS,Paraíso das Águas,5555,0,1416,,0,17,,1.2005649717514124,25490.549054905492,306.0306030603061
2263,MS,Paranaíba,42148,0,9148,,0,190,,2.0769567118495846,21704.46996298757,450.79244566764737
2264,MS,Paranhos,14228,0,1283,,0,25,,1.9485580670303975,9017.430418892325,175.70986786617937
2265,MS,Pedro Gomes,7674,0,1509,,0,23,,1.5241882041086812,19663.799843627836,299.71331769611675
2266,MS,Ponta Porã,92526,1,16958,,0,422,,2.488501002476707,18327.821369128676,456.08801850290723
2267,MS,Porto Murtinho,17131,0,2429,,0,42,,1.729106628242075,14178.973790204891,245.16957562313934
2268,MS,Ribas do Rio Pardo,24615,149,5988,,0,73,,1.2191048764195058,24326.63010359537,296.5671338614666
2269,MS,Rio Brilhante,37514,0,7801,,0,97,,1.243430329444943,20794.90323612518,258.57013381670845
2270,MS,Rio Negro,4831,0,1390,,0,12,,0.8633093525179856,28772.510867315254,248.3957772717864
2271,MS,Rio Verde de Mato Grosso,19746,1,4197,,0,88,,2.096735763640696,21254.937708903068,445.65988048212296
2272,MS,Rochedo,5499,0,881,,0,13,,1.4755959137343928,16021.094744499002,236.4066193853428
2273,MS,Santa Rita do Pardo,7851,4,2378,,0,15,,0.6307821698906644,30289.135142020124,191.05846388995033
2274,MS,São Gabriel do Oeste,26771,0,6327,,0,100,,1.58052789631737,23633.78282469837,373.53853049942103
2275,MS,Selvíria,6529,0,1081,,0,22,,2.0351526364477337,16556.899984683718,336.9581865523051
2276,MS,Sete Quedas,10791,0,1845,,0,26,,1.4092140921409213,17097.581317764805,240.94152534519506
2277,MS,Sidrolândia,57665,1,9996,,0,181,,1.8107242897158864,17334.605046388624,313.8819041012746
2278,MS,Sonora,19274,0,3338,,0,44,,1.318154583582984,17318.66763515617,228.28681124831377
2279,MS,Tacuru,11552,-1,1658,,0,19,,1.1459589867310012,14352.493074792244,164.4736842105263
2280,MS,Taquarussu,3588,0,656,,0,9,,1.3719512195121952,18283.166109253067,250.8361204013378
2281,MS,Terenos,21806,0,3468,,0,86,,2.4798154555940024,15903.879666146933,394.38686600018343
2282,MS,Três Lagoas,121388,-2,34092,38.71881899364023,0,570,0.0,1.671946497712073,28085.14844959963,469.56865588031764
2283,MS,Vicentina,6102,0,2097,,0,36,,1.7167381974248928,34365.78171091445,589.9705014749262
2284,MT,,0,0,0,,0,0,,,,
2285,MT,Acorizal,5399,0,1752,,0,24,,1.36986301369863,32450.453787738472,444.52676421559545
2286,MT,Água Boa,25721,4,6648,,0,108,,1.6245487364620936,25846.584502935344,419.89036196104354
2287,MT,Alta Floresta,51782,0,19538,,0,194,,0.9929368410277408,37731.257966088604,374.64756092850797
2288,MT,Alto Araguaia,19044,0,3718,,0,37,,0.9951586874663798,19523.209409787858,194.2869145137576
2289,MT,Alto Boa Vista,6822,0,1912,,0,20,,1.0460251046025104,28026.971562591614,293.1691586045148
2290,MT,Alto Garças,12030,0,1472,,0,47,,3.192934782608696,12236.076475477972,390.68994181213634
2291,MT,Alto Paraguai,11356,0,1150,,0,33,,2.869565217391304,10126.805213103205,290.59528002817893
2292,MT,Alto Taquari,10847,0,1833,,0,31,,1.691216584833606,16898.681663132666,285.79330690513507
2293,MT,Apiacás,10133,0,3817,,0,21,,0.5501702908042966,37669.002269811506,207.24365933089905
2294,MT,Araguaiana,3100,0,716,,0,9,,1.2569832402234637,23096.774193548386,290.32258064516134
2295,MT,Araguainha,935,0,113,,0,2,,1.7699115044247788,12085.561497326202,213.90374331550802
2296,MT,Araputanga,16822,0,5506,,0,61,,1.1078823102070467,32730.94756866009,362.6203780763286
2297,MT,Arenápolis,9607,0,3526,,0,44,,1.2478729438457177,36702.404496721145,457.99937545539717
2298,MT,Aripuanã,22354,0,7020,,0,60,,0.8547008547008548,31403.77561062897,268.40833855238435
2299,MT,Barão de Melgaço,8564,0,1347,,0,19,,1.4105419450631032,15728.631480616534,221.85894441849604
2300,MT,Barra do Bugres,34966,0,9671,,0,108,,1.1167407713783475,27658.296631012985,308.87147514728593
2301,MT,Barra do Garças,61012,9,19453,,0,413,,2.1230658510255487,31883.891693437356,676.9160165213401
2302,MT,Bom Jesus do Araguaia,6580,0,1213,,0,17,,1.4014839241549877,18434.65045592705,258.3586626139818
2303,MT,Brasnorte,19695,0,3981,,0,46,,1.1554885707108766,20213.252094440213,233.56181772023356
2304,MT,Cáceres,94376,3,23910,,0,498,,2.082810539523212,25334.83088920912,527.6765279308299
2305,MT,Campinápolis,15980,0,3403,,0,55,,1.616220981486923,21295.369211514393,344.180225281602
2306,MT,Campo Novo do Parecis,35360,1,13100,,0,107,,0.816793893129771,37047.5113122172,302.60180995475116
2307,MT,Campo Verde,44041,1,10824,,0,159,,1.4689578713968958,24577.09861265639,361.0272246315933
2308,MT,Campos de Júlio,6891,0,1859,,0,15,,0.8068854222700376,26977.216659410824,217.67522855899
2309,MT,Canabrava do Norte,4743,0,1263,,0,15,,1.187648456057007,26628.716002530044,316.25553447185325
2310,MT,Canarana,21579,0,7660,,0,88,,1.1488250652741514,35497.47439640391,407.8038834051625
2311,MT,Carlinda,10305,0,4069,,0,38,,0.9338903907594004,39485.68655992237,368.75303250849106
2312,MT,Castanheira,8729,0,2187,,0,32,,1.4631915866483767,25054.416313437967,366.5941115820827
2313,MT,Chapada dos Guimarães,19752,0,2861,,0,104,,3.635092624956309,14484.609153503441,526.52895909275
2314,MT,Cláudia,12149,0,4118,,0,51,,1.238465274405051,33895.79389250144,419.78763684253846
2315,MT,Cocalinho,5700,0,2236,,0,18,,0.8050089445438283,39228.070175438595,315.7894736842105
2316,MT,Colíder,33438,0,14188,,0,171,,1.2052438680575133,42430.76739039416,511.39422214247264
2317,MT,Colniza,38582,0,5995,,0,96,,1.6013344453711424,15538.333938105852,248.82069358768337
2318,MT,Comodoro,20763,0,4153,,0,46,,1.1076330363592584,20001.926503877086,221.54794586524105
2319,MT,Confresa,30933,-1,6765,,0,122,,1.8033998521803403,21869.847735428182,394.40080173277727
2320,MT,Conquista D'Oeste,4038,1,1380,,0,20,,1.4492753623188406,34175.33432392273,495.2947003467063
2321,MT,Cotriguaçu,19750,0,2278,,0,40,,1.755926251097454,11534.177215189873,202.53164556962025
2322,MT,Cuiabá,612547,8,160076,178.43528741468,0,3778,0.4897583369112901,2.360128938754092,26132.851846470556,616.7689989502846
2323,MT,Curvelândia,5219,0,1262,,0,20,,1.5847860538827259,24180.877562751484,383.2151753209427
2324,MT,Denise,9462,0,1400,,0,21,,1.5,14796.026210103571,221.94039315155356
2325,MT,Diamantino,22041,0,6555,,0,76,,1.1594202898550725,29740.029944194906,344.81194138197
2326,MT,Dom Aquino,8178,0,1604,,0,32,,1.99501246882793,19613.597456590855,391.29371484470533
2327,MT,Feliz Natal,14192,0,4313,,0,36,,0.8346858335265477,30390.360766629088,253.6640360766629
2328,MT,Figueirópolis D'Oeste,3494,0,882,,0,9,,1.0204081632653061,25243.27418431597,257.5844304522038
2329,MT,Gaúcha do Norte,7648,0,2529,,0,31,,1.2257809410834322,33067.46861924686,405.3347280334728
2330,MT,General Carneiro,5540,0,1266,,0,25,,1.9747235387045814,22851.985559566787,451.2635379061372
2331,MT,Glória D'Oeste,3026,0,809,,0,16,,1.9777503090234856,26734.9636483807,528.7508261731658
2332,MT,Guarantã do Norte,35816,0,9782,,0,149,,1.5232058883663873,27311.815948179585,416.0151887424615
2333,MT,Guiratinga,15141,0,2915,,0,42,,1.4408233276157805,19252.361138630207,277.39251040221916
2334,MT,Indiavaí,2752,0,992,,0,15,,1.5120967741935485,36046.51162790698,545.0581395348837
2335,MT,Ipiranga do Norte,7667,0,2613,,0,23,,0.8802143130501339,34081.12690752576,299.98695708882224
2336,MT,Itanhangá,6737,0,2839,,0,19,,0.6692497358224727,42140.418583939434,282.0246400474989
2337,MT,Itaúba,3802,0,2008,,0,33,,1.643426294820717,52814.30825881115,867.9642293529721
2338,MT,Itiquira,13345,0,2116,,0,19,,0.8979206049149339,15856.125889846384,142.3754215061821
2339,MT,Jaciara,27776,0,5244,,0,129,,2.459954233409611,18879.608294930873,464.4297235023041
2340,MT,Jangada,8409,0,974,,0,29,,2.97741273100616,11582.827922464026,344.86859317398023
2341,MT,Jauru,8793,0,1786,,0,40,,2.2396416573348263,20311.61150915501,454.90731263505063
2342,MT,Juara,34974,0,8446,,0,107,,1.2668718920198911,24149.36810201864,305.9415565848916
2343,MT,Juína,40997,0,7027,,0,164,,2.333855130212039,17140.278556967583,400.029270434422
2344,MT,Juruena,15865,0,2946,,0,43,,1.4596062457569587,18569.177434604477,271.0368736211787
2345,MT,Juscimeira,11221,0,2664,,0,54,,2.027027027027027,23741.199536583194,481.2405311469566
2346,MT,Lambari D'Oeste,6121,0,1284,,0,17,,1.32398753894081,20976.964548276424,277.7323966672113
2347,MT,Lucas do Rio Verde,65534,0,31022,,0,227,,0.7317387660370059,47337.26004821924,346.3850825525681
2348,MT,Luciara,2077,0,709,,0,7,,0.9873060648801129,34135.77274915744,337.0245546461242
2349,MT,Marcelândia,10499,1,2442,,0,50,,2.0475020475020473,23259.358034098484,476.2358319839985
2350,MT,Matupá,16566,0,6467,,0,65,,1.0051028297510438,39037.78824097549,392.36991428226486
2351,MT,Mirassol d'Oeste,27739,0,9438,,0,160,,1.6952744225471499,34024.29791989618,576.8052200872418
2352,MT,Nobres,15336,0,4219,,0,80,,1.8961839298411947,27510.432968179448,521.6484089723526
2353,MT,Nortelândia,5989,0,1737,,0,32,,1.8422567645365575,29003.172482885293,534.3129069961597
2354,MT,Nossa Senhora do Livramento,13216,0,2122,,0,46,,2.167766258246937,16056.295399515739,348.0629539951574
2355,MT,Nova Bandeirantes,15288,0,2095,,0,31,,1.4797136038186158,13703.55834641549,202.77341705913133
2356,MT,Nova Brasilândia,3829,0,812,,0,10,,1.2315270935960592,21206.581352833637,261.1647949856359
2357,MT,Nova Canaã do Norte,12787,0,4781,,0,41,,0.8575611796695252,37389.53624775162,320.63814811918354
2358,MT,Nova Guarita,4519,0,2104,,0,19,,0.9030418250950569,46558.97322416464,420.4470015490153
2359,MT,Nova Lacerda,6640,0,2532,,0,17,,0.6714060031595577,38132.530120481926,256.0240963855422
2360,MT,Nova Marilândia,3278,0,1008,,0,8,,0.7936507936507936,30750.45759609518,244.05125076266015
2361,MT,Nova Maringá,8641,0,1760,,0,11,,0.625,20368.012961462795,127.30008100914246
2362,MT,Nova Monte Verde,9178,0,3444,,0,24,,0.6968641114982579,37524.51514491175,261.49487905861844
2363,MT,Nova Mutum,45378,2,18178,,0,162,,0.8911871493013532,40059.059456124116,357.00119000396666
2364,MT,Nova Nazaré,3849,2,565,,0,9,,1.592920353982301,14679.137438295662,233.82696804364772
2365,MT,Nova Olímpia,20301,0,1846,,0,81,,4.387865655471289,9093.148120782227,398.9951233929363
2366,MT,Nova Santa Helena,3718,0,778,,0,17,,2.185089974293059,20925.228617536308,457.23507261968797
2367,MT,Nova Ubiratã,11982,0,2851,,0,30,,1.052262364082778,23794.024369888164,250.37556334501755
2368,MT,Nova Xavantina,21374,0,6691,,0,83,,1.2404722761918996,31304.388509403947,388.3222606905586
2369,MT,Novo Horizonte do Norte,4004,0,1609,,0,9,,0.5593536357986327,40184.81518481519,224.77522477522479
2370,MT,Novo Mundo,9178,0,2390,,0,27,,1.1297071129707115,26040.53170625408,294.18173894094576
2371,MT,Novo Santo Antônio,2640,0,1042,,0,6,,0.5758157389635317,39469.69696969697,227.27272727272725
2372,MT,Novo São Joaquim,5074,0,1583,,0,24,,1.5161086544535691,31198.26566811194,472.9996058336618
2373,MT,Paranaíta,11225,0,5988,,0,39,,0.6513026052104208,53345.21158129176,347.4387527839644
2374,MT,Paranatinga,22563,0,6085,,0,92,,1.5119145439605586,26968.93143642246,407.74719673802247
2375,MT,Pedra Preta,17626,0,3796,,0,73,,1.9230769230769231,21536.36673096562,414.1608986724158
2376,MT,Peixoto de Azevedo,34976,0,6926,,0,149,,2.151313889691019,19802.150045745653,426.00640439158275
2377,MT,Planalto da Serra,2662,0,1176,,0,12,,1.0204081632653061,44177.31029301277,450.78888054094665
2378,MT,Poconé,32843,0,7114,,0,106,,1.490019679505201,21660.62783545961,322.7476174527297
2379,MT,Pontal do Araguaia,6711,1,1795,,0,29,,1.615598885793872,26747.13157502608,432.1263597079422
2380,MT,Ponte Branca,1576,0,456,,0,6,,1.3157894736842104,28934.010152284263,380.71065989847716
2381,MT,Pontes e Lacerda,45436,3,14948,,0,261,,1.746052983676746,32899.02280130293,574.4343692226429
2382,MT,Porto Alegre do Norte,12517,1,2247,,0,27,,1.2016021361815754,17951.585843253175,215.70663897099942
2383,MT,Porto dos Gaúchos,5410,0,2685,,0,14,,0.521415270018622,49630.314232902034,258.7800369685767
2384,MT,Porto Esperidião,12017,0,2477,,0,65,,2.624142107387969,20612.465673629027,540.9003911125905
2385,MT,Porto Estrela,2963,0,1101,,0,16,,1.4532243415077202,37158.28552143098,539.9932500843739
2386,MT,Poxoréu,16219,0,4421,,0,64,,1.4476362813843022,27258.154016893764,394.59892718416666
2387,MT,Primavera do Leste,62019,12,27624,,0,357,,1.292354474370113,44541.18899047066,575.6300488559957
2388,MT,Querência,17479,1,5596,,0,77,,1.3759828448892066,32015.561530980034,440.5286343612335
2389,MT,Reserva do Cabaçal,2732,0,810,,0,8,,0.9876543209876543,29648.60907759883,292.82576866764276
2390,MT,Ribeirão Cascalheira,10206,0,2888,,0,42,,1.4542936288088644,28297.080148932004,411.522633744856
2391,MT,Ribeirãozinho,2405,0,514,,0,12,,2.3346303501945527,21372.141372141374,498.96049896049897
2392,MT,Rio Branco,5156,0,1778,,0,22,,1.2373453318335208,34484.09619860357,426.68735453840185
2393,MT,Rondolândia,4001,0,750,,0,5,,0.6666666666666667,18745.313671582102,124.96875781054736
2394,MT,Rondonópolis,232491,2,46556,76.56210347927447,0,1014,0.860248353699713,2.1780221668528226,20024.86117742192,436.1459153257545
2395,MT,Rosário Oeste,17151,0,4057,,0,67,,1.6514666009366525,23654.597399568538,390.64777563990435
2396,MT,Salto do Céu,3365,0,297,,0,10,,3.3670033670033668,8826.151560178307,297.17682020802374
2397,MT,Santa Carmem,4525,0,1850,,0,16,,0.8648648648648649,40883.97790055249,353.5911602209945
2398,MT,Santa Cruz do Xingu,2564,0,772,,0,7,,0.9067357512953367,30109.204368174724,273.01092043681746
2399,MT,Santa Rita do Trivelato,3429,0,539,,0,4,,0.7421150278293136,15718.868474773986,116.65208515602218
2400,MT,Santa Terezinha,8371,0,1280,,0,17,,1.328125,15290.885198900967,203.08206904790347
2401,MT,Santo Afonso,3146,0,697,,0,14,,2.008608321377331,22155.117609663062,445.00953591862685
2402,MT,Santo Antônio do Leste,5174,0,542,,0,9,,1.6605166051660518,10475.454194047159,173.94665635871667
2403,MT,Santo Antônio do Leverger,16628,0,2589,,0,71,,2.742371572035535,15570.122684628337,426.9906182343036
2404,MT,São Félix do Araguaia,11708,2,3377,,0,44,,1.3029315960912053,28843.525794328663,375.81141100102496
2405,MT,São José do Povo,4063,0,267,,0,9,,3.3707865168539324,6571.498892444007,221.5111986217081
2406,MT,São José do Rio Claro,20664,0,2992,,0,48,,1.6042780748663104,14479.287650019356,232.28803716608596
2407,MT,São José do Xingu,5595,0,1429,,0,22,,1.5395381385584324,25540.66130473637,393.2082216264522
2408,MT,São José dos Quatro Marcos,18906,0,5989,,0,123,,2.0537652362664884,31677.774251560353,650.5871152015234
2409,MT,São Pedro da Cipa,4727,0,1356,,0,28,,2.0648967551622417,28686.270361751638,592.3418658768776
2410,MT,Sapezal,25881,0,8349,,0,66,,0.7905138339920948,32259.18627564623,255.01333024226264
2411,MT,Serra Nova Dourada,1650,0,780,,0,7,,0.8974358974358974,47272.72727272727,424.2424242424243
2412,MT,Sinop,142996,2,44420,500.0139864052142,0,515,0.0,1.1593876632147682,31063.80598058687,360.1499342638955
2413,MT,Sorriso,90313,0,28762,,0,258,,0.8970168972950421,31847.02091614718,285.6731589029265
2414,MT,Tabaporã,9489,0,2180,,0,28,,1.2844036697247707,22973.969859837707,295.0785119612183
2415,MT,Tangará da Serra,103750,1,31533,209.1566265060241,0,405,0.0,1.2843687565407669,30393.253012048193,390.3614457831325
2416,MT,Tapurah,13705,0,4907,,0,37,,0.7540248624414102,35804.4509303174,269.97446187522803
2417,MT,Terra Nova do Norte,9667,-1,3140,,0,45,,1.4331210191082804,32481.638564187444,465.5011896141512
2418,MT,Tesouro,3805,0,817,,0,16,,1.9583843329253363,21471.74770039422,420.4993429697766
2419,MT,Torixoréu,3609,0,1299,,0,24,,1.8475750577367205,35993.34995843724,665.0041562759767
2420,MT,União do Sul,3525,0,1677,,0,16,,0.9540846750149076,47574.46808510638,453.90070921985813
2421,MT,Vale de São Domingos,3127,0,722,,0,11,,1.5235457063711912,23089.2228973457,351.77486408698434
2422,MT,Várzea Grande,284971,4,62836,55.09332528573083,0,1550,0.0,2.4667388121459037,22049.96297868906,543.9149948591261
2423,MT,Vera,11309,0,2274,,0,37,,1.6270888302550572,20107.878680696787,327.1730480148554
2424,MT,Vila Bela da Santíssima Trindade,16128,-1,4241,,0,60,,1.4147606696533837,26295.882936507936,372.0238095238095
2425,MT,Vila Rica,26037,0,4939,,0,55,,1.1135857461024499,18969.159273341782,211.23785382340515
2426,PA,Abaetetuba,157698,0,13307,8.877728316148588,0,247,0.0,1.8561659277072218,8438.280764499234,156.62849243490723
2427,PA,Abel Figueiredo,7434,0,1485,,0,13,,0.8754208754208754,19975.786924939468,174.87220877051385
2428,PA,Acará,55591,0,2633,,0,46,,1.7470565894417016,4736.378190714324,82.74720728175424
2429,PA,Afuá,39218,0,3724,,0,20,,0.5370569280343717,9495.639757254321,50.99699117752052
2430,PA,Água Azul do Norte,27430,0,1942,,0,19,,0.9783728115345005,7079.839591687933,69.26722566532993
2431,PA,Alenquer,56789,0,6759,,0,181,,2.677910933570055,11901.952842980154,318.7236964905175
2432,PA,Almeirim,34109,0,4926,,0,57,,1.1571254567600486,14441.93614588525,167.11131959306928
2433,PA,Altamira,114594,0,26563,246.0861825226452,0,364,0.0,1.3703271467831193,23180.096689180933,317.6431575824214
2434,PA,Anajás,29277,0,1393,,0,24,,1.7229002153625268,4758.001161321174,81.97561225535402
2435,PA,Ananindeua,530598,0,36216,19.41205960067697,0,890,0.0,2.4574773580737794,6825.506315515701,167.73527227769424
2436,PA,Anapu,27890,0,2969,,0,71,,2.3913775682047826,10645.392613840086,254.5715310147006
2437,PA,Augusto Corrêa,45998,0,3269,,0,60,,1.8354236769654328,7106.830731770947,130.4404539327797
2438,PA,Aurora do Pará,31338,0,2534,,0,20,,0.7892659826361484,8086.029740251452,63.820282085646824
2439,PA,Aveiro,16388,0,1326,,0,15,,1.1312217194570136,8091.286307053942,91.5303880888455
2440,PA,Bagre,30673,0,1394,,0,13,,0.9325681492109038,4544.713591758224,42.38255142959606
2441,PA,Baião,47446,0,1034,,0,40,,3.8684719535783367,2179.3196475993764,84.30636934620411
2442,PA,Bannach,3286,0,774,,0,3,,0.3875968992248062,23554.47352404139,91.29640900791236
2443,PA,Barcarena,124680,0,15782,23.2595444337504,0,262,0.0,1.6601191230515777,12658.004491498234,210.13795316008984
2444,PA,Belém,1492745,0,161629,18.62340855269989,0,5566,1.40680424318956,3.4436889419596732,10827.636334404067,372.87011512348056
2445,PA,Belterra,17732,0,3609,,0,50,,1.3854253255749516,20353.034062711482,281.9760884277013
2446,PA,Benevides,62737,0,7645,,0,122,,1.5958142576847614,12185.791478712721,194.46259782903232
2447,PA,Bom Jesus do Tocantins,16981,0,1571,,0,29,,1.8459579885423298,9251.516400683116,170.7791060597138
2448,PA,Bonito,16286,0,545,,0,18,,3.302752293577982,3346.432518727742,110.52437676531991
2449,PA,Bragança,127686,0,8415,39.94173206146328,0,203,0.0,2.4123588829471183,6590.385790141441,158.98375702896166
2450,PA,Brasil Novo,15086,0,5034,,0,50,,0.9932459276916964,33368.68619912501,331.4331167970304
2451,PA,Brejo Grande do Araguaia,7380,0,1434,,0,6,,0.41841004184100417,19430.89430894309,81.30081300813008
2452,PA,Breu Branco,66046,0,1834,,0,74,,4.0348964013086155,2776.852496744693,112.04312146080005
2453,PA,Breves,102701,0,6864,0.9737003534532283,0,128,0.0,1.8648018648018647,6683.479226102959,124.63364524201322
2454,PA,Bujaru,29132,0,2120,,0,43,,2.0283018867924527,7277.220925442813,147.60400933681177
2455,PA,Cachoeira do Arari,23767,0,635,,0,27,,4.251968503937007,2671.7717844069507,113.60289477005932
2456,PA,Cachoeira do Piriá,33900,0,1810,,0,12,,0.6629834254143646,5339.233038348082,35.39823008849557
2457,PA,Cametá,137890,0,12515,8.70258902023352,0,322,0.0,2.572912504994007,9076.075132351874,233.5194720429328
2458,PA,Canaã dos Carajás,37085,0,12234,,0,138,,1.1280039234919077,32989.07914251045,372.1181070513685
2459,PA,Capanema,69027,0,8388,,0,140,,1.6690510252742015,12151.766699986962,202.81918669506138
2460,PA,Capitão Poço,54303,0,4181,,0,101,,2.4156900263094956,7699.390457249139,185.9934073623925
2461,PA,Castanhal,200793,0,18661,22.41113983057178,0,588,0.4980253295682618,3.1509565403783295,9293.650675073333,292.838893786138
2462,PA,Chaves,23717,0,1076,,0,7,,0.6505576208178439,4536.830121853523,29.514694101277566
2463,PA,Colares,12085,0,1164,,0,23,,1.9759450171821304,9631.774927596194,190.31857674803476
2464,PA,Conceição do Araguaia,47864,0,10252,,0,63,,0.6145142411236832,21419.02055824837,131.62293163964566
2465,PA,Concórdia do Pará,33318,0,3321,,0,37,,1.1141222523336345,9967.585089141005,111.05108349840926
2466,PA,Cumaru do Norte,13473,0,1558,,0,13,,0.8344030808729139,11563.868477696133,96.48927484598826
2467,PA,Curionópolis,17929,0,2832,,0,39,,1.3771186440677965,15795.63835127447,217.52468068492385
2468,PA,Curralinho,34448,0,587,,0,36,,6.132879045996593,1704.0176497909895,104.50534138411518
2469,PA,Curuá,14393,0,2963,,0,26,,0.8774890313871078,20586.396164802332,180.64336830403667
2470,PA,Curuçá,40066,0,2975,,0,93,,3.1260504201680672,7425.248340238606,232.11700693855138
2471,PA,Dom Eliseu,59719,0,3332,,0,73,,2.1908763505402162,5579.46382223413,122.23915336827474
2472,PA,Eldorado do Carajás,33808,0,1445,,0,37,,2.5605536332179932,4274.1362991008045,109.44155229531472
2473,PA,Faro,7194,0,1542,,0,31,,2.0103761348897535,21434.528773978316,430.9146510981373
2474,PA,Floresta do Araguaia,20304,0,2334,,0,30,,1.2853470437017995,11495.271867612293,147.75413711583923
2475,PA,Garrafão do Norte,26066,0,2210,,0,15,,0.6787330316742082,8478.477710427376,57.546228803805725
2476,PA,Goianésia do Pará,40475,0,3845,,0,40,,1.0403120936280885,9499.691167387276,98.82643607164916
2477,PA,Gurupá,33376,0,2669,,0,15,,0.5620082427875608,7996.76414189837,44.942473633748804
2478,PA,Igarapé-Açu,38807,0,3918,,0,92,,2.348136804492088,10096.116679980416,237.0706315870848
2479,PA,Igarapé-Miri,62698,0,4878,,0,101,,2.070520705207052,7780.152476953013,161.08966793199144
2480,PA,Inhangapi,11711,0,767,,0,17,,2.216427640156454,6549.398001878576,145.16266757749125
2481,PA,Ipixuna do Pará,64053,0,2911,,0,50,,1.7176228100309172,4544.6739418918705,78.060356267466
2482,PA,Irituia,32550,0,2534,,0,25,,0.9865824782951855,7784.94623655914,76.80491551459293
2483,PA,Itaituba,101247,0,17723,5.926101514118936,0,414,0.0,2.3359476386616262,17504.716189121653,408.9010044742067
2484,PA,Itupiranga,53269,0,2750,,0,92,,3.3454545454545452,5162.477238168541,172.70832942236572
2485,PA,Jacareacanga,8239,0,3711,,0,43,,1.158717326866074,45041.874013836634,521.9079985435126
2486,PA,Jacundá,59155,0,3308,,0,85,,2.569528415961306,5592.0885808469275,143.69030513058914
2487,PA,Juruti,57943,0,7307,,0,183,,2.5044477897906114,12610.669105845398,315.8276236991526
2488,PA,Limoeiro do Ajuru,28935,0,2181,,0,68,,3.1178358551123337,7537.5842405391395,235.00950406082598
2489,PA,Mãe do Rio,30077,0,2405,,0,84,,3.492723492723493,7996.143232370249,279.2831731888154
2490,PA,Magalhães Barata,8548,0,868,,0,17,,1.9585253456221197,10154.422087037903,198.876930276088
2491,PA,Marabá,279349,0,28198,81.61833405524987,0,549,0.0,1.9469465919568762,10094.183261797967,196.52835700145698
2492,PA,Maracanã,29473,0,1070,,0,53,,4.953271028037383,3630.4414209615584,179.82560309435755
2493,PA,Marapanim,28336,0,1347,,0,47,,3.4892353377876764,4753.670242800677,165.86674195369847
2494,PA,Marituba,131521,0,7255,25.85138494993195,0,156,0.7603348514685867,2.150241212956582,5516.229347404597,118.61223682909953
2495,PA,Medicilândia,31597,0,5905,,0,70,,1.1854360711261642,18688.483083837073,221.540019622116
2496,PA,Melgaço,27654,0,618,,0,17,,2.750809061488673,2234.7580820134517,61.47392782237651
2497,PA,Mocajuba,31136,0,3986,,0,67,,1.6808830908178627,12801.901336073997,215.18499486125387
2498,PA,Moju,82094,0,3239,,0,76,,2.3464032108675514,3945.4771359660876,92.5768022023534
2499,PA,Mojuí dos Campos,16084,0,2599,,0,35,,1.3466717968449404,16158.915692613778,217.60756030838098
2500,PA,Monte Alegre,58032,0,11250,,0,218,,1.9377777777777778,19385.856079404468,375.6548111386821
2501,PA,Muaná,40349,0,1688,,0,44,,2.6066350710900474,4183.49897147389,109.04855138912984
2502,PA,Nova Esperança do Piriá,21368,0,1929,,0,12,,0.6220839813374806,9027.517783601648,56.15874204417821
2503,PA,Nova Ipixuna,16678,0,1949,,0,29,,1.4879425346331452,11686.05348363113,173.881760402926
2504,PA,Nova Timboteua,15363,0,1257,,0,22,,1.7501988862370723,8181.995703964069,143.20119768274424
2505,PA,Novo Progresso,25762,0,4227,,0,87,,2.0581973030518097,16407.887586367517,337.70669979038894
2506,PA,Novo Repartimento,75919,0,3821,,0,120,,3.1405391258832767,5032.9956927778285,158.0631989357078
2507,PA,Óbidos,52137,0,9071,,0,167,,1.8410318597729027,17398.392696165873,320.3099526248154
2508,PA,Oeiras do Pará,32512,0,2591,,0,52,,2.0069471246622927,7969.365157480315,159.94094488188975
2509,PA,Oriximiná,73096,0,13628,,0,225,,1.651012621074259,18643.975046514173,307.81438108788444
2510,PA,Ourém,17842,0,429,,0,19,,4.428904428904429,2404.438964241677,106.49030377760342
2511,PA,Ourilândia do Norte,32832,0,7764,,0,65,,0.8371973209685728,23647.66081871345,197.97758284600388
2512,PA,Pacajá,47706,0,3054,,0,63,,2.06286836935167,6401.710476669602,132.05886052068922
2513,PA,Palestina do Pará,7589,0,1037,,0,13,,1.253616200578592,13664.514428778495,171.3005666095665
2514,PA,Paragominas,113145,0,15624,102.5233107958814,0,270,0.0,1.7281105990783412,13808.829378231474,238.63184409386187
2515,PA,Parauapebas,208273,0,67438,127.7169868393887,0,532,0.4801390482683786,0.7888727423707702,32379.617137122914,255.43397367877736
2516,PA,Pau D'Arco,5483,0,1212,,0,12,,0.9900990099009901,22104.68721502827,218.85828925770562
2517,PA,Peixe-Boi,8077,0,358,,0,4,,1.1173184357541899,4432.338739631051,49.52333787297264
2518,PA,Piçarra,12981,0,1506,,0,9,,0.5976095617529881,11601.571527617287,69.33210076265311
2519,PA,Placas,30982,0,3055,,0,50,,1.6366612111292964,9860.56419856691,161.38402943644698
2520,PA,Ponta de Pedras,31082,0,4683,,0,39,,0.8327994875080076,15066.598031014735,125.4745511871823
2521,PA,Portel,62043,0,3926,,0,102,,2.598064187468161,6327.869380913237,164.40210821527006
2522,PA,Porto de Moz,41135,0,1819,,0,47,,2.583837273227048,4422.025039504072,114.2579312021393
2523,PA,Prainha,29866,0,3247,,0,95,,2.9257776408992915,10871.894461929955,318.08745730931497
2524,PA,Primavera,10825,0,1185,,0,23,,1.9409282700421944,10946.88221709007,212.47113163972287
2525,PA,Quatipuru,13608,0,1009,,0,19,,1.8830525272547076,7414.7560258671365,139.62375073486186
2526,PA,Redenção,84787,0,21787,,0,303,,1.3907375958140176,25696.156250368567,357.36610565298923
2527,PA,Rio Maria,18193,0,3464,,0,45,,1.2990762124711317,19040.29022151377,247.34788105315232
2528,PA,Rondon do Pará,52357,0,3811,,0,94,,2.4665442141170297,7278.8738850583495,179.53664266478216
2529,PA,Rurópolis,50510,0,6944,,0,87,,1.2528801843317972,13747.772718273609,172.24312017422292
2530,PA,Salinópolis,40675,0,1769,,0,114,,6.44431882419446,4349.108789182545,280.27043638598644
2531,PA,Salvaterra,23752,0,2208,,0,32,,1.4492753623188406,9296.059279218593,134.72549680026944
2532,PA,Santa Bárbara do Pará,21079,0,1690,,0,30,,1.7751479289940828,8017.458133687556,142.3217420181223
2533,PA,Santa Cruz do Arari,10128,0,269,,0,12,,4.4609665427509295,2656.003159557662,118.48341232227489
2534,PA,Santa Izabel do Pará,70801,0,4305,,0,112,,2.6016260162601625,6080.42259290123,158.18985607547916
2535,PA,Santa Luzia do Pará,19848,0,2284,,0,27,,1.182136602451839,11507.4566706973,136.03385731559857
2536,PA,Santa Maria das Barreiras,21449,0,988,,0,13,,1.3157894736842104,4606.275350832207,60.60888619516062
2537,PA,Santa Maria do Pará,24861,0,1836,,0,39,,2.1241830065359477,7385.060938819839,156.87220948473512
2538,PA,Santana do Araguaia,72817,0,4796,,0,49,,1.0216847372810676,6586.374061002239,67.2919785214991
2539,PA,Santarém,304589,0,45756,65.3339418035451,0,1427,0.6566225306888955,3.118716671037678,15022.210257100553,468.50017564652694
2540,PA,Santarém Novo,6709,0,950,,0,9,,0.9473684210526316,14160.083469965717,134.1481591891489
2541,PA,Santo Antônio do Tauá,31482,0,2935,,0,60,,2.0442930153321974,9322.787624674416,190.5850962454736
2542,PA,São Caetano de Odivelas,18050,0,2253,,0,36,,1.5978695073235687,12481.994459833795,199.4459833795014
2543,PA,São Domingos do Araguaia,25557,0,3924,,0,61,,1.5545361875637105,15353.914778729899,238.68216144304887
2544,PA,São Domingos do Capim,31989,0,1715,,0,37,,2.1574344023323615,5361.2179186595395,115.66475976116789
2545,PA,São Félix do Xingu,128481,0,4501,70.82759318498455,0,41,0.0,0.9109086869584537,3503.241724457313,31.911333193234796
2546,PA,São Francisco do Pará,15882,0,1354,,0,42,,3.10192023633678,8525.374637954917,264.4503211182471
2547,PA,São Geraldo do Araguaia,24847,0,2741,,0,57,,2.0795330171470265,11031.512858695216,229.40395218738684
2548,PA,São João da Ponta,6139,0,236,,0,11,,4.661016949152542,3844.274311777163,179.1822772438508
2549,PA,São João de Pirabas,23045,0,495,,0,48,,9.696969696969697,2147.9713603818614,208.28813191581685
2550,PA,São João do Araguaia,13996,0,735,,0,12,,1.6326530612244898,5251.500428693912,85.73878250928837
2551,PA,São Miguel do Guamá,58986,0,5676,,0,79,,1.3918252290345312,9622.622317160003,133.93008510494016
2552,PA,São Sebastião da Boa Vista,26640,0,1119,,0,33,,2.949061662198391,4200.45045045045,123.87387387387386
2553,PA,Sapucaia,5930,0,417,,0,5,,1.1990407673860912,7032.04047217538,84.31703204047217
2554,PA,Senador José Porfírio,11658,0,963,,0,21,,2.1806853582554515,8260.422027792074,180.13381369016986
2555,PA,Soure,25374,0,782,,0,26,,3.324808184143223,3081.894852999133,102.4670922992039
2556,PA,Tailândia,106339,0,12483,147.6410348037879,0,135,0.9403887567120247,1.0814708002883922,11738.872850036205,126.95248215612335
2557,PA,Terra Alta,11720,0,1172,,0,26,,2.218430034129693,10000.0,221.8430034129693
2558,PA,Terra Santa,18769,0,2034,,0,63,,3.0973451327433628,10837.01848793223,335.65986467046724
2559,PA,Tomé-Açu,63447,0,5426,,0,102,,1.8798378179137487,8552.019796050246,160.76410232162277
2560,PA,Tracuateua,30959,0,770,,0,29,,3.766233766233766,2487.1604379986434,93.67227623631254
2561,PA,Trairão,18989,0,2125,,0,30,,1.411764705882353,11190.689346463741,157.98620253831166
2562,PA,Tucumã,39602,0,6227,,0,88,,1.4132005781275092,15723.953335690116,222.2109994444725
2563,PA,Tucuruí,113659,0,11692,30.79386586192031,0,291,1.759649477824018,2.488881286349641,10286.910847359206,256.02899902339453
2564,PA,Ulianópolis,59210,0,2899,,0,34,,1.1728182131769576,4896.132410065867,57.42273264651241
2565,PA,Uruará,45476,0,5085,,0,104,,2.0452310717797446,11181.722227108805,228.69205734893129
2566,PA,Vigia,53686,0,4125,,0,103,,2.4969696969696966,7683.567410498081,191.85634988637634
2567,PA,Viseu,61403,0,1692,,0,38,,2.2458628841607564,2755.5656889728516,61.8862270573099
2568,PA,Vitória do Xingu,15134,0,3998,,0,32,,0.80040020010005,26417.338443240384,211.4444297608035
2569,PA,Xinguara,44751,0,5591,,0,87,,1.5560722589876588,12493.575562557262,194.40906348461488
2570,PB,,0,0,0,,0,0,,,,
2571,PB,Água Branca,10234,0,2372,,0,16,,0.6745362563237773,23177.64315028337,156.34160641000585
2572,PB,Aguiar,5640,0,953,,0,7,,0.7345225603357817,16897.163120567377,124.11347517730498
2573,PB,Alagoa Grande,28496,0,6520,,0,89,,1.3650306748466257,22880.40426726558,312.3245367770915
2574,PB,Alagoa Nova,20849,0,3461,,0,39,,1.1268419531927187,16600.316561945416,187.05933138280014
2575,PB,Alagoinha,14489,0,2583,,0,26,,1.0065814943863725,17827.31727517427,179.4464766374491
2576,PB,Alcantil,5492,0,1474,,0,10,,0.6784260515603799,26839.038601602333,182.0830298616169
2577,PB,Algodão de Jandaíra,2567,0,572,,0,2,,0.34965034965034963,22282.820412933386,77.91195948578107
2578,PB,Alhandra,19588,0,3671,,0,49,,1.3347861618087713,18741.065958750256,250.15315499285276
2579,PB,Amparo,2238,0,325,,0,4,,1.2307692307692308,14521.8945487042,178.73100983020555
2580,PB,Aparecida,8347,0,1972,,0,16,,0.8113590263691683,23625.254582484726,191.6856355576854
2581,PB,Araçagi,16987,0,3086,,0,29,,0.9397278029812054,18166.83346088185,170.7187849531995
2582,PB,Arara,13470,0,1350,,0,35,,2.5925925925925926,10022.271714922048,259.83667409057165
2583,PB,Araruna,20312,0,1137,,0,18,,1.58311345646438,5597.67625049232,88.61756597085467
2584,PB,Areia,22819,0,3021,,0,36,,1.1916583912611718,13238.967527060782,157.76326745256148
2585,PB,Areia de Baraúnas,2128,0,388,,0,7,,1.804123711340206,18233.082706766916,328.9473684210526
2586,PB,Areial,6998,0,661,,0,14,,2.118003025718608,9445.555873106603,200.0571591883395
2587,PB,Aroeiras,19153,0,3274,,0,21,,0.6414172266340867,17093.927844201953,109.64339790111211
2588,PB,Assunção,3990,0,823,,0,6,,0.7290400972053462,20626.566416040103,150.37593984962407
2589,PB,Baía da Traição,8993,0,1826,,0,13,,0.7119386637458927,20304.68141888135,144.55687757144446
2590,PB,Bananeiras,21318,0,2103,,0,30,,1.4265335235378032,9864.902898958626,140.72614691809738
2591,PB,Baraúna,4892,0,821,,0,9,,1.0962241169305724,16782.50204415372,183.9738348323794
2592,PB,Barra de Santa Rosa,15384,0,1916,,0,16,,0.8350730688935281,12454.498179927197,104.00416016640666
2593,PB,Barra de Santana,8359,0,1365,,0,8,,0.5860805860805861,16329.704510108864,95.70522789807393
2594,PB,Barra de São Miguel,6036,0,1502,,0,10,,0.6657789613848202,24884.029158383037,165.67263088137838
2595,PB,Bayeux,96880,0,14259,,0,277,,1.9426327231923697,14718.208092485549,285.9207266721717
2596,PB,Belém,17676,0,3157,,0,48,,1.5204307887234716,17860.375650599683,271.55465037338763
2597,PB,Belém do Brejo do Cruz,7342,0,1011,,0,11,,1.0880316518298714,13770.089893761917,149.822936529556
2598,PB,Bernardino Batista,3501,0,485,,0,3,,0.6185567010309279,13853.184804341618,85.6898029134533
2599,PB,Boa Ventura,5366,0,1102,,0,12,,1.0889292196007259,20536.71263510995,223.63026462914647
2600,PB,Boa Vista,7051,0,1834,,0,18,,0.9814612868047983,26010.494965253154,255.2829385902709
2601,PB,Bom Jesus,2561,0,508,,0,4,,0.7874015748031495,19836.001561889887,156.18898867629832
2602,PB,Bom Sucesso,4975,0,872,,0,5,,0.573394495412844,17527.638190954774,100.50251256281408
2603,PB,Bonito de Santa Fé,11917,0,1000,,0,14,,1.4000000000000001,8391.37366786943,117.47923135017203
2604,PB,Boqueirão,17804,0,2764,,0,53,,1.9175108538350218,15524.601213210515,297.68591327791506
2605,PB,Borborema,5263,0,488,,0,14,,2.8688524590163933,9272.27816834505,266.0079802394072
2606,PB,Brejo do Cruz,14122,0,2157,,0,25,,1.1590171534538711,15274.04050417788,177.02874946891376
2607,PB,Brejo dos Santos,6449,0,1744,,0,8,,0.45871559633027525,27042.952395720265,124.05024034734068
2608,PB,Caaporã,21828,0,3164,,0,41,,1.2958280657395702,14495.143851933295,187.83214220267544
2609,PB,Cabaceiras,5611,0,743,,0,6,,0.8075370121130552,13241.846373195509,106.93281055070398
2610,PB,Cabedelo,67736,0,15561,,0,230,,1.478054109633057,22973.012873508917,339.5535608834298
2611,PB,Cachoeira dos Índios,10244,0,1711,,0,25,,1.461133839859731,16702.459976571652,244.04529480671613
2612,PB,Cacimba de Areia,3682,0,454,,0,5,,1.1013215859030838,12330.255296034764,135.79576317218903
2613,PB,Cacimba de Dentro,17187,0,1630,,0,40,,2.4539877300613497,9483.912259265724,232.734043172165
2614,PB,Cacimbas,7173,0,513,,0,11,,2.144249512670565,7151.819322459222,153.3528509689112
2615,PB,Caiçara,7201,0,1212,,0,15,,1.2376237623762376,16830.995695042355,208.30440216636578
2616,PB,Cajazeiras,61993,0,19781,,0,197,,0.995905161518629,31908.44127562789,317.77781362411883
2617,PB,Cajazeirinhas,3193,0,368,,0,1,,0.2717391304347826,11525.211399937363,31.318509238960228
2618,PB,Caldas Brandão,6014,0,1133,,0,14,,1.235657546337158,18839.374792151648,232.79015630196207
2619,PB,Camalaú,6013,0,1148,,0,9,,0.7839721254355401,19091.96740395809,149.67570264427076
2620,PB,Campina Grande,409731,0,73576,239.4253790901836,0,1292,2.92875081455882,1.756007393715342,17957.147494331646,315.328837700833
2621,PB,Capim,6523,0,301,,0,12,,3.9867109634551494,4614.441208033113,183.96443354284838
2622,PB,Caraúbas,4162,0,595,,0,6,,1.0084033613445378,14296.011532916866,144.16146083613646
2623,PB,Carrapateira,2659,0,611,,0,6,,0.9819967266775778,22978.56336968785,225.64874012786763
2624,PB,Casserengue,7468,0,1426,,0,23,,1.6129032258064515,19094.804499196573,307.98071772897697
2625,PB,Catingueira,4932,0,367,,0,11,,2.997275204359673,7441.200324412003,223.03325223033255
2626,PB,Catolé do Rocha,30546,0,10139,,0,68,,0.6706775816155439,33192.56203758266,222.61507234989853
2627,PB,Caturité,4852,0,968,,0,9,,0.9297520661157025,19950.53586150041,185.49051937345425
2628,PB,Conceição,18982,0,965,,0,33,,3.419689119170984,5083.763565483089,173.8489094932041
2629,PB,Condado,6654,0,1337,,0,11,,0.8227374719521316,20093.1770363691,165.3140967838894
2630,PB,Conde,24670,0,4717,,0,52,,1.1023955904176383,19120.38913660316,210.7823267126064
2631,PB,Congo,4786,0,689,,0,17,,2.467343976777939,14396.155453405769,355.20267446719595
2632,PB,Coremas,15445,0,3751,,0,43,,1.1463609704078912,24286.17675623179,278.4072515377145
2633,PB,Coxixola,1921,0,201,,0,4,,1.9900497512437811,10463.300364393544,208.2248828735034
2634,PB,Cruz do Espírito Santo,17319,0,1401,,0,28,,1.9985724482512492,8089.3816040187085,161.67215197182284
2635,PB,Cubati,7797,0,879,,0,16,,1.8202502844141069,11273.566756444787,205.20713094780044
2636,PB,Cuité,20338,0,3912,,0,31,,0.7924335378323109,19234.929688268265,152.4240338283017
2637,PB,Cuité de Mamanguape,6353,0,361,,0,16,,4.43213296398892,5682.354793011176,251.84951991185267
2638,PB,Cuitegi,6803,0,1300,,0,26,,2.0,19109.216522122595,382.1843304424519
2639,PB,Curral de Cima,5227,0,906,,0,4,,0.44150110375275936,17333.078247560745,76.52573177731013
2640,PB,Curral Velho,2516,0,766,,0,1,,0.13054830287206268,30445.151033386326,39.7456279809221
2641,PB,Damião,5330,0,534,,0,6,,1.1235955056179776,10018.7617260788,112.5703564727955
2642,PB,Desterro,8297,0,1258,,0,13,,1.0333863275039745,15162.10678558515,156.68313848378932
2643,PB,Diamante,6552,0,1070,,0,12,,1.1214953271028036,16330.89133089133,183.15018315018315
2644,PB,Dona Inês,10453,0,1089,,0,22,,2.0202020202020203,10418.061800440066,210.46589495838515
2645,PB,Duas Estradas,3596,0,1078,,0,20,,1.855287569573284,29977.753058954393,556.1735261401558
2646,PB,Emas,3522,0,384,,0,6,,1.5625,10902.896081771722,170.35775127768315
2647,PB,Esperança,33007,0,8556,,0,100,,1.168770453482936,25921.77416911564,302.96603750719544
2648,PB,Fagundes,11253,0,2218,,0,26,,1.1722272317403066,19710.29947569537,231.04949791166797
2649,PB,Frei Martinho,2989,0,891,,0,7,,0.7856341189674524,29809.300769488123,234.192037470726
2650,PB,Gado Bravo,8316,0,1356,,0,15,,1.1061946902654867,16305.916305916307,180.37518037518038
2651,PB,Guarabira,58833,0,13825,,0,157,,1.135623869801085,23498.716706610237,266.8570360172012
2652,PB,Gurinhém,14129,0,1608,,0,19,,1.181592039800995,11380.847901479226,134.47519286573714
2653,PB,Gurjão,3428,0,311,,0,8,,2.572347266881029,9072.345390898483,233.3722287047841
2654,PB,Ibiara,5929,0,931,,0,7,,0.7518796992481203,15702.479338842975,118.06375442739079
2655,PB,Igaracy,6117,0,487,,0,8,,1.642710472279261,7961.418996239987,130.78306359326467
2656,PB,Imaculada,11819,0,654,,0,11,,1.6819571865443423,5533.46306794145,93.07047973601827
2657,PB,Ingá,18103,0,3926,,0,45,,1.1462047885888944,21687.013202231676,248.5775838258852
2658,PB,Itabaiana,24477,0,4569,,0,91,,1.9916830816371196,18666.503247947054,371.77758712260487
2659,PB,Itaporanga,24692,0,4217,,0,34,,0.8062603746739389,17078.405961445005,137.69641989308278
2660,PB,Itapororoca,18664,0,2822,,0,40,,1.4174344436569808,15120.017145306472,214.3163309044149
2661,PB,Itatuba,10962,0,1556,,0,23,,1.4781491002570695,14194.490056559023,209.81572705710636
2662,PB,Jacaraú,14431,0,2594,,0,39,,1.5034695451040863,17975.192294366294,270.2515418196937
2663,PB,Jericó,7739,0,2166,,0,15,,0.6925207756232686,27988.112159193697,193.82349140715854
2664,PB,João Pessoa,809015,0,184373,180.4663695975971,0,3347,2.966570459138582,1.8153417257407538,22789.812302614908,413.7129719473681
2665,PB,Joca Claudino,2636,0,277,,0,5,,1.8050541516245486,10508.34597875569,189.68133535660093
2666,PB,Juarez Távora,7936,0,1436,,0,16,,1.1142061281337048,18094.75806451613,201.61290322580643
2667,PB,Juazeirinho,18171,0,1605,,0,19,,1.1838006230529596,8832.755489516263,104.562214517638
2668,PB,Junco do Seridó,7150,0,1267,,0,12,,0.9471191791633782,17720.27972027972,167.83216783216784
2669,PB,Juripiranga,10756,0,2128,,0,33,,1.550751879699248,19784.306433618447,306.8055039047973
2670,PB,Juru,9867,0,1599,,0,18,,1.125703564727955,16205.533596837946,182.42626938279113
2671,PB,Lagoa,4666,0,442,,0,4,,0.904977375565611,9472.781825975138,85.72653236176596
2672,PB,Lagoa de Dentro,7719,0,1928,,0,13,,0.6742738589211619,24977.328669516777,168.41559787537247
2673,PB,Lagoa Seca,27503,0,3546,,0,59,,1.6638465877044557,12893.138930298512,214.52205213976657
2674,PB,Lastro,2737,0,766,,0,4,,0.5221932114882507,27986.846912678116,146.14541468761416
2675,PB,Livramento,7256,0,1725,,0,11,,0.6376811594202898,23773.42888643881,151.5986769570011
2676,PB,Logradouro,4332,0,650,,0,11,,1.6923076923076923,15004.616805170823,253.92428439519853
2677,PB,Lucena,13080,0,2028,,0,20,,0.9861932938856016,15504.587155963303,152.90519877675843
2678,PB,Mãe d'Água,4009,0,497,,0,8,,1.6096579476861168,12397.106510351708,199.5510102269893
2679,PB,Malta,5759,0,1124,,0,13,,1.1565836298932384,19517.27730508769,225.7336343115124
2680,PB,Mamanguape,44882,0,6790,,0,99,,1.4580265095729013,15128.55933336304,220.57840559689853
2681,PB,Manaíra,10955,0,1585,,0,7,,0.4416403785488959,14468.279324509356,63.89776357827476
2682,PB,Marcação,8558,0,1424,,0,10,,0.7022471910112359,16639.401729376023,116.84973124561813
2683,PB,Mari,21837,0,3870,,0,57,,1.4728682170542635,17722.214589916195,261.02486605302926
2684,PB,Marizópolis,6617,0,679,,0,15,,2.2091310751104567,10261.447786005743,226.6888317968868
2685,PB,Massaranduba,13918,0,2252,,0,34,,1.5097690941385435,16180.485701968675,244.28797240982897
2686,PB,Mataraca,8434,0,689,,0,17,,2.467343976777939,8169.314678681528,201.56509366848474
2687,PB,Matinhas,4500,0,410,,0,9,,2.195121951219512,9111.111111111111,200.0
2688,PB,Mato Grosso,2908,0,422,,0,3,,0.7109004739336493,14511.69188445667,103.1636863823934
2689,PB,Maturéia,6569,0,1474,,0,15,,1.01763907734057,22438.727355761912,228.3452580301416
2690,PB,Mogeiro,13284,0,1763,,0,23,,1.3045944412932502,13271.604938271606,173.14062029509185
2691,PB,Montadas,5669,0,775,,0,10,,1.2903225806451613,13670.841418239548,176.3979537837361
2692,PB,Monte Horebe,4816,0,898,,0,9,,1.0022271714922049,18646.179401993355,186.87707641196013
2693,PB,Monteiro,33222,0,6934,,0,89,,1.2835304297663686,20871.711516464995,267.8947685268798
2694,PB,Mulungu,9902,0,1164,,0,22,,1.8900343642611683,11755.200969501111,222.17733791153302
2695,PB,Natuba,10454,0,633,,0,9,,1.4218009478672986,6055.098526879663,86.09144824947388
2696,PB,Nazarezinho,7301,0,1446,,0,20,,1.3831258644536653,19805.506095055473,273.9350773866593
2697,PB,Nova Floresta,10638,0,1927,,0,17,,0.8822003113648157,18114.30720060162,159.8044745252867
2698,PB,Nova Olinda,5949,0,687,,0,11,,1.6011644832605532,11548.159354513364,184.90502605479912
2699,PB,Nova Palmeira,4906,0,1422,,0,6,,0.42194092827004215,28984.916428862616,122.29922543823889
2700,PB,Olho d'Água,6526,0,660,,0,11,,1.6666666666666667,10113.392583512106,168.5565430585351
2701,PB,Olivedos,3932,0,1007,,0,6,,0.5958291956305859,25610.376398779248,152.5940996948118
2702,PB,Ouro Velho,3039,0,734,,0,5,,0.6811989100817438,24152.681803224747,164.52780519907864
2703,PB,Parari,1771,0,542,,0,2,,0.36900369003690037,30604.178430265387,112.9305477131564
2704,PB,Passagem,2419,0,251,,0,2,,0.796812749003984,10376.188507647788,82.67879288962381
2705,PB,Patos,107605,0,23309,145.9040007434599,0,303,0.0,1.2999270667982323,21661.63282375354,281.5854281864226
2706,PB,Paulista,12347,0,1982,,0,13,,0.6559031281533804,16052.48238438487,105.28873410545071
2707,PB,Pedra Branca,3801,0,750,,0,7,,0.9333333333333335,19731.64956590371,184.1620626151013
2708,PB,Pedra Lavrada,7843,0,780,,0,3,,0.38461538461538464,9945.17404054571,38.25066938671427
2709,PB,Pedras de Fogo,28458,0,3989,,0,58,,1.453998495863625,14017.14807786914,203.80912221519432
2710,PB,Pedro Régis,6089,0,702,,0,9,,1.282051282051282,11528.986697323042,147.80752176055182
2711,PB,Piancó,16075,0,3426,,0,36,,1.0507880910683012,21312.597200622084,223.950233281493
2712,PB,Picuí,18703,0,4745,,0,51,,1.0748155953635405,25370.26145538149,272.68352670694543
2713,PB,Pilar,11917,0,2301,,0,36,,1.564537157757497,19308.55080976756,302.0894520432995
2714,PB,Pilões,6635,0,387,,0,11,,2.842377260981912,5832.705350414469,165.78749058025622
2715,PB,Pilõezinhos,4976,0,792,,0,14,,1.7676767676767675,15916.398713826366,281.3504823151126
2716,PB,Pirpirituba,10579,0,972,,0,19,,1.954732510288066,9188.013989980149,179.60109651195765
2717,PB,Pitimbu,19065,0,2447,,0,25,,1.021659174499387,12835.038027799634,131.13034356150013
2718,PB,Pocinhos,18564,0,3311,,0,36,,1.0872848082150408,17835.595776772247,193.92372333548803
2719,PB,Poço Dantas,3888,0,393,,0,5,,1.2722646310432568,10108.024691358025,128.6008230452675
2720,PB,Poço de José de Moura,4307,0,423,,0,8,,1.8912529550827424,9821.221267703737,185.74413745066173
2721,PB,Pombal,32801,0,10936,,0,92,,0.8412582297000731,33340.44693759336,280.47925368129023
2722,PB,Prata,4209,0,847,,0,6,,0.7083825265643447,20123.544784984555,142.55167498218105
2723,PB,Princesa Isabel,23345,0,4237,,0,55,,1.2980882700023602,18149.496680231314,235.59648747055044
2724,PB,Puxinanã,13680,0,1142,,0,9,,0.7880910683012259,8347.95321637427,65.78947368421052
2725,PB,Queimadas,43967,0,7592,,0,107,,1.4093782929399368,17267.496076602907,243.3643414378966
2726,PB,Quixaba,1956,0,174,,0,2,,1.1494252873563218,8895.705521472393,102.24948875255625
2727,PB,Remígio,19621,0,2324,,0,35,,1.5060240963855422,11844.452372458081,178.38030681412772
2728,PB,Riachão,3588,0,266,,0,5,,1.8796992481203008,7413.600891861762,139.35340022296546
2729,PB,Riachão do Bacamarte,4521,0,845,,0,1,,0.1183431952662722,18690.555186905553,22.119000221190003
2730,PB,Riachão do Poço,4509,0,408,,0,7,,1.715686274509804,9048.569527611444,155.24506542470613
2731,PB,Riacho de Santo Antônio,1948,0,318,,0,6,,1.8867924528301887,16324.435318275155,308.0082135523614
2732,PB,Riacho dos Cavalos,8526,0,1660,,0,20,,1.2048192771084338,19469.85690828055,234.57658925639223
2733,PB,Rio Tinto,24176,0,5170,,0,62,,1.1992263056092844,21384.84447385837,256.45268034414295
2734,PB,Salgadinho,3885,0,271,,0,3,,1.107011070110701,6975.546975546976,77.22007722007721
2735,PB,Salgado de São Félix,12140,0,1264,,0,15,,1.1867088607594938,10411.86161449753,123.55848434925863
2736,PB,Santa Cecília,6558,0,1041,,0,6,,0.5763688760806917,15873.741994510521,91.49130832570906
2737,PB,Santa Cruz,6583,0,1891,,0,11,,0.5817028027498677,28725.505088865262,167.09706820598512
2738,PB,Santa Helena,5889,0,1391,,0,14,,1.00647016534867,23620.309050772627,237.73136355917813
2739,PB,Santa Inês,3595,0,143,,0,9,,6.293706293706294,3977.746870653686,250.34770514603616
2740,PB,Santa Luzia,15382,0,4257,,0,35,,0.822175240779892,27675.204784813417,227.53868157586788
2741,PB,Santa Rita,136586,0,14026,59.30329609183956,0,397,2.196418373771836,2.83045772137459,10268.988036841258,290.6593647958063
2742,PB,Santa Teresinha,4573,0,710,,0,14,,1.971830985915493,15525.91296741745,306.1447627378089
2743,PB,Santana de Mangueira,5162,0,770,,0,6,,0.7792207792207793,14916.69895389384,116.2340178225494
2744,PB,Santana dos Garrotes,7031,0,507,,0,11,,2.1696252465483234,7210.923055041957,156.45000711136396
2745,PB,Santo André,2521,0,617,,0,4,,0.6482982171799028,24474.414914716384,158.66719555731854
2746,PB,São Bentinho,4529,0,1231,,0,10,,0.8123476848090982,27180.393022742326,220.799293442261
2747,PB,São Bento,34031,0,8260,,0,78,,0.9443099273607748,24271.98730569187,229.2027856953954
2748,PB,São Domingos,3073,0,365,,0,2,,0.547945205479452,11877.643996095021,65.08298080052066
2749,PB,São Domingos do Cariri,2615,0,510,,0,5,,0.9803921568627451,19502.86806883365,191.20458891013385
2750,PB,São Francisco,3392,0,760,,0,5,,0.6578947368421052,22405.66037735849,147.40566037735852
2751,PB,São João do Cariri,4199,0,530,,0,6,,1.1320754716981132,12622.052869730887,142.89116456299118
2752,PB,São João do Rio do Peixe,18034,0,1878,,0,39,,2.07667731629393,10413.663080847287,216.25817899523122
2753,PB,São João do Tigre,4422,0,348,,0,6,,1.7241379310344827,7869.742198100407,135.68521031207598
2754,PB,São José da Lagoa Tapada,7630,0,2191,,0,10,,0.4564125969876769,28715.596330275228,131.06159895150722
2755,PB,São José de Caiana,6359,0,640,,0,10,,1.5625,10064.47554646957,157.25743041358703
2756,PB,São José de Espinharas,4682,0,1066,,0,7,,0.6566604127579738,22768.04784280222,149.508756941478
2757,PB,São José de Piranhas,20251,0,4580,,0,49,,1.0698689956331877,22616.16710285912,241.96335983408227
2758,PB,São José de Princesa,4003,0,278,,0,1,,0.3597122302158274,6944.791406445167,24.98126405196103
2759,PB,São José do Bonfim,3557,0,357,,0,7,,1.9607843137254901,10036.547652516167,196.7950520101209
2760,PB,São José do Brejo do Cruz,1801,0,510,,0,1,,0.19607843137254902,28317.601332593007,55.52470849528041
2761,PB,São José do Sabugi,4141,0,999,,0,10,,1.001001001001001,24124.60758270949,241.48756339048538
2762,PB,São José dos Cordeiros,3628,0,166,,0,8,,4.819277108433735,4575.523704520397,220.5071664829107
2763,PB,São José dos Ramos,5957,0,887,,0,7,,0.7891770011273956,14890.045324827934,117.50881316098707
2764,PB,São Mamede,7724,0,1168,,0,35,,2.996575342465753,15121.698601760747,453.13309166235115
2765,PB,São Miguel de Taipu,7368,0,767,,0,11,,1.4341590612777053,10409.880564603693,149.2942453854506
2766,PB,São Sebastião de Lagoa de Roça,11661,0,1968,,0,23,,1.16869918699187,16876.7687162336,197.23865877712032
2767,PB,São Sebastião do Umbuzeiro,3489,0,398,,0,7,,1.7587939698492463,11407.280022929206,200.6305531670966
2768,PB,São Vicente do Seridó,10775,0,1273,,0,3,,0.2356637863315004,11814.385150812064,27.842227378190255
2769,PB,Sapé,52625,0,5967,,0,125,,2.0948550360315066,11338.717339667459,237.52969121140143
2770,PB,Serra Branca,13699,0,1889,,0,41,,2.170460561143462,13789.32768815242,299.29191911818384
2771,PB,Serra da Raiz,3148,0,1040,,0,6,,0.576923076923077,33036.84879288437,190.59720457433292
2772,PB,Serra Grande,2909,0,437,,0,8,,1.8306636155606408,15022.344448264008,275.0085940185631
2773,PB,Serra Redonda,7041,0,1343,,0,15,,1.1169024571854058,19073.99517114046,213.03792074989346
2774,PB,Serraria,6099,0,1070,,0,13,,1.2149532710280373,17543.859649122805,213.1496966715855
2775,PB,Sertãozinho,5024,0,1102,,0,7,,0.6352087114337568,21934.71337579618,139.3312101910828
2776,PB,Sobrado,7783,0,1125,,0,11,,0.9777777777777777,14454.580495952718,141.33367596042658
2777,PB,Solânea,26407,0,5047,,0,54,,1.0699425401228453,19112.35657212103,204.4912333850873
2778,PB,Soledade,14989,0,2178,,0,17,,0.7805325987144168,14530.655814263793,113.41650543732071
2779,PB,Sossêgo,3555,0,434,,0,3,,0.6912442396313364,12208.157524613222,84.38818565400844
2780,PB,Sousa,69444,0,8075,,0,176,,2.179566563467492,11628.074419676286,253.44162202638097
2781,PB,Sumé,16966,0,4077,,0,47,,1.1528084375766494,24030.413768713897,277.02463751031473
2782,PB,Tacima,10911,0,723,,0,11,,1.5214384508990317,6626.340390431675,100.81569058748052
2783,PB,Taperoá,15376,0,1863,,0,25,,1.3419216317767042,12116.285119667014,162.59105098855358
2784,PB,Tavares,14726,0,1501,,0,19,,1.2658227848101267,10192.85617275567,129.02349585766672
2785,PB,Teixeira,15161,0,3097,,0,41,,1.3238618017436228,20427.412439812677,270.43071037530507
2786,PB,Tenório,3058,0,289,,0,4,,1.384083044982699,9450.621321124918,130.80444735120994
2787,PB,Triunfo,9455,0,2077,,0,24,,1.1555127587867116,21967.213114754097,253.8339502908514
2788,PB,Uiraúna,15242,0,1736,,0,33,,1.9009216589861753,11389.581419761185,216.50702007610553
2789,PB,Umbuzeiro,9907,0,1325,,0,14,,1.0566037735849056,13374.38175027758,141.3142222670839
2790,PB,Várzea,2810,0,693,,0,1,,0.1443001443001443,24661.92170818505,35.587188612099645
2791,PB,Vieirópolis,5348,0,453,,0,9,,1.9867549668874174,8470.456245325357,168.28721017202693
2792,PB,Vista Serrana,3798,0,772,,0,7,,0.9067357512953367,20326.487625065824,184.30753027909424
2793,PB,Zabelê,2240,0,337,,0,1,,0.2967359050445104,15044.642857142857,44.64285714285714
2794,PE,,0,0,0,,0,0,,,,
2795,PE,Abreu e Lima,99990,0,6600,,0,266,,4.03030303030303,6600.6600660066,266.026602660266
2796,PE,Afogados da Ingazeira,37259,4,10901,,0,86,,0.7889184478488211,29257.360637698275,230.81671542446122
2797,PE,Afrânio,19635,0,1806,,0,16,,0.8859357696566998,9197.860962566845,81.48714031066972
2798,PE,Agrestina,24885,0,3354,,0,76,,2.265951103160406,13477.99879445449,305.4048623668877
2799,PE,Água Preta,36771,0,2590,,0,71,,2.741312741312741,7043.5941366838,193.08694351527018
2800,PE,Águas Belas,43443,0,3641,,0,53,,1.455644053831365,8381.097069723546,121.99894114126556
2801,PE,Alagoinha,14636,0,4129,,0,31,,0.7507871155243401,28211.259907078434,211.80650450942883
2802,PE,Aliança,38386,0,2795,,0,89,,3.184257602862254,7281.300474131194,231.85536393476787
2803,PE,Altinho,22972,0,2094,,0,31,,1.4804202483285578,9115.444889430612,134.9468918683615
2804,PE,Amaraji,22829,0,1589,,0,51,,3.2095657646318436,6960.445047965308,223.40006132550704
2805,PE,Angelim,11150,0,347,,0,16,,4.610951008645533,3112.1076233183853,143.49775784753362
2806,PE,Araçoiaba,20524,0,1375,,0,34,,2.4727272727272727,6699.473786786201,165.659715455077
2807,PE,Araripina,84418,21,12909,,0,185,,1.433108683863971,15291.762420336896,219.14757516169536
2808,PE,Arcoverde,74338,0,13994,,0,150,,1.0718879519794198,18824.827140896985,201.78105410422663
2809,PE,Barra de Guabiraba,14385,0,1072,,0,21,,1.9589552238805972,7452.207160236357,145.98540145985402
2810,PE,Barreiros,42659,0,2086,,0,69,,3.307766059443912,4889.941161302422,161.74781406033898
2811,PE,Belém de Maria,12073,0,552,,0,10,,1.8115942028985508,4572.185869295122,82.82945415389713
2812,PE,Belém do São Francisco,20729,0,2755,,0,26,,0.9437386569872959,13290.559120073329,125.42814414588257
2813,PE,Belo Jardim,76439,2,10978,,0,144,,1.311714337766442,14361.778673190387,188.38551001452137
2814,PE,Betânia,12719,0,1378,,0,19,,1.3788098693759072,10834.185077443195,149.38281311423853
2815,PE,Bezerros,60798,2,10489,,0,132,,1.258461245113929,17252.21224382381,217.1124050133228
2816,PE,Bodocó,38146,1,3589,,0,49,,1.3652828085817776,9408.588056414826,128.45383526451005
2817,PE,Bom Conselho,48554,0,4143,,0,95,,2.293024378469708,8532.767640153232,195.658442146888
2818,PE,Bom Jardim,39184,1,3810,,0,80,,2.099737532808399,9723.3564720294,204.16496529195592
2819,PE,Bonito,38134,0,3419,,0,48,,1.4039192746417082,8965.752346986941,125.87192531599099
2820,PE,Brejão,8993,0,710,,0,11,,1.5492957746478873,7895.029467363505,122.31735794506838
2821,PE,Brejinho,7487,0,1358,,0,22,,1.6200294550810017,18138.106050487513,293.842660611727
2822,PE,Brejo da Madre de Deus,50742,0,4658,,0,64,,1.3739802490339201,9179.772180836388,126.12825667100232
2823,PE,Buenos Aires,13155,0,783,,0,29,,3.7037037037037033,5952.109464082098,220.44849866970736
2824,PE,Buíque,58378,1,3344,,0,64,,1.9138755980861244,5728.185275274932,109.63034019664943
2825,PE,Cabo de Santo Agostinho,207048,1,20501,24.14898960627487,0,576,0.0,2.8096190429735137,9901.568718364824,278.19636026428657
2826,PE,Cabrobó,34221,0,5899,,0,40,,0.6780810306831667,17237.953303527072,116.88729142923935
2827,PE,Cachoeirinha,20380,1,1230,,0,38,,3.089430894308943,6035.328753680078,186.45731108930323
2828,PE,Caetés,28739,0,3187,,0,29,,0.9099466582993411,11089.460315251054,100.90817356205852
2829,PE,Calçado,11053,0,1101,,0,9,,0.8174386920980926,9961.096534877408,81.42585723333032
2830,PE,Calumbi,5750,1,1371,,0,7,,0.5105762217359592,23843.478260869568,121.7391304347826
2831,PE,Camaragibe,157828,0,15308,70.96332716628228,0,482,0.0,3.1486804285341,9699.166180905797,305.3957472691791
2832,PE,Camocim de São Félix,18765,0,1410,,0,25,,1.773049645390071,7513.988808952838,133.2267519317879
2833,PE,Camutanga,8551,0,1487,,0,26,,1.7484868863483525,17389.778973219505,304.05800491170623
2834,PE,Canhotinho,24804,0,1815,,0,35,,1.9283746556473829,7317.368166424771,141.10627318174488
2835,PE,Capoeiras,20048,0,2368,,0,28,,1.1824324324324325,11811.652035115721,139.66480446927375
2836,PE,Carnaíba,19551,1,4579,,0,44,,0.9609084953046517,23420.796890184643,225.05242698583191
2837,PE,Carnaubeira da Penha,12932,0,2520,,0,12,,0.4761904761904762,19486.545004639655,92.79307145066501
2838,PE,Carpina,83641,1,11053,,0,165,,1.492807382611056,13214.81091809041,197.27167298334547
2839,PE,Caruaru,361118,23,68762,192.1809491634313,0,788,0.2769177941836187,1.1459817922689857,19041.421363653986,218.2112218166915
2840,PE,Casinhas,14341,0,843,,0,14,,1.6607354685646498,5878.251167979918,97.6222020779583
2841,PE,Catende,42892,0,2330,,0,77,,3.304721030042918,5432.248437937144,179.52065653268676
2842,PE,Cedro,11807,0,3816,,0,24,,0.628930817610063,32319.810282036084,203.2692470568307
2843,PE,Chã de Alegria,13518,0,862,,0,25,,2.9002320185614847,6376.682941263501,184.93860038467227
2844,PE,Chã Grande,21698,0,1095,,0,34,,3.105022831050228,5046.548068946447,156.6964697207116
2845,PE,Condado,26421,0,3201,,0,48,,1.499531396438613,12115.36277960713,181.67366867264676
2846,PE,Correntes,18207,0,781,,0,14,,1.792573623559539,4289.558960839237,76.89350249903883
2847,PE,Cortês,12578,0,662,,0,28,,4.229607250755287,5263.157894736842,222.61090793448878
2848,PE,Cumaru,10906,0,1751,,0,22,,1.2564249000571102,16055.38235833486,201.72382174949567
2849,PE,Cupira,24107,0,4012,,0,59,,1.4705882352941175,16642.46899240884,244.7421910648359
2850,PE,Custódia,37111,0,1291,,0,69,,5.344694035631294,3478.752930397995,185.9287003853305
2851,PE,Dormentes,18908,0,3042,,0,12,,0.39447731755424065,16088.428178548764,63.465199915379735
2852,PE,Escada,68875,0,2929,,0,112,,3.8238306589279616,4252.631578947368,162.61343012704174
2853,PE,Exu,31825,0,6576,,0,65,,0.9884428223844283,20663.000785545955,204.24194815396697
2854,PE,Feira Nova,22131,0,3092,,0,63,,2.03751617076326,13971.352401608603,284.66856445709635
2855,PE,Fernando de Noronha,3061,0,745,,0,2,,0.2684563758389262,24338.45148644234,65.33812479581836
2856,PE,Ferreiros,12123,0,1697,,0,22,,1.296405421331762,13998.18526767302,181.47323269817701
2857,PE,Flores,22624,1,2300,,0,43,,1.8695652173913044,10166.195190947667,190.06364922206507
2858,PE,Floresta,32873,0,4823,,0,36,,0.7464233879328218,14671.61500319411,109.51236577130167
2859,PE,Frei Miguelinho,15457,0,2367,,0,28,,1.1829319814110688,15313.450216730284,181.14770007116516
2860,PE,Gameleira,31052,0,1454,,0,44,,3.0261348005502064,4682.468117995621,141.69779724333375
2861,PE,Garanhuns,139788,2,34699,176.6961398689444,0,360,0.7153689873236614,1.0374938759042047,24822.58849114373,257.53283543651816
2862,PE,Glória do Goitá,30604,0,2858,,0,52,,1.819454163750875,9338.64854267416,169.9124297477454
2863,PE,Goiana,79758,2,13365,,0,177,,1.324354657687991,16756.939742721734,221.92131196870534
2864,PE,Granito,7486,0,1072,,0,12,,1.1194029850746268,14320.064119690087,160.29922522041142
2865,PE,Gravatá,84074,3,13944,,0,171,,1.2263339070567987,16585.389062016795,203.3922496848015
2866,PE,Iati,19197,0,2216,,0,20,,0.9025270758122743,11543.47033390634,104.18294525186228
2867,PE,Ibimirim,29235,0,1194,,0,32,,2.680067001675042,4084.145715751668,109.45784162818539
2868,PE,Ibirajuba,7762,0,666,,0,12,,1.8018018018018018,8580.262818861118,154.5993300695697
2869,PE,Igarassu,117019,0,8531,75.20146301028038,0,262,0.0,3.071152268198335,7290.269101598886,223.8952648715166
2870,PE,Iguaracy,12228,0,2193,,0,38,,1.7327861377108982,17934.249263984297,310.76218514883874
2871,PE,Ilha de Itamaracá,26258,0,2477,,0,38,,1.5341138473960436,9433.315560971894,144.7178002894356
2872,PE,Inajá,23247,0,1404,,0,17,,1.2108262108262107,6039.488966318235,73.12771540413817
2873,PE,Ingazeira,4548,0,1050,,0,9,,0.8571428571428572,23087.071240105543,197.8891820580475
2874,PE,Ipojuca,96204,2,7304,,0,195,,2.669769989047097,7592.199908527712,202.69427466633405
2875,PE,Ipubi,30854,0,2104,,0,68,,3.2319391634980987,6819.213067997666,220.39281778699683
2876,PE,Itacuruba,4918,0,1226,,0,9,,0.734094616639478,24928.832858885726,183.0012200081334
2877,PE,Itaíba,26349,0,1311,,0,17,,1.2967200610221206,4975.520892633496,64.51857755512543
2878,PE,Itambé,36447,0,3557,,0,58,,1.6305875737981443,9759.376629077839,159.13518259390347
2879,PE,Itapetim,13616,0,3137,,0,39,,1.2432260121134842,23039.071680376026,286.427732079906
2880,PE,Itapissuma,26651,0,1498,,0,54,,3.6048064085447264,5620.802221305016,202.61903868522757
2881,PE,Itaquitinga,16955,0,1342,,0,41,,3.055141579731744,7915.069301091124,241.81657328221766
2882,PE,Jaboatão dos Guararapes,702298,5,59481,84.72187020324705,0,1893,0.5695587912823331,3.1825288747667324,8469.481616066114,269.54369797436414
2883,PE,Jaqueira,11656,0,824,,0,20,,2.4271844660194173,7069.320521619767,171.58544955387782
2884,PE,Jataúba,17150,0,2314,,0,23,,0.9939498703543647,13492.711370262392,134.11078717201167
2885,PE,Jatobá,14796,0,2907,,0,22,,0.7567939456484348,19647.20194647202,148.68883482022167
2886,PE,João Alfredo,33822,0,2054,,0,59,,2.872444011684518,6072.97025604636,174.44267045118562
2887,PE,Joaquim Nabuco,16023,0,893,,0,31,,3.4714445688689812,5573.238469699807,193.47188416651062
2888,PE,Jucati,11424,0,1457,,0,14,,0.9608785175017158,12753.851540616246,122.54901960784314
2889,PE,Jupi,14836,0,1766,,0,28,,1.5855039637599093,11903.478026422217,188.73011593421407
2890,PE,Jurema,15378,0,1417,,0,29,,2.046577275935074,9214.462218754064,188.58108986864352
2891,PE,Lagoa de Itaenga,21429,0,1839,,0,32,,1.7400761283306143,8581.82836343273,149.3303467263988
2892,PE,Lagoa do Carro,18071,0,2290,,0,30,,1.3100436681222707,12672.237286259751,166.01184217807537
2893,PE,Lagoa do Ouro,13145,0,1328,,0,15,,1.1295180722891567,10102.7006466337,114.11182959300113
2894,PE,Lagoa dos Gatos,16290,0,985,,0,13,,1.3197969543147208,6046.654389195825,79.80356046654389
2895,PE,Lagoa Grande,25601,0,3553,,0,43,,1.2102448634956375,13878.364126401313,167.96218897699308
2896,PE,Lajedo,40288,0,5140,,0,86,,1.6731517509727627,12758.141382049245,213.46306592533756
2897,PE,Limoeiro,56250,1,7767,,1,136,,1.7509978112527358,13808.0,241.77777777777777
2898,PE,Macaparana,25376,0,3320,,0,55,,1.6566265060240966,13083.228247162673,216.74022698612862
2899,PE,Machados,16088,0,1692,,0,20,,1.1820330969267139,10517.155643958231,124.31626056688215
2900,PE,Manari,21434,0,964,,0,8,,0.8298755186721992,4497.527293085751,37.3238779509191
2901,PE,Maraial,11345,0,372,,0,13,,3.494623655913978,3278.9775231379463,114.58792419568093
2902,PE,Mirandiba,15390,1,3060,,0,22,,0.7189542483660131,19883.040935672514,142.94996751137103
2903,PE,Moreilândia,11270,0,2062,,0,14,,0.6789524733268671,18296.362023070098,124.22360248447205
2904,PE,Moreno,62784,0,4777,,0,129,,2.7004396064475613,7608.626401630989,205.46636085626912
2905,PE,Nazaré da Mata,32471,0,1772,,0,93,,5.248306997742664,5457.177173477873,286.4094114748545
2906,PE,Olinda,392482,4,50563,70.83127379089997,0,1138,0.2547887546435251,2.250657595474952,12882.883801040556,289.9496027843315
2907,PE,Orobó,23884,0,2914,,0,35,,1.2010981468771447,12200.636409311674,146.54161781946073
2908,PE,Orocó,14991,0,2005,,0,19,,0.9476309226932668,13374.691481555601,126.74271229404309
2909,PE,Ouricuri,69459,3,5411,,0,110,,2.0328959526889667,7790.207172576628,158.36680631739588
2910,PE,Palmares,63250,0,6644,,0,134,,2.0168573148705597,10504.347826086958,211.85770750988144
2911,PE,Palmeirina,7693,0,647,,0,10,,1.545595054095827,8410.243078122969,129.98830105290523
2912,PE,Panelas,26474,1,2034,,0,35,,1.720747295968535,7683.009745410592,132.20518244315178
2913,PE,Paranatama,11523,0,636,,0,26,,4.088050314465408,5519.395990627441,225.63568515143626
2914,PE,Parnamirim,22010,3,2325,,0,39,,1.6774193548387095,10563.38028169014,177.19218537028624
2915,PE,Passira,28933,0,2411,,0,60,,2.488593944421402,8333.045311581931,207.37566100991947
2916,PE,Paudalho,56506,0,5158,,0,121,,2.3458704924389298,9128.234169822674,214.1365518705978
2917,PE,Paulista,331774,9,23173,81.98351890142085,0,932,0.3014099959611061,4.021922064471584,6984.57383640671,280.91411623575084
2918,PE,Pedra,22617,0,2749,,0,36,,1.30956711531466,12154.573993014104,159.17230401910066
2919,PE,Pesqueira,67395,0,10294,,0,136,,1.3211579560909268,15274.130128347802,201.79538541434823
2920,PE,Petrolândia,36548,0,4443,,0,58,,1.3054242628854378,12156.615957097514,158.69541424975375
2921,PE,Petrolina,349145,203,64361,409.2855403915279,0,613,0.0,0.9524401423222137,18433.888499047673,175.57175385584785
2922,PE,Poção,11302,0,1289,,0,19,,1.474010861132661,11405.06105114139,168.11183861263493
2923,PE,Pombos,27091,0,2349,,0,47,,2.0008514261387824,8670.776272562844,173.48935070687682
2924,PE,Primavera,14966,0,1118,,0,21,,1.8783542039355994,7470.265936121877,140.3180542563143
2925,PE,Quipapá,26037,0,1819,,0,19,,1.0445299615173174,6986.211929177709,72.97307677535815
2926,PE,Quixaba,6813,0,1023,,0,14,,1.3685239491691104,15015.411712901805,205.48950535740494
2927,PE,Recife,1645727,-13,316948,10.32978130637706,0,6924,1.762139164029028,2.1845854840541667,19258.84426760939,420.72591626679275
2928,PE,Riacho das Almas,20546,0,2277,,0,38,,1.668862538427756,11082.449138518446,184.9508420130439
2929,PE,Ribeirão,47415,0,901,,0,86,,9.544950055493896,1900.2425392808182,181.3772013076031
2930,PE,Rio Formoso,23535,0,2826,,0,45,,1.5923566878980893,12007.648183556405,191.20458891013385
2931,PE,Sairé,9932,0,1212,,0,18,,1.4851485148514851,12202.980265807491,181.23238018525976
2932,PE,Salgadinho,10919,0,554,,0,8,,1.444043321299639,5073.724700064108,73.2667826724059
2933,PE,Salgueiro,60930,1,19624,,0,135,,0.6879331430900938,32207.451173477762,221.56573116691285
2934,PE,Saloá,15843,0,1871,,0,27,,1.4430785676109033,11809.632014138737,170.42226850975194
2935,PE,Sanharó,26462,0,3117,,0,29,,0.930381777350016,11779.155014738115,109.59111178293402
2936,PE,Santa Cruz,15398,0,1399,,0,13,,0.9292351679771265,9085.595531887258,84.42654890245487
2937,PE,Santa Cruz da Baixa Verde,12592,0,789,,0,20,,2.5348542458808616,6265.883100381195,158.8310038119441
2938,PE,Santa Cruz do Capibaribe,107937,0,14053,50.95565005512475,0,193,0.0,1.3733722336867573,13019.631822266692,178.80800837525595
2939,PE,Santa Filomena,14477,0,1332,,0,18,,1.3513513513513513,9200.801270981558,124.33515231056158
2940,PE,Santa Maria da Boa Vista,41931,0,2124,,0,37,,1.7419962335216574,5065.46469199399,88.24020414490472
2941,PE,Santa Maria do Cambucá,14137,0,1850,,0,22,,1.1891891891891893,13086.227629624389,155.62000424418193
2942,PE,Santa Terezinha,11815,1,1719,,0,32,,1.8615474112856312,14549.301735082523,270.8421498095641
2943,PE,São Benedito do Sul,15895,0,956,,0,18,,1.882845188284519,6014.469959106637,113.24315822585719
2944,PE,São Bento do Una,59504,0,7121,,0,92,,1.2919533773346439,11967.262705028234,154.61145469212155
2945,PE,São Caitano,37245,1,4803,,0,95,,1.977930460129086,12895.690696737816,255.06779433481006
2946,PE,São João,22793,0,2420,,0,35,,1.4462809917355373,10617.294783486159,153.55591629008907
2947,PE,São Joaquim do Monte,21356,0,2336,,0,46,,1.9691780821917808,10938.377973403258,215.39614159955048
2948,PE,São José da Coroa Grande,21298,0,1878,,0,44,,2.3429179978700745,8817.729364259554,206.5921682787116
2949,PE,São José do Belmonte,33959,1,3146,,0,68,,2.161474888747616,9264.11260637828,200.24146765216878
2950,PE,São José do Egito,33951,1,6251,,0,65,,1.039833626619741,18411.828812111573,191.4523872639981
2951,PE,São Lourenço da Mata,113230,0,7383,15.89684712532014,0,294,0.8831581736288969,3.982121088988216,6520.356795902147,259.6485030468957
2952,PE,São Vicente Férrer,18018,0,2777,,0,38,,1.3683831472812387,15412.36541236541,210.9002109002109
2953,PE,Serra Talhada,86350,5,22543,,0,209,,0.9271170651643525,26106.54313839027,242.03821656050957
2954,PE,Serrita,19165,2,4306,,0,29,,0.6734788666976312,22468.04069919123,151.31750587007565
2955,PE,Sertânia,35907,0,3965,,0,61,,1.5384615384615385,11042.415127969476,169.88330966106886
2956,PE,Sirinhaém,45865,0,2567,,0,65,,2.5321386832878847,5596.860351030197,141.72026599803772
2957,PE,Solidão,6007,0,1453,,0,4,,0.27529249827942187,24188.446812052603,66.5889795238888
2958,PE,Surubim,65089,0,6695,,0,98,,1.4637789395070948,10285.916207039592,150.56307517399253
2959,PE,Tabira,28534,1,5148,,0,56,,1.0878010878010878,18041.634541249034,196.2570967968038
2960,PE,Tacaimbó,12874,0,664,,0,18,,2.710843373493976,5157.682150069908,139.81668479105173
2961,PE,Tacaratu,25765,1,1393,,0,31,,2.2254127781765973,5406.559285852902,120.31826120706384
2962,PE,Tamandaré,23388,0,1053,,0,41,,3.89363722697056,4502.308876346844,175.30357448264067
2963,PE,Taquaritinga do Norte,28775,0,1257,,0,30,,2.386634844868735,4368.375325803649,104.25716768027802
2964,PE,Terezinha,7169,0,1350,,0,11,,0.8148148148148148,18831.078253591855,153.43841539963734
2965,PE,Terra Nova,10096,0,3318,,0,16,,0.48221820373719104,32864.500792393024,158.4786053882726
2966,PE,Timbaúba,53022,0,7354,,0,137,,1.8629317378297525,13869.714458149449,258.3833125872279
2967,PE,Toritama,45219,0,2619,,0,51,,1.9473081328751431,5791.813175877396,112.78444901479466
2968,PE,Tracunhaém,13769,0,1010,,0,27,,2.6732673267326734,7335.318469024621,196.09267194422253
2969,PE,Trindade,30521,1,2837,,0,60,,2.1149101163200563,9295.239343402904,196.58595720978997
2970,PE,Triunfo,15254,0,2131,,0,32,,1.5016424213984045,13970.106201652025,209.78104103841613
2971,PE,Tupanatinga,27304,0,1865,,0,15,,0.8042895442359249,6830.50102549077,54.93700556694989
2972,PE,Tuparetama,8202,0,1588,,0,33,,2.0780856423173804,19361.131431358204,402.3408924652524
2973,PE,Venturosa,18482,1,3597,,0,39,,1.084236864053378,19462.179417811927,211.01612379612598
2974,PE,Verdejante,9534,0,1030,,0,12,,1.1650485436893203,10803.440318858822,125.86532410320957
2975,PE,Vertente do Lério,7618,0,1085,,0,10,,0.9216589861751152,14242.583355211342,131.26804935678655
2976,PE,Vertentes,20731,0,3146,,0,15,,0.47679593134138587,15175.341276349427,72.35540977280401
2977,PE,Vicência,32643,0,2022,,0,39,,1.9287833827893175,6194.283613638452,119.47431302270012
2978,PE,Vitória de Santo Antão,138757,1,15803,118.1922353466852,0,379,0.7206843618700318,2.3982788078212995,11388.974970632113,273.13937314874204
2979,PE,Xexéu,14725,0,1264,,0,30,,2.3734177215189876,8584.040747028863,203.73514431239389
2980,PI,,0,0,0,,0,0,,,,
2981,PI,Acauã,7084,0,259,,0,3,,1.1583011583011582,3656.1264822134385,42.34895539243366
2982,PI,Agricolândia,5139,0,1126,,0,13,,1.1545293072824157,21910.87760264643,252.96750340533177
2983,PI,Água Branca,17411,0,1954,,0,80,,4.094165813715456,11222.790190109701,459.4796393084831
2984,PI,Alagoinha do Piauí,7651,0,413,,0,13,,3.14769975786925,5397.987191216835,169.9124297477454
2985,PI,Alegrete do Piauí,4915,0,675,,0,9,,1.3333333333333335,13733.46897253306,183.11291963377417
2986,PI,Alto Longá,14304,0,973,,0,18,,1.8499486125385407,6802.293064876958,125.83892617449663
2987,PI,Altos,40524,0,6624,,0,124,,1.8719806763285023,16345.869114598758,305.99151120323756
2988,PI,Alvorada do Gurguéia,5419,0,1048,,0,15,,1.4312977099236641,19339.361505812878,276.8038383465584
2989,PI,Amarante,17598,0,1969,,0,42,,2.133062468257999,11188.771451301283,238.66348448687353
2990,PI,Angical do Piauí,6788,0,906,,0,13,,1.434878587196468,13347.083087802002,191.51443724219212
2991,PI,Anísio de Abreu,9880,0,316,,0,16,,5.063291139240507,3198.3805668016194,161.94331983805668
2992,PI,Antônio Almeida,3164,0,432,,0,12,,2.7777777777777777,13653.603034134007,379.2667509481669
2993,PI,Aroazes,5835,0,843,,0,15,,1.7793594306049825,14447.300771208227,257.0694087403599
2994,PI,Aroeiras do Itaim,2551,0,190,,0,3,,1.5789473684210527,7448.059584476675,117.60094080752646
2995,PI,Arraial,4727,0,173,,0,3,,1.7341040462427744,3659.826528453564,63.465199915379735
2996,PI,Assunção do Piauí,7846,0,413,,0,11,,2.663438256658596,5263.8287025235795,140.1988274279888
2997,PI,Avelino Lopes,11289,0,889,,0,26,,2.924634420697413,7874.922490920365,230.3126937726991
2998,PI,Baixa Grande do Ribeiro,11586,0,2710,,0,37,,1.3653136531365315,23390.298636285173,319.35094079060934
2999,PI,Barra D'Alcântara,3951,0,224,,0,6,,2.6785714285714284,5669.450771956467,151.86028853454823
3000,PI,Barras,47066,0,7086,,0,112,,1.580581428168219,15055.454043258404,237.96371053414356
3001,PI,Barreiras do Piauí,3348,0,114,,0,4,,3.508771929824561,3405.0179211469535,119.47431302270012
3002,PI,Barro Duro,7032,0,880,,0,12,,1.3636363636363635,12514.220705346985,170.64846416382252
3003,PI,Batalha,26857,0,1630,,0,43,,2.638036809815951,6069.181219049038,160.10723461295007
3004,PI,Bela Vista do Piauí,4015,0,329,,0,7,,2.127659574468085,8194.271481942715,174.34620174346202
3005,PI,Belém do Piauí,3566,0,627,,0,8,,1.2759170653907497,17582.72574312956,224.3409983174425
3006,PI,Beneditinos,10467,0,1646,,0,44,,2.67314702308627,15725.613833954332,420.3687780643928
3007,PI,Bertolínia,5501,0,1332,,0,12,,0.9009009009009009,24213.77931285221,218.14215597164153
3008,PI,Betânia do Piauí,6205,0,184,,0,4,,2.1739130434782608,2965.3505237711524,64.46414182111201
3009,PI,Boa Hora,6781,0,608,,0,7,,1.151315789473684,8966.229169738976,103.22961215160007
3010,PI,Bocaina,4500,0,453,,0,11,,2.4282560706401766,10066.666666666666,244.44444444444443
3011,PI,Bom Jesus,25179,0,4023,,0,58,,1.4417101665423813,15977.600381270107,230.3506890662854
3012,PI,Bom Princípio do Piauí,5630,0,310,,0,14,,4.516129032258064,5506.216696269982,248.6678507992895
3013,PI,Bonfim do Piauí,5670,0,519,,0,9,,1.7341040462427744,9153.439153439154,158.73015873015873
3014,PI,Boqueirão do Piauí,6407,0,903,,0,18,,1.9933554817275747,14093.959731543624,280.94271890120183
3015,PI,Brasileira,8329,0,1141,,0,23,,2.0157756354075373,13699.123544243006,276.14359466922804
3016,PI,Brejo do Piauí,3875,0,249,,0,6,,2.4096385542168677,6425.806451612903,154.83870967741936
3017,PI,Buriti dos Lopes,19781,0,1779,,0,41,,2.304665542439573,8993.478590566705,207.26960214347102
3018,PI,Buriti dos Montes,8244,0,726,,0,11,,1.5151515151515151,8806.404657933042,133.4303736050461
3019,PI,Cabeceiras do Piauí,10586,0,967,,0,20,,2.0682523267838677,9134.70621575666,188.9287738522577
3020,PI,Cajazeiras do Piauí,3559,0,93,,0,2,,2.1505376344086025,2613.0935656083166,56.19556055071649
3021,PI,Cajueiro da Praia,7642,0,504,,0,21,,4.166666666666666,6595.132164354881,274.7971735147867
3022,PI,Caldeirão Grande do Piauí,5776,0,552,,0,2,,0.36231884057971014,9556.786703601108,34.62603878116344
3023,PI,Campinas do Piauí,5613,0,265,,0,2,,0.7547169811320755,4721.182968109745,35.631569570639584
3024,PI,Campo Alegre do Fidalgo,5045,0,600,,0,3,,0.5,11892.963330029732,59.46481665014867
3025,PI,Campo Grande do Piauí,5943,0,557,,0,12,,2.154398563734291,9372.370856469795,201.91822311963654
3026,PI,Campo Largo do Piauí,7279,0,521,,0,8,,1.5355086372360844,7157.57659019096,109.90520675917021
3027,PI,Campo Maior,46833,0,7364,,0,182,,2.4714828897338403,15723.955330642922,388.61486558623193
3028,PI,Canavieira,3950,0,494,,0,8,,1.6194331983805668,12506.32911392405,202.53164556962025
3029,PI,Canto do Buriti,21187,0,1716,,0,54,,3.146853146853147,8099.306178316892,254.87327134563648
3030,PI,Capitão de Campos,11417,0,856,,0,31,,3.6214953271028034,7497.591311202592,271.5249189804677
3031,PI,Capitão Gervásio Oliveira,4100,0,146,,0,12,,8.21917808219178,3560.975609756097,292.6829268292683
3032,PI,Caracol,10916,0,442,,0,19,,4.298642533936651,4049.1022352510076,174.0564309270795
3033,PI,Caraúbas do Piauí,5868,0,199,,0,12,,6.030150753768844,3391.274710293115,204.4989775051125
3034,PI,Caridade do Piauí,5067,0,875,,0,6,,0.6857142857142857,17268.60074995066,118.41326228537595
3035,PI,Castelo do Piauí,19716,0,2562,,0,41,,1.600312256049961,12994.522215459525,207.9529316291337
3036,PI,Caxingó,5424,0,160,,0,2,,1.25,2949.8525073746314,36.87315634218289
3037,PI,Cocal,27787,0,2064,,0,54,,2.616279069767442,7427.933925936589,194.335480620434
3038,PI,Cocal de Telha,4891,0,633,,0,14,,2.211690363349131,12942.138621958698,286.2400327131466
3039,PI,Cocal dos Alves,6153,0,440,,0,8,,1.8181818181818181,7150.983260198278,130.0178774581505
3040,PI,Coivaras,4020,0,361,,0,6,,1.662049861495845,8980.099502487563,149.2537313432836
3041,PI,Colônia do Gurguéia,6484,0,730,,0,14,,1.9178082191780823,11258.482418260333,215.916101172116
3042,PI,Colônia do Piauí,7656,0,1017,,0,6,,0.5899705014749262,13283.69905956113,78.36990595611285
3043,PI,Conceição do Canindé,4803,0,535,,0,7,,1.3084112149532712,11138.871538621695,145.74224443056423
3044,PI,Coronel José Dias,4682,0,131,,0,6,,4.580152671755725,2797.949594190517,128.15036309269544
3045,PI,Corrente,26644,0,2416,,0,38,,1.5728476821192054,9067.707551418707,142.62122804383728
3046,PI,Cristalândia do Piauí,8294,0,72,,0,4,,5.555555555555555,868.0974198215577,48.22763443453099
3047,PI,Cristino Castro,10423,0,1061,,0,15,,1.413760603204524,10179.410918161757,143.91250119927082
3048,PI,Curimatá,11388,0,1220,,0,27,,2.2131147540983607,10713.031260976466,237.09167544783983
3049,PI,Currais,4954,0,670,,0,3,,0.44776119402985076,13524.424707307226,60.557125555106985
3050,PI,Curral Novo do Piauí,5343,0,362,,0,2,,0.5524861878453038,6775.219913906046,37.43215422047539
3051,PI,Curralinhos,4443,0,674,,0,4,,0.5934718100890208,15169.93022732388,90.02925950934053
3052,PI,Demerval Lobão,13817,0,3856,,0,45,,1.1670124481327802,27907.649996381268,325.68574943909675
3053,PI,Dirceu Arcoverde,7011,0,383,,0,13,,3.3942558746736298,5462.844102125232,185.42290686064754
3054,PI,Dom Expedito Lopes,6904,0,786,,0,14,,1.7811704834605597,11384.704519119352,202.78099652375434
3055,PI,Dom Inocêncio,9556,0,720,,0,8,,1.1111111111111112,7534.533277521975,83.71703641691084
3056,PI,Domingos Mourão,4355,0,281,,0,5,,1.7793594306049825,6452.353616532721,114.8105625717566
3057,PI,Elesbão Veloso,14602,0,791,,0,38,,4.804045512010114,5417.0661553211885,260.23832351732636
3058,PI,Eliseu Martins,4915,0,420,,0,17,,4.0476190476190474,8545.269582909461,345.8799593082401
3059,PI,Esperantina,39737,0,3249,,0,108,,3.32409972299169,8176.258902282507,271.7869995218562
3060,PI,Fartura do Piauí,5307,0,190,,0,7,,3.684210526315789,3580.177124552478,131.90126248351234
3061,PI,Flores do Piauí,4463,0,189,,0,6,,3.1746031746031744,4234.819628052879,134.43871835088504
3062,PI,Floresta do Piauí,2558,0,109,,0,4,,3.669724770642202,4261.1415168100075,156.3721657544957
3063,PI,Floriano,59935,0,11223,,0,188,,1.6751314265347945,18725.285726203387,313.6731459080671
3064,PI,Francinópolis,5348,0,81,,0,7,,8.641975308641975,1514.5848915482425,130.89005235602096
3065,PI,Francisco Ayres,4348,0,536,,0,7,,1.3059701492537312,12327.50689972401,160.9935602575897
3066,PI,Francisco Macedo,3184,0,604,,0,6,,0.9933774834437087,18969.849246231155,188.44221105527637
3067,PI,Francisco Santos,9319,0,791,,0,8,,1.0113780025284451,8488.035196909539,85.84612082841507
3068,PI,Fronteiras,11625,0,1343,,0,13,,0.967982129560685,11552.68817204301,111.82795698924731
3069,PI,Geminiano,5442,0,719,,0,6,,0.8344923504867872,13212.054391767733,110.25358324145535
3070,PI,Gilbués,10690,0,1180,,0,7,,0.5932203389830508,11038.353601496725,65.48175865294668
3071,PI,Guadalupe,10499,0,1717,,0,29,,1.68899242865463,16353.938470330506,276.21678255071913
3072,PI,Guaribas,4562,0,108,,0,2,,1.8518518518518516,2367.382726874178,43.84042086804033
3073,PI,Hugo Napoleão,3877,0,905,,0,9,,0.9944751381215469,23342.790817642504,232.1382512251741
3074,PI,Ilha Grande,9426,0,1381,,0,21,,1.5206372194062274,14650.9654148101,222.78803309993634
3075,PI,Inhuma,15308,0,1788,,0,32,,1.7897091722595078,11680.167232819442,209.04102430101906
3076,PI,Ipiranga do Piauí,9811,0,877,,0,20,,2.280501710376283,8938.946080929569,203.8528182652125
3077,PI,Isaías Coelho,8549,0,1102,,0,10,,0.9074410163339384,12890.396537606737,116.97274535033338
3078,PI,Itainópolis,11530,0,1796,,0,15,,0.8351893095768375,15576.756287944494,130.09540329575023
3079,PI,Itaueira,11019,0,792,,0,28,,3.535353535353535,7187.585080315818,254.10654324348852
3080,PI,Jacobina do Piauí,5741,0,633,,0,4,,0.631911532385466,11025.953666608606,69.67427277477792
3081,PI,Jaicós,19104,0,3193,,0,44,,1.37801440651425,16713.777219430485,230.31825795644892
3082,PI,Jardim do Mulato,4504,0,366,,0,5,,1.366120218579235,8126.110124333925,111.01243339253996
3083,PI,Jatobá do Piauí,4865,0,410,,0,11,,2.682926829268293,8427.543679342241,226.10483042137716
3084,PI,Jerumenha,4452,0,215,,0,8,,3.7209302325581395,4829.290206648698,179.69451931716083
3085,PI,João Costa,3008,0,331,,0,4,,1.2084592145015105,11003.989361702128,132.9787234042553
3086,PI,Joaquim Pires,14354,0,1761,,0,33,,1.8739352640545146,12268.357252333844,229.9010728716734
3087,PI,Joca Marques,5443,0,616,,0,9,,1.461038961038961,11317.288260150654,165.3499908138894
3088,PI,José de Freitas,39208,0,9011,,0,95,,1.0542670069914548,22982.55458069782,242.29749030810038
3089,PI,Juazeiro do Piauí,5478,0,686,,0,4,,0.5830903790087464,12522.818546914932,73.01935012778387
3090,PI,Júlio Borges,5627,0,151,,0,18,,11.920529801324504,2683.490314554825,319.88626266216454
3091,PI,Jurema,4763,0,333,,0,8,,2.4024024024024024,6991.391979844636,167.96136888515642
3092,PI,Lagoa Alegre,8542,0,529,,0,15,,2.835538752362949,6192.929056427066,175.60290330133458
3093,PI,Lagoa de São Francisco,6758,0,848,,0,6,,0.7075471698113208,12548.091151228175,88.78366380585972
3094,PI,Lagoa do Barro do Piauí,4655,0,1074,,0,11,,1.0242085661080074,23071.965628356604,236.3050483351235
3095,PI,Lagoa do Piauí,4064,0,1263,,0,6,,0.4750593824228029,31077.75590551181,147.63779527559055
3096,PI,Lagoa do Sítio,5177,0,100,,0,14,,14.000000000000002,1931.6206297083252,270.4268881591655
3097,PI,Lagoinha do Piauí,2845,0,399,,0,9,,2.2556390977443606,14024.604569420035,316.3444639718805
3098,PI,Landri Sales,5295,0,1212,,0,27,,2.2277227722772275,22889.518413597732,509.91501416430594
3099,PI,Luís Correia,30311,0,2623,,0,67,,2.5543271063667556,8653.624096862524,221.04186598924485
3100,PI,Luzilândia,25486,0,3374,,0,68,,2.015411973918198,13238.640822412304,266.8131523189202
3101,PI,Madeiro,8310,0,414,,0,7,,1.6908212560386473,4981.949458483755,84.2358604091456
3102,PI,Manoel Emídio,5349,0,505,,0,21,,4.158415841584159,9441.017012525706,392.5967470555244
3103,PI,Marcolândia,8492,0,1012,,0,21,,2.075098814229249,11917.098445595855,247.29156853509184
3104,PI,Marcos Parente,4549,0,483,,0,10,,2.070393374741201,10617.71817981974,219.82853374367994
3105,PI,Massapê do Piauí,6441,0,757,,0,3,,0.3963011889035667,11752.833410961031,46.57661853749418
3106,PI,Matias Olímpio,10936,0,755,,0,15,,1.9867549668874174,6903.803950256035,137.16166788588149
3107,PI,Miguel Alves,33760,0,2306,,0,41,,1.7779705117085862,6830.568720379148,121.44549763033174
3108,PI,Miguel Leão,1246,0,447,,0,3,,0.6711409395973155,35874.79935794543,240.7704654895666
3109,PI,Milton Brandão,6613,0,361,,0,3,,0.8310249307479225,5458.944503251171,45.36518977771057
3110,PI,Monsenhor Gil,10564,0,1910,,0,49,,2.5654450261780104,18080.27262400606,463.8394547519879
3111,PI,Monsenhor Hipólito,7749,0,943,,0,8,,0.8483563096500532,12169.312169312168,103.23912762937152
3112,PI,Monte Alegre do Piauí,10613,0,1225,,0,21,,1.7142857142857144,11542.447941204184,197.87053613492884
3113,PI,Morro Cabeça no Tempo,4532,0,167,,0,7,,4.191616766467066,3684.9073256840247,154.45719329214475
3114,PI,Morro do Chapéu do Piauí,6796,0,1238,,0,7,,0.5654281098546041,18216.597998822836,103.00176574455561
3115,PI,Murici dos Portelas,9159,0,341,,0,11,,3.225806451612903,3723.1138770608145,120.10044764712303
3116,PI,Nazaré do Piauí,7339,0,458,,0,16,,3.4934497816593884,6240.632238724622,218.0133533178907
3117,PI,Nazária,8570,0,476,,0,19,,3.9915966386554618,5554.259043173862,221.70361726954494
3118,PI,Nossa Senhora de Nazaré,4870,0,938,,0,20,,2.1321961620469083,19260.780287474332,410.6776180698152
3119,PI,Nossa Senhora dos Remédios,8692,0,949,,0,16,,1.685985247629083,10918.0855959503,184.07731247123792
3120,PI,Nova Santa Rita,4374,0,152,,0,4,,2.631578947368421,3475.080018289895,91.44947416552354
3121,PI,Novo Oriente do Piauí,6565,0,426,,0,13,,3.051643192488263,6488.95658796649,198.01980198019803
3122,PI,Novo Santo Antônio,2991,0,330,,0,5,,1.5151515151515151,11033.099297893681,167.1681711802073
3123,PI,Oeiras,37029,0,6817,,0,95,,1.3935748863136277,18409.894947203542,256.55567258095004
3124,PI,Olho D'Água do Piauí,2459,0,338,,0,3,,0.8875739644970414,13745.424969499798,122.00081333875559
3125,PI,Padre Marcos,6868,0,602,,0,9,,1.495016611295681,8765.288293535235,131.0425160163075
3126,PI,Paes Landim,4129,0,320,,0,9,,2.8125,7750.0605473480255,217.97045289416323
3127,PI,Pajeú do Piauí,3389,0,105,,0,9,,8.571428571428571,3098.259073473001,265.56506344054293
3128,PI,Palmeira do Piauí,5043,0,238,,0,7,,2.941176470588235,4719.413047789015,138.8062661114416
3129,PI,Palmeirais,14539,0,349,,0,25,,7.163323782234957,2400.4401953366805,171.9513033908797
3130,PI,Paquetá,3945,0,205,,0,9,,4.390243902439024,5196.4512040557665,228.13688212927758
3131,PI,Parnaguá,10791,0,606,,0,11,,1.8151815181518154,5615.7909368918545,101.93679918450562
3132,PI,Parnaíba,153078,0,24611,175.7274069428657,0,520,1.306523471694169,2.1128763561009305,16077.424580932598,339.6961026404839
3133,PI,Passagem Franca do Piauí,4313,0,261,,0,12,,4.597701149425287,6051.472293067471,278.2286111755159
3134,PI,Patos do Piauí,6392,0,686,,0,12,,1.749271137026239,10732.165206508134,187.73466833541926
3135,PI,Pau D'Arco do Piauí,4045,0,504,,0,5,,0.992063492063492,12459.82694684796,123.60939431396785
3136,PI,Paulistana,20523,0,1339,,0,20,,1.4936519790888723,6524.387272815865,97.45163962383667
3137,PI,Pavussu,3677,0,586,,0,16,,2.7303754266211606,15936.905085667662,435.13734022300787
3138,PI,Pedro II,38742,0,5580,,0,123,,2.204301075268817,14402.97351711321,317.4849001084095
3139,PI,Pedro Laurentino,2536,0,82,,0,4,,4.878048780487805,3233.4384858044164,157.72870662460568
3140,PI,Picos,78222,0,14699,,0,195,,1.326620858561807,18791.388611899463,249.2904809388663
3141,PI,Pimenteiras,12127,0,1541,,0,33,,2.1414665801427644,12707.18232044199,272.120062670075
3142,PI,Pio IX,18425,0,2645,,0,26,,0.9829867674858223,14355.495251017639,141.11261872455904
3143,PI,Piracuruca,28791,0,3057,,0,118,,3.8599934576382076,10617.901427529436,409.85030044111005
3144,PI,Piripiri,63742,0,16126,,0,228,,1.413865806771673,25298.861033541463,357.69194565592545
3145,PI,Porto,12568,0,558,,0,18,,3.225806451612903,4439.847231063017,143.22087842138765
3146,PI,Porto Alegre do Piauí,2710,0,194,,0,4,,2.0618556701030926,7158.671586715867,147.60147601476015
3147,PI,Prata do Piauí,3151,0,354,,0,5,,1.4124293785310735,11234.52872104094,158.67978419549348
3148,PI,Queimada Nova,8992,0,1355,,0,6,,0.44280442804428044,15068.950177935943,66.72597864768683
3149,PI,Redenção do Gurguéia,8778,0,1080,,0,25,,2.314814814814815,12303.485987696513,284.8029163818638
3150,PI,Regeneração,17978,0,1493,,0,31,,2.0763563295378433,8304.59450439426,172.43297363444208
3151,PI,Riacho Frio,4312,0,223,,0,5,,2.242152466367713,5171.6141001855285,115.95547309833024
3152,PI,Ribeira do Piauí,4477,0,108,,0,7,,6.481481481481481,2412.3296850569577,156.35470180924727
3153,PI,Ribeiro Gonçalves,7341,0,981,,0,18,,1.834862385321101,13363.302002451983,245.1982018798529
3154,PI,Rio Grande do Piauí,6432,0,670,,0,10,,1.4925373134328357,10416.666666666668,155.4726368159204
3155,PI,Santa Cruz do Piauí,6240,0,888,,0,15,,1.6891891891891893,14230.76923076923,240.3846153846154
3156,PI,Santa Cruz dos Milagres,4019,0,290,,0,2,,0.6896551724137931,7215.725304802189,49.76362279173924
3157,PI,Santa Filomena,6253,0,190,,0,5,,2.631578947368421,3038.5415000799617,79.96161842315689
3158,PI,Santa Luz,5860,0,619,,0,8,,1.2924071082390953,10563.139931740614,136.51877133105802
3159,PI,Santa Rosa do Piauí,5257,0,269,,0,6,,2.2304832713754648,5116.986874643332,114.13353623739775
3160,PI,Santana do Piauí,4634,0,348,,0,7,,2.0114942528735633,7509.710832973673,151.05740181268882
3161,PI,Santo Antônio de Lisboa,6415,0,128,,0,5,,3.90625,1995.323460639127,77.9423226812159
3162,PI,Santo Antônio dos Milagres,2161,0,323,,0,3,,0.9287925696594427,14946.783896344285,138.82461823229985
3163,PI,Santo Inácio do Piauí,3798,0,337,,0,7,,2.0771513353115725,8873.091100579253,184.30753027909424
3164,PI,São Braz do Piauí,4448,0,188,,0,15,,7.9787234042553195,4226.618705035971,337.2302158273381
3165,PI,São Félix do Piauí,2942,0,551,,0,4,,0.7259528130671506,18728.755948334467,135.96193065941534
3166,PI,São Francisco de Assis do Piauí,5755,0,488,,0,5,,1.0245901639344261,8479.582971329279,86.88097306689835
3167,PI,São Francisco do Piauí,6423,0,241,,0,10,,4.149377593360995,3752.1407442005293,155.6904873112253
3168,PI,São Gonçalo do Gurguéia,3041,0,231,,0,6,,2.5974025974025974,7596.185465307464,197.30351857941469
3169,PI,São Gonçalo do Piauí,5015,0,476,,0,9,,1.8907563025210083,9491.525423728814,179.4616151545364
3170,PI,São João da Canabrava,4608,0,630,,0,11,,1.746031746031746,13671.875,238.7152777777778
3171,PI,São João da Fronteira,6042,0,267,,0,7,,2.6217228464419478,4419.066534260179,115.85567692816949
3172,PI,São João da Serra,6139,0,445,,0,19,,4.269662921348314,7248.737579410327,309.49666069392407
3173,PI,São João da Varjota,4840,0,379,,0,2,,0.5277044854881267,7830.578512396693,41.32231404958677
3174,PI,São João do Arraial,7989,0,936,,0,11,,1.1752136752136753,11716.109650769808,137.68932281887595
3175,PI,São João do Piauí,20601,0,4074,,0,39,,0.9572901325478645,19775.739041794088,189.31119848551043
3176,PI,São José do Divino,5346,0,398,,0,14,,3.5175879396984926,7444.818555929666,261.8780396558174
3177,PI,São José do Peixe,3745,0,396,,0,4,,1.0101010101010102,10574.098798397865,106.8090787716956
3178,PI,São José do Piauí,6705,0,329,,0,9,,2.735562310030395,4906.785980611484,134.22818791946307
3179,PI,São Julião,6363,0,363,,0,15,,4.132231404958678,5704.856199905705,235.73785950023574
3180,PI,São Lourenço do Piauí,4573,0,69,,0,4,,5.797101449275362,1508.8563306363437,87.46993221080254
3181,PI,São Luis do Piauí,2644,0,205,,0,1,,0.4878048780487805,7753.40393343419,37.821482602118
3182,PI,São Miguel da Baixa Grande,2452,0,320,,0,4,,1.25,13050.570962479607,163.13213703099512
3183,PI,São Miguel do Fidalgo,3039,0,317,,0,4,,1.2618296529968454,10431.062849621587,131.62224415926292
3184,PI,São Miguel do Tapuio,17662,0,687,,0,19,,2.7656477438136826,3889.7067149813156,107.57558600385008
3185,PI,São Pedro do Piauí,14291,0,2536,,0,35,,1.3801261829652995,17745.43418934994,244.90938352809462
3186,PI,São Raimundo Nonato,34710,0,4941,,0,75,,1.5179113539769278,14235.090751944685,216.07605877268801
3187,PI,Sebastião Barros,3469,0,26,,0,3,,11.538461538461538,749.4955318535601,86.48025367541078
3188,PI,Sebastião Leal,4294,0,1127,,0,9,,0.7985803016858917,26245.92454587797,209.59478341872378
3189,PI,Sigefredo Pacheco,10041,0,467,,0,16,,3.4261241970021414,4650.931182153172,159.34667861766755
3190,PI,Simões,14633,0,1217,,0,17,,1.3968775677896468,8316.818150755142,116.17576710175629
3191,PI,Simplício Mendes,12711,0,2079,,0,57,,2.7417027417027415,16355.912202029738,448.4304932735426
3192,PI,Socorro do Piauí,4569,0,373,,0,8,,2.1447721179624666,8163.711971985117,175.09301816590065
3193,PI,Sussuapara,6730,0,709,,0,15,,2.1156558533145273,10534.918276374443,222.8826151560178
3194,PI,Tamboril do Piauí,2919,0,56,,0,8,,14.285714285714285,1918.4652278177457,274.06646111682085
3195,PI,Tanque do Piauí,2765,0,480,,0,1,,0.20833333333333334,17359.85533453888,36.166365280289334
3196,PI,Teresina,864845,0,147168,12.372159173031,0,3053,0.1156276558227197,2.074499891280713,17016.690852118012,353.0112332267632
3197,PI,União,44485,0,2599,,0,80,,3.0781069642170067,5842.418792851523,179.8358997414859
3198,PI,Uruçuí,21558,0,5718,,0,74,,1.2941587967820916,26523.79627052602,343.2600426755729
3199,PI,Valença do Piauí,20918,0,2529,,0,81,,3.202846975088968,12090.065971890237,387.2263122669471
3200,PI,Várzea Branca,4947,0,205,,0,12,,5.853658536585367,4143.925611481706,242.57125530624623
3201,PI,Várzea Grande,4391,0,572,,0,1,,0.17482517482517482,13026.645411068093,22.77385561375541
3202,PI,Vera Mendes,3077,0,497,,0,3,,0.6036217303822937,16152.09619759506,97.49756256093598
3203,PI,Vila Nova do Piauí,2971,0,352,,0,3,,0.8522727272727272,11847.862672500842,100.97610232245036
3204,PI,Wall Ferraz,4462,0,341,,0,3,,0.8797653958944283,7642.312864186464,67.23442402510085
3205,PR,,0,0,12482,,0,249,,1.9948726165678579,inf,inf
3206,PR,Abatiá,7457,0,1781,,0,25,,1.403705783267827,23883.599302668634,335.25546466407405
3207,PR,Adrianópolis,5919,0,2046,,0,31,,1.5151515151515151,34566.64977192093,523.7371177563778
3208,PR,Agudos do Sul,9371,0,1852,,0,38,,2.0518358531317493,19763.09892220681,405.50634937573363
3209,PR,Almirante Tamandaré,118623,0,19948,40.46432816570142,0,519,0.8430068367854464,2.6017645879286144,16816.300380196084,437.52054829164666
3210,PR,Altamira do Paraná,1942,0,664,,0,15,,2.2590361445783134,34191.55509783728,772.3995880535531
3211,PR,Alto Paraíso,2741,0,1419,,0,12,,0.8456659619450317,51769.4272163444,437.7964246625319
3212,PR,Alto Paraná,14770,0,3344,,0,28,,0.8373205741626795,22640.487474610694,189.5734597156398
3213,PR,Alto Piquiri,9836,0,2694,,0,31,,1.1507052709725316,27389.18259455063,315.1687677917853
3214,PR,Altônia,22056,0,5051,,0,55,,1.0888932884577311,22900.797968806673,249.36525208560028
3215,PR,Alvorada do Sul,11406,0,1830,,0,41,,2.2404371584699456,16044.18726985797,359.45993336840263
3216,PR,Amaporã,6257,0,1008,,0,8,,0.7936507936507936,16109.95684832987,127.8568003835704
3217,PR,Ampére,19152,0,6884,,0,75,,1.0894828588030214,35944.02673350042,391.6040100250626
3218,PR,Anahy,2801,0,953,,0,16,,1.6789087093389297,34023.56301320957,571.2245626561943
3219,PR,Andirá,20031,0,6134,,0,103,,1.6791653081186828,30622.535070640504,514.2029853726723
3220,PR,Ângulo,2928,0,982,,0,11,,1.120162932790224,33538.25136612022,375.6830601092896
3221,PR,Antonina,18980,0,5421,,0,81,,1.4941892639734367,28561.64383561644,426.76501580611165
3222,PR,Antônio Olinto,7434,0,1636,,0,18,,1.1002444987775062,22006.99488835082,242.13075060532688
3223,PR,Apucarana,134996,0,24188,25.92669412427035,0,594,0.0,2.4557631883578632,17917.567927938606,440.01303742333107
3224,PR,Arapongas,123027,0,31202,0.0,0,675,-0.8128297040487048,2.1633228639189794,25361.912425727685,548.6600502328757
3225,PR,Arapoti,28115,0,5897,,0,71,,1.2040020349330167,20974.568735550416,252.53423439445137
3226,PR,Arapuã,3068,0,969,,0,9,,0.9287925696594427,31584.093872229463,293.3507170795306
3227,PR,Araruna,13970,0,3846,,0,45,,1.1700468018720749,27530.42233357194,322.11882605583395
3228,PR,Araucária,143843,0,48088,12.51364334726055,0,596,0.0,1.239394443520213,33430.893404614755,414.3406352759606
3229,PR,Ariranha do Ivaí,2108,0,723,,0,6,,0.8298755186721992,34297.912713472484,284.6299810246679
3230,PR,Assaí,15119,0,3768,,0,77,,2.043524416135881,24922.283219789668,509.2929426549375
3231,PR,Assis Chateaubriand,33362,0,10207,,0,149,,1.4597825022043696,30594.68856783166,446.61591031712726
3232,PR,Astorga,26111,0,9718,,0,109,,1.1216299650133772,37218.03071502432,417.44858488759525
3233,PR,Atalaia,3892,0,1396,,0,30,,2.148997134670487,35868.448098663925,770.8119218910587
3234,PR,Balsa Nova,12941,0,3372,,0,37,,1.0972716488730723,26056.71895525848,285.91298972258716
3235,PR,Bandeirantes,31367,0,10386,,0,172,,1.6560754862314655,33111.23154908024,548.346988873657
3236,PR,Barbosa Ferraz,11568,0,3794,,0,62,,1.6341591987348445,32797.37206085754,535.9612724757953
3237,PR,Barra do Jacaré,2781,0,708,,0,7,,0.9887005649717515,25458.46817691478,251.70801869830996
3238,PR,Barracão,10275,0,3008,,0,40,,1.3297872340425532,29274.939172749393,389.29440389294405
3239,PR,Bela Vista da Caroba,3511,0,883,,0,9,,1.0192525481313703,25149.530048419256,256.3372258615779
3240,PR,Bela Vista do Paraíso,15397,0,4419,,0,91,,2.0592894319981894,28700.396181074233,591.0242254984737
3241,PR,Bituruna,16389,0,2934,,0,42,,1.4314928425357873,17902.251510159254,256.2694490206846
3242,PR,Boa Esperança,4105,0,1572,,0,21,,1.3358778625954197,38294.76248477466,511.5712545676005
3243,PR,Boa Esperança do Iguaçu,2503,0,566,,0,2,,0.35335689045936397,22612.86456252497,79.9041150619257
3244,PR,Boa Ventura de São Roque,6387,0,1148,,0,12,,1.0452961672473868,17974.009707217785,187.88163457022077
3245,PR,Boa Vista da Aparecida,7591,0,1984,,0,45,,2.2681451612903225,26136.213937557633,592.8072717692004
3246,PR,Bocaiúva do Sul,12944,0,3561,,0,32,,0.8986239820275204,27510.81582200247,247.2187886279357
3247,PR,Bom Jesus do Sul,3541,0,1506,,0,12,,0.796812749003984,42530.35865574696,338.8873199661113
3248,PR,Bom Sucesso,7032,0,2760,,0,21,,0.7608695652173914,39249.146757679184,298.63481228668945
3249,PR,Bom Sucesso do Sul,3264,0,1264,,0,10,,0.7911392405063291,38725.490196078434,306.37254901960785
3250,PR,Borrazópolis,6592,0,2118,,0,38,,1.794145420207743,32129.854368932036,576.4563106796116
3251,PR,Braganey,5427,0,1616,,0,16,,0.9900990099009901,29777.040722314352,294.8221853694491
3252,PR,Brasilândia do Sul,2651,0,1070,,0,15,,1.4018691588785046,40362.12749905696,565.8242172764994
3253,PR,Cafeara,2934,0,945,,0,15,,1.5873015873015872,32208.588957055214,511.2474437627812
3254,PR,Cafelândia,18120,0,5900,,0,52,,0.8813559322033898,32560.706401766005,286.9757174392936
3255,PR,Cafezal do Sul,4044,0,1228,,0,13,,1.0586319218241043,30365.97428288823,321.4638971315529
3256,PR,Califórnia,8570,0,2464,,0,42,,1.7045454545454544,28751.458576429406,490.08168028004667
3257,PR,Cambará,25360,0,7110,,0,80,,1.1251758087201125,28036.277602523656,315.45741324921136
3258,PR,Cambé,106533,0,27703,61.01395811626445,0,437,0.0,1.577446485940151,26004.148949151906,410.2015337970394
3259,PR,Cambira,7865,0,2947,,0,34,,1.153715643026807,37469.802924348376,432.2949777495232
3260,PR,Campina da Lagoa,14202,0,4066,,0,66,,1.6232169208066896,28629.77045486551,464.7232784114913
3261,PR,Campina do Simão,3887,0,636,,0,16,,2.515723270440252,16362.233084641111,411.62850527399024
3262,PR,Campina Grande do Sul,43288,0,11884,,0,184,,1.5483002356109055,27453.33579744964,425.06006283496583
3263,PR,Campo Bonito,3833,0,679,,0,19,,2.798232695139912,17714.58387685886,495.69527785024786
3264,PR,Campo do Tenente,7971,0,756,,0,23,,3.0423280423280423,9484.38088069251,288.5459791745076
3265,PR,Campo Largo,132002,0,38451,37.12064968712595,0,546,0.0,1.4199890770071,29129.104104483267,413.63009651368924
3266,PR,Campo Magro,29318,0,5696,,0,97,,1.7029494382022472,19428.337540077766,330.8547649907906
3267,PR,Campo Mourão,94859,0,34768,,0,403,,1.1591118269673262,36652.29445809043,424.841079918616
3268,PR,Cândido de Abreu,15018,0,3134,,0,23,,0.7338864071474155,20868.291383672928,153.1495538686909
3269,PR,Candói,15979,0,3144,,0,37,,1.1768447837150127,19675.824519682083,231.55391451279806
3270,PR,Cantagalo,13317,0,2025,,0,40,,1.9753086419753085,15206.12750619509,300.36795073965607
3271,PR,Capanema,19124,0,6338,,0,33,,0.5206689807510255,33141.60217527714,172.5580422505752
3272,PR,Capitão Leônidas Marques,15780,0,3630,,0,34,,0.9366391184573003,23003.802281368822,215.46261089987325
3273,PR,Carambeí,23415,0,6862,,0,80,,1.1658408627222383,29306.000427076662,341.6613282084134
3274,PR,Carlópolis,14320,0,2129,,0,55,,2.5833724753405356,14867.31843575419,384.0782122905028
3275,PR,Cascavel,328454,0,88396,12.17826544965201,0,1321,-0.3044566362413001,1.4944115118331147,26912.748817185966,402.1872164747575
3276,PR,Castro,71484,0,20600,,0,282,,1.3689320388349515,28817.637513289683,394.49387275474237
3277,PR,Catanduvas,10189,0,2289,,0,26,,1.1358671909130624,22465.4038669153,255.17715183040534
3278,PR,Centenário do Sul,10827,0,2745,,0,45,,1.639344262295082,25353.283458021615,415.6275976724855
3279,PR,Cerro Azul,17779,0,2410,,0,60,,2.4896265560165975,13555.318071882557,337.47679847010517
3280,PR,Céu Azul,11765,0,3241,,0,38,,1.1724776303609998,27547.811304717383,322.99192520186995
3281,PR,Chopinzinho,19254,0,4825,,0,59,,1.22279792746114,25059.7278487587,306.42983276202347
3282,PR,Cianorte,82620,0,23396,,0,229,,0.9787997948367242,28317.598644396032,277.1725974340353
3283,PR,Cidade Gaúcha,12652,0,3651,,0,38,,1.0408107367844426,28857.097692064497,300.34777110338285
3284,PR,Clevelândia,16559,0,4092,,0,100,,2.4437927663734116,24711.63717615798,603.9012017633916
3285,PR,Colombo,243726,0,49745,4.102968087114219,0,924,0.0,1.8574731128756659,20410.214749349678,379.1142512493538
3286,PR,Colorado,24012,0,7548,,0,99,,1.3116057233704292,31434.282858570718,412.2938530734633
3287,PR,Congonhinhas,8818,0,2945,,0,40,,1.3582342954159592,33397.595826718076,453.6176003628941
3288,PR,Conselheiro Mairinck,3860,0,1346,,0,17,,1.263001485884101,34870.46632124352,440.41450777202067
3289,PR,Contenda,18584,0,4264,,0,75,,1.7589118198874296,22944.468359879465,403.5729659922514
3290,PR,Corbélia,17071,0,5437,,0,59,,1.0851572558396174,31849.33512975221,345.61537109718233
3291,PR,Cornélio Procópio,47845,0,17384,,0,203,,1.1677404509894156,36333.995192810115,424.2867593269934
3292,PR,Coronel Domingos Soares,7497,0,2249,,0,22,,0.9782125389061804,29998.666133119918,293.4507136187808
3293,PR,Coronel Vivida,20734,0,6428,,0,91,,1.4156813939016801,31002.218578180768,438.8926401080351
3294,PR,Corumbataí do Sul,3219,0,752,,0,8,,1.0638297872340425,23361.29232680957,248.52438645542094
3295,PR,Cruz Machado,18708,0,2877,,0,41,,1.4250955856795273,15378.447722899295,219.15757964507165
3296,PR,Cruzeiro do Iguaçu,4252,0,1168,,0,14,,1.1986301369863013,27469.426152398875,329.2568203198495
3297,PR,Cruzeiro do Oeste,20932,0,5836,,0,95,,1.6278272789581907,27880.75673609784,453.8505637301739
3298,PR,Cruzeiro do Sul,4469,0,1489,,0,12,,0.8059100067159166,33318.41575296487,268.51644663235624
3299,PR,Cruzmaltina,2950,0,930,,0,10,,1.0752688172043012,31525.423728813563,338.9830508474576
3300,PR,Curitiba,1933105,0,327301,-16.81233042178257,0,8954,-0.05173024745163868,2.7357081096605262,16931.361721168796,463.19263568197283
3301,PR,Curiúva,15101,0,2994,,0,51,,1.7034068136272544,19826.50155618833,337.7259784120257
3302,PR,Diamante D'Oeste,5253,0,1109,,0,17,,1.532912533814247,21111.745669141445,323.62459546925567
3303,PR,Diamante do Norte,5087,0,1031,,0,21,,2.0368574199806013,20267.348142323568,412.81698447021824
3304,PR,Diamante do Sul,3439,0,1146,,0,24,,2.094240837696335,33323.6405931957,697.8772899098575
3305,PR,Dois Vizinhos,40641,0,13914,,0,110,,0.7905706482679316,34236.36229423488,270.66263133289044
3306,PR,Douradina,8747,0,3142,,0,21,,0.668364099299809,35920.88716131245,240.08231393620667
3307,PR,Doutor Camargo,5979,0,1617,,0,23,,1.4223871366728509,27044.656297039637,384.67971232647596
3308,PR,Doutor Ulysses,5580,0,884,,0,9,,1.0180995475113122,15842.293906810037,161.29032258064515
3309,PR,Enéas Marques,5961,0,1645,,0,17,,1.033434650455927,27596.04093272941,285.1870491528267
3310,PR,Engenheiro Beltrão,14000,0,3977,,0,37,,0.9303495096806638,28407.14285714286,264.2857142857143
3311,PR,Entre Rios do Oeste,4539,0,978,,0,7,,0.7157464212678937,21546.596166556512,154.21899096717337
3312,PR,Esperança Nova,1698,0,783,,0,8,,1.0217113665389528,46113.074204947,471.1425206124852
3313,PR,Espigão Alto do Iguaçu,4117,0,1380,,0,10,,0.7246376811594203,33519.5530726257,242.8953121204761
3314,PR,Farol,3089,0,518,,0,10,,1.9305019305019304,16769.180964713498,323.72936225315635
3315,PR,Faxinal,17251,0,5025,,0,89,,1.771144278606965,29128.74615964292,515.9121210364616
3316,PR,Fazenda Rio Grande,100209,0,28058,3.991657435958846,0,508,0.0,1.8105353196949177,27999.481084533323,506.94049436677346
3317,PR,Fênix,4762,0,1528,,0,12,,0.7853403141361256,32087.35825283494,251.994960100798
3318,PR,Fernandes Pinheiro,5646,0,882,,0,18,,2.0408163265306123,15621.679064824653,318.8097768331562
3319,PR,Figueira,7770,0,1913,,0,31,,1.6204913748039729,24620.33462033462,398.97039897039895
3320,PR,Flor da Serra do Sul,4624,0,1616,,0,26,,1.608910891089109,34948.09688581315,562.2837370242215
3321,PR,Floraí,4929,0,2002,,0,14,,0.6993006993006993,40616.75796307567,284.03327246906065
3322,PR,Floresta,6774,0,3194,,0,29,,0.9079524107701942,47150.870977266015,428.1074697372306
3323,PR,Florestópolis,10548,0,3085,,0,49,,1.5883306320907615,29247.250663632916,464.5430413348502
3324,PR,Flórida,2689,0,779,,0,14,,1.797175866495507,28969.877277798438,520.6396429899592
3325,PR,Formosa do Oeste,6578,0,1642,,0,27,,1.6443361753958587,24961.99452721192,410.45910611128
3326,PR,Foz do Iguaçu,258532,0,85952,29.39674779137592,0,1345,0.0,1.5648268801191363,33246.174554793986,520.245076044745
3327,PR,Foz do Jordão,4650,0,1063,,0,17,,1.5992474129821261,22860.21505376344,365.59139784946234
3328,PR,Francisco Alves,6046,0,763,,0,20,,2.621231979030144,12619.913992722462,330.7972213033411
3329,PR,Francisco Beltrão,91093,0,36227,,0,323,,0.8916001877053027,39769.24681369589,354.5826792398977
3330,PR,General Carneiro,13710,0,1456,,0,46,,3.159340659340659,10619.98541210795,335.52151714077314
3331,PR,Godoy Moreira,2946,0,697,,0,5,,0.7173601147776184,23659.198913781398,169.72165648336727
3332,PR,Goioerê,28884,0,5762,,0,95,,1.6487330787920862,19948.7605594793,328.90181415316437
3333,PR,Goioxim,7111,0,1032,,0,9,,0.872093023255814,14512.726761355647,126.56447756996202
3334,PR,Grandes Rios,5618,0,1341,,0,19,,1.4168530947054436,23869.704521181913,338.1986472054112
3335,PR,Guaíra,33119,0,9035,,0,126,,1.3945766463752074,27280.41305594976,380.4462695129684
3336,PR,Guairaçá,6581,0,1089,,0,22,,2.0202020202020203,16547.63713721319,334.2956997416806
3337,PR,Guamiranga,8739,0,2844,,0,28,,0.9845288326300985,32543.7693099897,320.4027920814739
3338,PR,Guapirama,3802,0,1088,,0,16,,1.4705882352941175,28616.51762230405,420.8311415044713
3339,PR,Guaporema,2243,0,627,,0,7,,1.1164274322169059,27953.633526526974,312.0820329915292
3340,PR,Guaraci,5502,0,1515,,0,16,,1.056105610561056,27535.441657579064,290.80334423845875
3341,PR,Guaraniaçu,12472,0,3303,,0,44,,1.3321223130487436,26483.322642719693,352.79025016035916
3342,PR,Guarapuava,181504,0,42995,7.713328631875882,0,711,0.5509520451339915,1.6536806605419234,23688.183180535965,391.72690409026796
3343,PR,Guaraqueçaba,7636,0,1362,,0,20,,1.4684287812041115,17836.563645887898,261.91723415400736
3344,PR,Guaratuba,37067,0,14107,,0,211,,1.4957113489756857,38058.11098821054,569.2394852564275
3345,PR,Honório Serpa,5211,0,1176,,0,12,,1.0204081632653061,22567.64536557283,230.2820955670697
3346,PR,Ibaiti,31364,0,9012,,0,186,,2.0639147802929427,28733.579900522895,593.0366024741742
3347,PR,Ibema,6352,0,951,,0,34,,3.5751840168243953,14971.662468513856,535.2644836272041
3348,PR,Ibiporã,54558,0,15304,,0,248,,1.6204913748039729,28050.881630558306,454.56211737966936
3349,PR,Icaraíma,7904,0,2182,,0,20,,0.916590284142988,27606.275303643724,253.03643724696357
3350,PR,Iguaraçu,4404,0,1022,,0,27,,2.6418786692759295,23206.17620345141,613.0790190735695
3351,PR,Iguatu,2256,0,1004,,0,16,,1.593625498007968,44503.54609929078,709.2198581560284
3352,PR,Imbaú,13111,0,2885,,0,67,,2.3223570190641247,22004.423766303105,511.02127984135456
3353,PR,Imbituva,32564,0,7864,,0,127,,1.6149542217700916,24149.36739958236,390.0012283503255
3354,PR,Inácio Martins,11125,0,2808,,0,22,,0.7834757834757835,25240.449438202246,197.75280898876403
3355,PR,Inajá,3109,0,936,,0,11,,1.1752136752136753,30106.143454486973,353.8115149565777
3356,PR,Indianópolis,4457,0,1767,,0,12,,0.6791171477079796,39645.50145838008,269.2393986986762
3357,PR,Ipiranga,15172,0,2815,,0,39,,1.3854351687388986,18553.91510677564,257.0524650672291
3358,PR,Iporã,13926,0,3455,,0,35,,1.0130246020260492,24809.70845899756,251.3284503805831
3359,PR,Iracema do Oeste,2288,0,675,,0,7,,1.037037037037037,29501.74825174825,305.94405594405595
3360,PR,Irati,60727,0,19468,,0,229,,1.1762892952537498,32058.227806412306,377.09750193488895
3361,PR,Iretama,10169,0,3450,,0,26,,0.7536231884057971,33926.63978758974,255.6790244861835
3362,PR,Itaguajé,4466,0,914,,0,12,,1.312910284463895,20465.74115539633,268.6968204209583
3363,PR,Itaipulândia,11176,0,3082,,0,31,,1.0058403634003894,27576.95060844667,277.3801002147459
3364,PR,Itambaracá,6582,0,1664,,0,29,,1.7427884615384617,25281.069583713157,440.5955636584625
3365,PR,Itambé,6108,0,1633,,0,39,,2.3882424984690753,26735.428945645057,638.5068762278978
3366,PR,Itapejara d'Oeste,11964,0,3865,,0,48,,1.241914618369987,32305.24908057506,401.2036108324975
3367,PR,Itaperuçu,28634,0,5399,,0,127,,2.3522874606408593,18855.207096458755,443.52867220786476
3368,PR,Itaúna do Sul,2865,0,855,,0,6,,0.7017543859649122,29842.931937172772,209.42408376963354
3369,PR,Ivaí,13879,0,2811,,0,28,,0.9960868018498754,20253.62057785143,201.7436414727286
3370,PR,Ivaiporã,31984,0,8054,,0,107,,1.3285324062577601,25181.34067033517,334.5422711355678
3371,PR,Ivaté,8185,0,2121,,0,9,,0.4243281471004243,25913.255956017107,109.95723885155772
3372,PR,Ivatuba,3259,0,820,,0,13,,1.5853658536585367,25161.092359619513,398.89536667689475
3373,PR,Jaboti,5274,0,1618,,0,19,,1.1742892459826948,30678.80166856276,360.257868790292
3374,PR,Jacarezinho,39378,0,14049,,0,146,,1.0392198733005908,35677.28173091574,370.76540200111737
3375,PR,Jaguapitã,13620,0,6103,,0,74,,1.212518433557267,44809.10425844347,543.3186490455213
3376,PR,Jaguariaíva,34857,0,8080,,0,174,,2.153465346534653,23180.422870585535,499.18237369825283
3377,PR,Jandaia do Sul,21176,0,8515,,0,104,,1.2213740458015268,40210.615791462034,491.1220249338874
3378,PR,Janiópolis,5245,0,1700,,0,25,,1.4705882352941175,32411.820781696853,476.6444232602479
3379,PR,Japira,4994,0,1512,,0,18,,1.1904761904761905,30276.3315979175,360.43251902282736
3380,PR,Japurá,9425,0,2814,,0,20,,0.7107320540156361,29856.76392572944,212.20159151193633
3381,PR,Jardim Alegre,11328,0,1974,,0,41,,2.077001013171226,17425.84745762712,361.93502824858757
3382,PR,Jardim Olinda,1331,0,98,,0,2,,2.0408163265306123,7362.885048835462,150.26296018031556
3383,PR,Jataizinho,12588,0,3112,,0,61,,1.9601542416452442,24721.957419764854,484.58849698125204
3384,PR,Jesuítas,8412,0,2175,,0,24,,1.103448275862069,25855.920114122684,285.30670470756064
3385,PR,Joaquim Távora,11908,0,4273,,0,66,,1.5445822607067634,35883.43970440041,554.249244205576
3386,PR,Jundiaí do Sul,3292,0,409,,0,9,,2.2004889975550124,12424.058323207777,273.3900364520049
3387,PR,Juranda,7340,0,2266,,0,35,,1.5445719329214476,30871.934604904633,476.8392370572207
3388,PR,Jussara,7013,0,2330,,0,15,,0.6437768240343348,33224.01254812491,213.8884927990874
3389,PR,Kaloré,4100,0,2355,,0,32,,1.358811040339703,57439.024390243896,780.4878048780488
3390,PR,Lapa,48163,0,12900,,0,157,,1.2170542635658914,26784.04584432033,325.97637190374354
3391,PR,Laranjal,5852,0,855,,0,16,,1.8713450292397662,14610.38961038961,273.41079972658923
3392,PR,Laranjeiras do Sul,32073,0,5554,,0,120,,2.1606049693914295,17316.746172793315,374.14647834627254
3393,PR,Leópolis,3954,0,1428,,0,15,,1.050420168067227,36115.32625189681,379.36267071320185
3394,PR,Lidianópolis,3310,0,1218,,0,10,,0.8210180623973727,36797.58308157099,302.11480362537765
3395,PR,Lindoeste,4676,0,1228,,0,13,,1.0586319218241043,26261.7621899059,278.0153977758768
3396,PR,Loanda,23086,0,7814,,0,69,,0.8830304581520348,33847.35337433943,298.8824395737676
3397,PR,Lobato,4787,0,1758,,0,16,,0.9101251422070534,36724.462084813036,334.2385627741801
3398,PR,Londrina,569733,0,201781,35.45520445542035,0,2797,-0.3510416282714885,1.3861562783413701,35416.76539712462,490.93171713767674
3399,PR,Luiziana,7262,0,1946,,0,17,,0.8735868448098663,26797.025612778845,234.09529055356649
3400,PR,Lunardelli,4794,0,1282,,0,11,,0.858034321372855,26741.760534000834,229.45348352106802
3401,PR,Lupionópolis,4920,0,1590,,0,28,,1.7610062893081762,32317.07317073171,569.1056910569106
3402,PR,Mallet,13630,0,2530,,0,17,,0.6719367588932806,18561.995597945708,124.72487160674982
3403,PR,Mamborê,13132,0,4232,,0,39,,0.9215500945179583,32226.62199208041,296.9844654279622
3404,PR,Mandaguaçu,22819,0,9452,,0,98,,1.0368176047397375,41421.62233226697,429.46667250975065
3405,PR,Mandaguari,34400,0,12454,,0,146,,1.1723141159466839,36203.48837209302,424.41860465116275
3406,PR,Mandirituba,26869,0,6275,,0,109,,1.7370517928286853,23354.051136998027,405.67196397335215
3407,PR,Manfrinópolis,2571,0,677,,0,9,,1.329394387001477,26332.166472189812,350.0583430571762
3408,PR,Mangueirinha,16714,0,4524,,0,55,,1.2157382847038019,27067.12935263851,329.0654541103267
3409,PR,Manoel Ribas,13502,0,3001,,0,35,,1.166277907364212,22226.336838986816,259.22085616945634
3410,PR,Marechal Cândido Rondon,52944,0,14056,,0,196,,1.394422310756972,26548.80628588697,370.2024780900574
3411,PR,Maria Helena,5677,0,1404,,0,10,,0.7122507122507122,24731.372203628678,176.14937466971992
3412,PR,Marialva,35496,0,15115,,0,159,,1.0519351637446244,42582.26279017354,447.9377958079784
3413,PR,Marilândia do Sul,8836,0,2940,,0,50,,1.7006802721088436,33272.97419646899,565.8669081032141
3414,PR,Marilena,7076,0,1822,,0,20,,1.0976948408342482,25749.010740531376,282.6455624646693
3415,PR,Mariluz,10345,0,2644,,0,59,,2.231467473524962,25558.2406959884,570.323827936201
3416,PR,Maringá,423666,0,154896,71.99067189720205,0,1891,0.0,1.2208191302551388,36560.87578422626,446.34216576265266
3417,PR,Mariópolis,6610,0,1561,,0,26,,1.6655989750160152,23615.733736762482,393.34341906202724
3418,PR,Maripá,5603,0,1766,,0,26,,1.4722536806342015,31518.829198643583,464.0371229698376
3419,PR,Marmeleiro,14367,0,5633,,0,62,,1.1006568436002129,39207.90700911812,431.5445117282661
3420,PR,Marquinho,4405,0,1342,,0,8,,0.5961251862891207,30465.380249716232,181.61180476730988
3421,PR,Marumbi,4679,0,2001,,0,20,,0.9995002498750625,42765.54819405856,427.4417610600555
3422,PR,Matelândia,17943,0,5080,,0,72,,1.4173228346456692,28311.87649779858,401.27069051997995
3423,PR,Matinhos,34720,0,10672,,0,172,,1.6116941529235385,30737.327188940093,495.3917050691244
3424,PR,Mato Rico,3272,0,445,,0,7,,1.5730337078651686,13600.244498777505,213.9364303178484
3425,PR,Mauá da Serra,10601,0,1996,,0,34,,1.7034068136272544,18828.412413923215,320.72445995660786
3426,PR,Medianeira,46198,0,14801,,0,157,,1.0607391392473482,32038.183471145938,339.8415515823196
3427,PR,Mercedes,5536,0,1675,,0,12,,0.7164179104477612,30256.502890173408,216.7630057803468
3428,PR,Mirador,2213,0,742,,0,5,,0.6738544474393532,33529.14595571622,225.93764121102575
3429,PR,Miraselva,1806,0,401,,0,9,,2.2443890274314215,22203.765227021042,498.33887043189367
3430,PR,Missal,10702,0,2565,,0,23,,0.8966861598440545,23967.482713511494,214.91310035507382
3431,PR,Moreira Sales,12121,0,2286,,0,45,,1.968503937007874,18859.830047025822,371.2564969886973
3432,PR,Morretes,16406,0,5127,,0,68,,1.3263116832455628,31250.76191637206,414.4825064000975
3433,PR,Munhoz de Melo,3984,0,1113,,0,11,,0.9883198562443846,27936.746987951807,276.1044176706827
3434,PR,Nossa Senhora das Graças,4008,0,1215,,0,11,,0.9053497942386831,30314.37125748503,274.4510978043912
3435,PR,Nova Aliança do Ivaí,1543,0,303,,0,2,,0.6600660066006601,19637.07064160726,129.61762799740765
3436,PR,Nova América da Colina,3445,0,950,,0,9,,0.9473684210526316,27576.197387518143,261.2481857764877
3437,PR,Nova Aurora,10472,0,3689,,0,58,,1.572241799945785,35227.27272727273,553.8579067990833
3438,PR,Nova Cantu,5302,0,1760,,0,21,,1.1931818181818183,33195.02074688797,396.07695209354966
3439,PR,Nova Esperança,27904,0,7471,,0,102,,1.365279079105876,26773.939220183485,365.5389908256881
3440,PR,Nova Esperança do Sudoeste,5046,0,1602,,0,13,,0.8114856429463172,31747.919143876334,257.62980578676184
3441,PR,Nova Fátima,8153,0,1659,,0,21,,1.2658227848101267,20348.338035079112,257.5738991782166
3442,PR,Nova Laranjeiras,11554,0,1814,,0,13,,0.7166482910694598,15700.190410247533,112.51514626969015
3443,PR,Nova Londrina,13213,0,3398,,0,37,,1.088875809299588,25717.096798607432,280.0272458941951
3444,PR,Nova Olímpia,5806,0,1110,,0,25,,2.2522522522522523,19118.153634171547,430.58904581467453
3445,PR,Nova Prata do Iguaçu,10548,0,2677,,0,26,,0.9712364587224505,25379.21880925294,246.49222601441033
3446,PR,Nova Santa Bárbara,4249,0,1026,,0,21,,2.046783625730994,24146.85808425512,494.23393739703454
3447,PR,Nova Santa Rosa,8219,0,1996,,0,20,,1.002004008016032,24285.192845844995,243.3386056697895
3448,PR,Nova Tebas,5649,0,1801,,0,20,,1.1104941699056081,31881.748982120727,354.04496371039124
3449,PR,Novo Itacolomi,2844,0,1089,,0,9,,0.8264462809917356,38291.13924050633,316.4556962025316
3450,PR,Ortigueira,22141,0,4367,,0,84,,1.9235172887565835,19723.589720428165,379.38665823585205
3451,PR,Ourizona,3428,0,1031,,0,17,,1.6488845780795343,30075.84597432906,495.9159859976663
3452,PR,Ouro Verde do Oeste,5996,0,1805,,0,37,,2.0498614958448753,30103.402268178786,617.0780520346898
3453,PR,Paiçandu,41281,0,11195,,0,163,,1.4560071460473425,27119.013589787068,394.8547758048497
3454,PR,Palmas,50986,0,14206,,0,175,,1.2318738561171336,27862.550504059935,343.231475306947
3455,PR,Palmeira,33877,0,9526,,0,109,,1.144236825530128,28119.37302594681,321.75222127106883
3456,PR,Palmital,13172,0,2716,,0,42,,1.5463917525773196,20619.495900394777,318.85818402672334
3457,PR,Palotina,31846,0,11595,,0,109,,0.9400603708495041,36409.59618162407,342.27218488978207
3458,PR,Paraíso do Norte,13830,0,5376,,0,51,,0.9486607142857142,38872.01735357918,368.763557483731
3459,PR,Paranacity,11472,0,2395,,0,31,,1.2943632567849688,20876.91771269177,270.2231520223152
3460,PR,Paranaguá,154936,0,36056,52.27965095265142,0,705,-0.6454277895389063,1.9552917683603284,23271.54437961481,455.02659162492904
3461,PR,Paranapoema,3203,0,869,,0,5,,0.5753739930955121,27130.81486106775,156.1036528254761
3462,PR,Paranavaí,88374,0,29261,,0,358,,1.2234715149858173,33110.41709099962,405.09652160137597
3463,PR,Pato Bragado,5610,0,1330,,0,13,,0.9774436090225564,23707.664884135473,231.72905525846704
3464,PR,Pato Branco,82881,0,31320,,0,336,,1.0727969348659003,37789.119339776305,405.40051398993734
3465,PR,Paula Freitas,5873,0,1325,,0,17,,1.2830188679245282,22560.871786139964,289.46024178443724
3466,PR,Paulo Frontin,7354,0,1075,,0,6,,0.5581395348837209,14617.89502311667,81.58825129181398
3467,PR,Peabiru,13996,0,4171,,0,45,,1.078877966914409,29801.37182052015,321.52043440983135
3468,PR,Perobal,6127,0,2199,,0,11,,0.5002273760800363,35890.32152766444,179.53321364452424
3469,PR,Pérola,11234,0,3363,,0,42,,1.2488849241748439,29935.908848139574,373.8650525191384
3470,PR,Pérola d'Oeste,6347,0,1491,,0,14,,0.9389671361502347,23491.413266109972,220.57665038600913
3471,PR,Piên,12746,0,3202,,0,35,,1.0930668332292317,25121.606778597205,274.5959516711125
3472,PR,Pinhais,132157,0,44510,59.0207102158796,0,651,0.0,1.4625926758031904,33679.638611651295,492.5959275709951
3473,PR,Pinhal de São Bento,2731,0,957,,0,2,,0.20898641588296762,35042.10911753936,73.23324789454412
3474,PR,Pinhalão,6326,0,1962,,0,27,,1.3761467889908259,31014.859310780907,426.80999051533354
3475,PR,Pinhão,32391,0,4851,,0,95,,1.9583591012162442,14976.382328424561,293.29134636164366
3476,PR,Piraí do Sul,25463,0,5635,,0,96,,1.7036379769299024,22130.149628873267,377.01763342889683
3477,PR,Piraquara,113036,0,22387,3.53869563678828,0,358,0.0,1.599142359405012,19805.194805194806,316.71325949255106
3478,PR,Pitanga,30310,0,10874,,0,65,,0.5977561155048741,35875.948531837676,214.4506763444408
3479,PR,Pitangueiras,3224,0,965,,0,15,,1.5544041450777202,29931.7617866005,465.26054590570715
3480,PR,Planaltina do Paraná,4263,0,810,,0,8,,0.9876543209876543,19000.70372976777,187.66127140511375
3481,PR,Planalto,13479,0,2349,,0,26,,1.1068539804171988,17427.108835967058,192.89264782253875
3482,PR,Ponta Grossa,351736,0,97974,12.22507789933359,0,1618,-1.137216548775218,1.6514585502276116,27854.413537425797,460.00409397957554
3483,PR,Pontal do Paraná,27284,0,11136,,0,142,,1.2751436781609196,40815.129746371495,520.4515466940331
3484,PR,Porecatu,12914,0,4300,,0,56,,1.302325581395349,33297.19684063807,433.6379123431934
3485,PR,Porto Amazonas,4848,0,928,,0,21,,2.2629310344827585,19141.914191419142,433.1683168316832
3486,PR,Porto Barreiro,3237,0,929,,0,7,,0.7534983853606028,28699.413036762435,216.2496138399753
3487,PR,Porto Rico,2559,0,1373,,0,9,,0.6554989075018208,53653.77100429856,351.69988276670574
3488,PR,Porto Vitória,4065,0,886,,0,10,,1.1286681715575622,21795.81795817958,246.00246002460025
3489,PR,Prado Ferreira,3753,0,384,,0,23,,5.989583333333334,10231.814548361312,612.8430588862243
3490,PR,Pranchita,5157,0,1708,,0,14,,0.819672131147541,33120.03102579019,271.4756641458212
3491,PR,Presidente Castelo Branco,5306,0,1719,,0,17,,0.9889470622454914,32397.28609121749,320.3920090463626
3492,PR,Primeiro de Maio,11123,0,1689,,0,45,,2.664298401420959,15184.752315022926,404.5671131888879
3493,PR,Prudentópolis,52241,0,10403,,0,144,,1.3842160915120638,19913.47791964166,275.6455657433816
3494,PR,Quarto Centenário,4512,0,1148,,0,8,,0.6968641114982579,25443.262411347518,177.3049645390071
3495,PR,Quatiguá,7449,0,3668,,0,48,,1.3086150490730644,49241.5089273728,644.381796214257
3496,PR,Quatro Barras,23559,0,7124,,0,111,,1.558113419427288,30238.974489579356,471.1575194193302
3497,PR,Quatro Pontes,4015,0,1445,,0,12,,0.8304498269896194,35990.03735990037,298.87920298879203
3498,PR,Quedas do Iguaçu,34103,0,6505,,0,102,,1.5680245964642583,19074.56821980471,299.09392135589246
3499,PR,Querência do Norte,12206,0,2844,,0,12,,0.42194092827004215,23300.016385384235,98.3123054235622
3500,PR,Quinta do Sol,4573,0,1978,,0,14,,0.7077856420626896,43253.881478241856,306.1447627378089
3501,PR,Quitandinha,19049,0,2768,,0,62,,2.239884393063584,14530.946506378286,325.4764029607853
3502,PR,Ramilândia,4451,0,933,,0,12,,1.2861736334405145,20961.581667041115,269.6023365535835
3503,PR,Rancho Alegre,3808,0,1288,,0,12,,0.9316770186335404,33823.529411764706,315.1260504201681
3504,PR,Rancho Alegre D'Oeste,2655,0,728,,0,10,,1.3736263736263736,27419.962335216573,376.6478342749529
3505,PR,Realeza,16922,0,5991,,0,56,,0.9347354364880653,35403.61659378324,330.93015010046093
3506,PR,Rebouças,14899,0,4130,,0,52,,1.2590799031476998,27719.981206792403,349.01671253104234
3507,PR,Renascença,6802,0,2397,,0,24,,1.0012515644555695,35239.63540135254,352.83740076448106
3508,PR,Reserva,26715,0,6435,,0,87,,1.3519813519813522,24087.591240875914,325.6597417181359
3509,PR,Reserva do Iguaçu,8010,0,1308,,0,11,,0.8409785932721712,16329.588014981273,137.32833957553058
3510,PR,Ribeirão Claro,10668,0,4093,,0,29,,0.7085267529929148,38367.07911511062,271.8410198725159
3511,PR,Ribeirão do Pinhal,13029,0,2744,,0,61,,2.2230320699708455,21060.710722235017,468.18635351907284
3512,PR,Rio Azul,15236,0,3218,,0,29,,0.9011808576755749,21121.02914150696,190.3386715673405
3513,PR,Rio Bom,3203,0,1155,,0,14,,1.2121212121212122,36059.94380268498,437.0902279113331
3514,PR,Rio Bonito do Iguaçu,13269,0,1850,,0,15,,0.8108108108108109,13942.271459793505,113.04544426859599
3515,PR,Rio Branco do Ivaí,4096,0,950,,0,14,,1.4736842105263157,23193.359375,341.796875
3516,PR,Rio Branco do Sul,32397,0,7339,,0,163,,2.221011036926012,22653.33209865111,503.1330061425441
3517,PR,Rio Negro,34170,0,3330,,0,82,,2.4624624624624625,9745.390693590869,239.97658764998536
3518,PR,Rolândia,66580,0,17838,,0,319,,1.7883170759053706,26791.82937819165,479.1228597176329
3519,PR,Roncador,9849,0,2366,,0,23,,0.9721048182586645,24022.743425728502,233.52624631942328
3520,PR,Rondon,9579,0,2640,,0,23,,0.8712121212121213,27560.288130285,240.1085708320284
3521,PR,Rosário do Ivaí,4786,0,1652,,0,10,,0.6053268765133172,34517.342248223984,208.94274968658587
3522,PR,Sabáudia,6827,0,2786,,0,35,,1.256281407035176,40808.554269811044,512.6702797714955
3523,PR,Salgado Filho,3580,0,1148,,0,12,,1.0452961672473868,32067.03910614525,335.195530726257
3524,PR,Salto do Itararé,4935,0,1789,,0,43,,2.4035774175517046,36251.26646403242,871.3272543059777
3525,PR,Salto do Lontra,14785,0,4073,,0,40,,0.9820770930518046,27548.19073385188,270.5444707473791
3526,PR,Santa Amélia,3324,0,864,,0,11,,1.2731481481481481,25992.7797833935,330.92659446450057
3527,PR,Santa Cecília do Pavão,3334,0,1104,,0,15,,1.358695652173913,33113.37732453509,449.9100179964007
3528,PR,Santa Cruz de Monte Castelo,7800,0,2560,,0,21,,0.8203125,32820.51282051282,269.2307692307692
3529,PR,Santa Fé,12037,0,1794,,0,55,,3.0657748049052396,14904.045858602642,456.92448284456265
3530,PR,Santa Helena,26490,0,5739,,0,92,,1.6030667363652205,21664.779161947907,347.30086825217063
3531,PR,Santa Inês,1596,0,438,,0,3,,0.684931506849315,27443.609022556393,187.96992481203006
3532,PR,Santa Isabel do Ivaí,8562,0,3186,,0,32,,1.0043942247332078,37210.93202522775,373.7444522307872
3533,PR,Santa Izabel do Oeste,14659,0,3126,,0,41,,1.3115802943058221,21324.783409509517,279.69165700252404
3534,PR,Santa Lúcia,3813,0,838,,0,10,,1.1933174224343674,21977.445580907424,262.26068712300025
3535,PR,Santa Maria do Oeste,9615,0,2381,,0,29,,1.2179756404871904,24763.390535621424,301.61206448257934
3536,PR,Santa Mariana,11724,0,3030,,0,62,,2.046204620462046,25844.42169907881,528.8297509382463
3537,PR,Santa Mônica,3981,0,986,,0,13,,1.3184584178498986,24767.646320020096,326.5511178095956
3538,PR,Santa Tereza do Oeste,10139,0,2223,,0,42,,1.8893387314439947,21925.23917546109,414.2420357037183
3539,PR,Santa Terezinha de Itaipu,23465,0,7433,,0,129,,1.735503834252657,31676.96569358619,549.7549541870872
3540,PR,Santana do Itararé,4992,0,1486,,0,31,,2.0861372812920593,29767.628205128203,620.9935897435897
3541,PR,Santo Antônio da Platina,45993,0,16547,,0,181,,1.0938538707922887,35977.21392385798,393.53814710934273
3542,PR,Santo Antônio do Caiuá,2641,0,883,,0,12,,1.3590033975084939,33434.305187429,454.3733434305188
3543,PR,Santo Antônio do Paraíso,2106,0,752,,0,6,,0.7978723404255319,35707.502374169046,284.90028490028493
3544,PR,Santo Antônio do Sudoeste,20166,0,6512,,0,43,,0.6603194103194103,32291.97659426758,213.23018942774968
3545,PR,Santo Inácio,5438,0,1323,,0,22,,1.6628873771730914,24328.797351967634,404.5605001838912
3546,PR,São Carlos do Ivaí,6878,0,3029,,0,26,,0.8583690987124464,44038.9648153533,378.0168653678395
3547,PR,São Jerônimo da Serra,11170,0,1957,,0,33,,1.6862544711292795,17520.143240823636,295.4341987466428
3548,PR,São João,10241,0,3042,,0,26,,0.8547008547008548,29704.130456010153,253.8814568889757
3549,PR,São João do Caiuá,5855,0,1697,,0,16,,0.9428403064230996,28983.774551665243,273.27070879590093
3550,PR,São João do Ivaí,10219,0,2886,,0,29,,1.0048510048510049,28241.510911048044,283.78510617477247
3551,PR,São João do Triunfo,15120,0,2385,,0,10,,0.41928721174004197,15773.809523809523,66.13756613756614
3552,PR,São Jorge d'Oeste,9050,0,2296,,0,18,,0.7839721254355401,25370.165745856353,198.89502762430942
3553,PR,São Jorge do Ivaí,5551,0,2182,,0,19,,0.8707607699358386,39308.23275085571,342.2806701495226
3554,PR,São Jorge do Patrocínio,5641,0,3092,,0,36,,1.1642949547218628,54812.97642262011,638.1847190214501
3555,PR,São José da Boa Vista,6206,0,1510,,0,26,,1.7218543046357615,24331.29229777635,418.9494038027715
3556,PR,São José das Palmeiras,3654,0,900,,0,15,,1.6666666666666667,24630.54187192118,410.5090311986864
3557,PR,São José dos Pinhais,323340,0,71848,31.85501329869487,0,1242,0.0,1.7286493708941097,22220.572771695428,384.1157914269809
3558,PR,São Manoel do Paraná,2160,0,620,,0,4,,0.6451612903225806,28703.703703703704,185.1851851851852
3559,PR,São Mateus do Sul,46261,0,10276,,0,111,,1.0801868431296224,22213.095263829146,239.94293249173168
3560,PR,São Miguel do Iguaçu,27452,0,7416,,0,97,,1.3079827400215749,27014.425178493366,353.34401865073585
3561,PR,São Pedro do Iguaçu,5897,0,1233,,0,23,,1.8653690186536902,20908.936747498727,390.02882821773784
3562,PR,São Pedro do Ivaí,10981,0,4041,,0,59,,1.4600346448898789,36799.927146890084,537.2916856388307
3563,PR,São Pedro do Paraná,2313,0,971,,0,4,,0.4119464469618949,41980.11240812797,172.93558149589276
3564,PR,São Sebastião da Amoreira,8853,0,1996,,0,29,,1.4529058116232465,22546.029594487743,327.5725742686095
3565,PR,São Tomé,5722,0,1939,,0,6,,0.30943785456420836,33886.75288360713,104.85844110450893
3566,PR,Sapopema,6736,0,1642,,0,25,,1.5225334957369063,24376.484560570072,371.1401425178147
3567,PR,Sarandi,96688,0,27357,,0,394,,1.4402163979968563,28294.10061227867,407.4962766837663
3568,PR,Saudade do Iguaçu,5500,0,1834,,0,17,,0.9269356597600873,33345.454545454544,309.09090909090907
3569,PR,Sengés,19327,0,4120,,0,63,,1.529126213592233,21317.328090236457,325.96885186526623
3570,PR,Serranópolis do Iguaçu,4495,0,1470,,0,15,,1.0204081632653061,32703.00333704116,333.70411568409344
3571,PR,Sertaneja,5284,0,2048,,0,23,,1.123046875,38758.51627554883,435.2763058289175
3572,PR,Sertanópolis,16369,0,5713,,0,66,,1.1552599334850342,34901.33789480115,403.20117294886677
3573,PR,Siqueira Campos,21016,0,7538,,0,96,,1.2735473600424516,35867.91016368481,456.7948229920061
3574,PR,Sulina,2981,0,822,,0,10,,1.2165450121654502,27574.639382757465,335.45790003354574
3575,PR,Tamarana,14797,0,3064,,0,53,,1.7297650130548303,20706.900047306888,358.1807123065486
3576,PR,Tamboara,5120,0,1478,,0,17,,1.1502029769959403,28867.187500000004,332.03125
3577,PR,Tapejara,16205,0,3535,,0,40,,1.1315417256011315,21814.254859611232,246.8373958654736
3578,PR,Tapira,5539,0,1533,,0,16,,1.0437051532941943,27676.475898176566,288.86080519949445
3579,PR,Teixeira Soares,12367,0,2147,,0,20,,0.9315323707498836,17360.718039945015,161.72070833670253
3580,PR,Telêmaco Borba,78974,0,33181,,0,427,,1.2868810463819655,42015.09357510066,540.6842758376174
3581,PR,Terra Boa,17094,0,4966,,0,68,,1.369311316955296,29051.12905112905,397.80039780039783
3582,PR,Terra Rica,16789,0,4150,,0,39,,0.9397590361445783,24718.56572755971,232.29495503007922
3583,PR,Terra Roxa,17481,0,4705,,0,53,,1.126461211477152,26914.936216463586,303.18631657227843
3584,PR,Tibagi,20522,0,5033,,0,100,,1.986886548778065,24524.900107202026,487.28194133125425
3585,PR,Tijucas do Sul,16868,0,5234,,0,81,,1.5475735575085976,31029.16765473085,480.1991937396253
3586,PR,Toledo,140635,0,51275,103.8148398336118,0,516,0.7110605468055605,1.006338371526085,36459.62953745511,366.9072421516692
3587,PR,Tomazina,7918,0,2800,,0,36,,1.2857142857142856,35362.46526900733,454.66026774437995
3588,PR,Três Barras do Paraná,12040,0,3224,,0,67,,2.0781637717121586,26777.408637873756,556.4784053156146
3589,PR,Tunas do Paraná,8769,0,1088,,0,23,,2.1139705882352944,12407.344052913673,262.28760405975595
3590,PR,Tuneiras do Oeste,8566,0,2315,,0,29,,1.2526997840172787,27025.449451319168,338.5477469063741
3591,PR,Tupãssi,8124,0,1915,,0,27,,1.4099216710182767,23572.131954702116,332.34859675036927
3592,PR,Turvo,13215,0,4407,,0,39,,0.8849557522123894,33348.46765039727,295.11918274687855
3593,PR,Ubiratã,21013,0,3595,,0,107,,2.976356050069541,17108.456669680676,509.20858516156665
3594,PR,Umuarama,111557,0,40523,36.75251216866714,0,400,0.0,0.987093749228833,36324.92806368045,358.5610943284599
3595,PR,União da Vitória,57517,0,15284,,0,176,,1.151531012823868,26573.013196098545,305.9964879948537
3596,PR,Uniflor,2605,0,606,,0,4,,0.6600660066006601,23262.955854126678,153.55086372360844
3597,PR,Uraí,11314,0,1405,,0,37,,2.6334519572953736,12418.242884921336,327.0284603146544
3598,PR,Ventania,11892,0,2268,,0,58,,2.5573192239858904,19071.64480322906,487.72283888328286
3599,PR,Vera Cruz do Oeste,8521,0,2182,,0,56,,2.566452795600367,25607.323084145057,657.1998591714588
3600,PR,Verê,7257,0,2506,,0,29,,1.157222665602554,34532.17583023288,399.61416563318176
3601,PR,Virmond,4023,0,1105,,0,8,,0.7239819004524887,27467.06437981606,198.85657469550085
3602,PR,Vitorino,6838,0,2241,,0,38,,1.6956715751896476,32772.74056741737,555.7180462123429
3603,PR,Wenceslau Braz,19414,0,5449,,0,100,,1.8351991191044228,28067.374059956735,515.0922015040692
3604,PR,Xambrê,5679,0,1485,,0,18,,1.2121212121212122,26148.969889064978,316.9572107765452
3605,RJ,,0,0,0,,0,0,,,,
3606,RJ,Angra dos Reis,203785,11,30130,112.8640478936134,0,628,0.9814265034227249,2.084301360769997,14785.19027406335,308.1679220747356
3607,RJ,Aperibé,11759,0,2301,,0,35,,1.521077792264233,19567.99047538056,297.644357513394
3608,RJ,Araruama,132400,1,11644,40.78549848942598,0,531,0.0,4.560288560632085,8794.561933534744,401.05740181268885
3609,RJ,Areal,12572,0,2781,,0,57,,2.0496224379719528,22120.585427935093,453.3884823417118
3610,RJ,Armação dos Búzios,33870,1,9474,,0,86,,0.907747519527127,27971.656333038085,253.9120165338057
3611,RJ,Arraial do Cabo,30349,1,4497,,0,57,,1.267511674449633,14817.62166792975,187.81508451678803
3612,RJ,Barra do Piraí,100374,2,14130,68.7429015482097,0,463,0.0,3.276716206652512,14077.350708350768,461.2748321278419
3613,RJ,Barra Mansa,184412,4,50234,72.1211201006442,0,782,1.626792182721298,1.5567145757853247,27240.092835607225,424.05049562935164
3614,RJ,Belford Roxo,510906,3,53694,14.67980411269392,0,1040,0.1957307215025856,1.9369017022386112,10509.565360359831,203.55995036268902
3615,RJ,Bom Jardim,27446,0,5333,,0,64,,1.200075004687793,19430.882460103476,233.1851635939663
3616,RJ,Bom Jesus do Itabapoana,37096,0,9156,,0,127,,1.3870685889034513,24681.906405003236,342.35497088634895
3617,RJ,Cabo Frio,226525,1,33351,32.66747599602693,0,1100,2.648714269948129,3.2982519264789665,14722.878269506675,485.597616157157
3618,RJ,Cachoeiras de Macacu,58937,29,8058,,0,126,,1.5636634400595681,13672.226275514531,213.78760371243874
3619,RJ,Cambuci,15505,0,3951,,0,56,,1.4173626929891168,25482.1025475653,361.17381489841983
3620,RJ,Campos dos Goytacazes,507548,0,58744,5.910771000969365,0,2483,0.7881028001292487,4.226814653411412,11574.07772269815,489.2148131802312
3621,RJ,Cantagalo,20172,0,5932,,0,39,,0.6574511126095752,29407.098949038267,193.3372992266508
3622,RJ,Carapebus,16301,0,3042,,0,20,,0.6574621959237344,18661.43181399914,122.69185939512914
3623,RJ,Cardoso Moreira,12823,0,2789,,0,23,,0.8246683399067766,21749.980503782266,179.3652031505888
3624,RJ,Carmo,18895,0,4297,,0,63,,1.4661391668606005,22741.465996295316,333.4215400899709
3625,RJ,Casimiro de Abreu,44184,0,9051,,0,168,,1.8561484918793503,20484.790874524715,380.22813688212926
3626,RJ,Comendador Levy Gasparian,8561,0,1994,,0,34,,1.7051153460381143,23291.671533699333,397.14986566989836
3627,RJ,Conceição de Macabu,23228,2,3532,,0,86,,2.4348810872027182,15205.78612019976,370.24281040123986
3628,RJ,Cordeiro,21926,0,7425,,0,28,,0.3771043771043771,33863.90586518289,127.70227127611057
3629,RJ,Duas Barras,11492,0,590,,0,9,,1.5254237288135595,5134.006265227985,78.31534980856247
3630,RJ,Duque de Caxias,919596,11,43216,23.2710886084759,0,1995,0.8699472377000335,4.616345797852647,4699.454978055581,216.94309240144585
3631,RJ,Engenheiro Paulo de Frontin,14002,0,2909,,0,77,,2.64695771742867,20775.603485216398,549.9214397943151
3632,RJ,Guapimirim,60517,6,10369,,0,209,,2.015623493104446,17134.02845481435,345.3575028504387
3633,RJ,Iguaba Grande,28310,1,8661,,0,166,,1.9166378016395333,30593.429883433415,586.3652419639703
3634,RJ,Itaboraí,240592,4,31918,25.76976790583228,0,1082,2.909489924852031,3.3899367128266182,13266.442774489593,449.7240140985569
3635,RJ,Itaguaí,133019,0,22779,11.27658454807208,0,444,0.0,1.9491637034110367,17124.62129470226,333.78690262293355
3636,RJ,Italva,15207,1,2441,,0,38,,1.556739041376485,16051.818241599263,249.88492141776814
3637,RJ,Itaocara,23234,1,6971,,0,98,,1.4058241285324917,30003.443229749504,421.7956443143669
3638,RJ,Itaperuna,103224,3,31444,275.1298147717585,0,316,0.0,1.00496120086503,30461.90808339146,306.1303572812524
3639,RJ,Itatiaia,31805,0,6245,,0,92,,1.4731785428342674,19635.277472095582,289.2626945448829
3640,RJ,Japeri,104768,1,1984,14.31734880879658,0,166,0.9544899205864387,8.366935483870968,1893.7080024434943,158.4453268173488
3641,RJ,Laje do Muriaé,7355,0,1777,,0,16,,0.9003939223410242,24160.43507817811,217.5390890550646
3642,RJ,Macaé,256672,4,61092,88.43972073307567,0,948,0.3896022939783069,1.5517580043213515,23801.58334372273,369.34297469143496
3643,RJ,Macuco,5599,0,1865,,0,17,,0.9115281501340482,33309.51955706376,303.62564743704235
3644,RJ,Magé,245071,6,22814,22.85052086946232,0,755,0.0,3.3093714385903397,9309.138984212737,308.0739867222152
3645,RJ,Mangaratiba,44468,0,6688,,0,180,,2.6913875598086126,15040.028784744087,404.78546370423675
3646,RJ,Maricá,161207,9,28236,45.90371385857934,0,854,2.481281830193478,3.0245077206403175,17515.36843933576,529.7536707463075
3647,RJ,Mendes,18614,0,5692,,0,69,,1.2122276879831342,30579.13398517245,370.68872891372087
3648,RJ,Mesquita,176103,12,9222,25.55322737261716,0,565,0.5678494971692702,6.126653654304922,5236.708062895011,320.8349659006377
3649,RJ,Miguel Pereira,25538,0,8158,,0,85,,1.0419220397156166,31944.553214817133,332.8373404338633
3650,RJ,Miracema,27174,0,4084,,0,158,,3.868756121449559,15029.071906969899,581.4381393979539
3651,RJ,Natividade,15317,0,1854,,0,32,,1.7259978425026967,12104.197949990206,208.9181954690866
3652,RJ,Nilópolis,162485,4,9155,25.84853986521833,0,664,0.6154414253623411,7.252867285636265,5634.366249192233,408.6531064405945
3653,RJ,Niterói,513584,0,95482,51.98760085983987,0,3118,0.1947101155799246,3.265536959845835,18591.31125580236,607.1061403782049
3654,RJ,Nova Friburgo,190631,4,47875,76.58775330350258,0,1054,2.098294611054865,2.2015665796344646,25113.96362606292,552.900630012957
3655,RJ,Nova Iguaçu,821128,15,77667,28.86273516431056,0,2318,0.6089184633820793,2.984536547053446,9458.574059099192,282.29459962393196
3656,RJ,Paracambi,52257,0,6113,,0,144,,2.3556355308359236,11697.954341045219,275.5611688386245
3657,RJ,Paraíba do Sul,44285,0,12249,,0,192,,1.56747489590987,27659.47837868353,433.5553799254827
3658,RJ,Paraty,43165,0,5790,,0,105,,1.8134715025906734,13413.645314490906,243.25263523688173
3659,RJ,Paty do Alferes,27769,3,4683,,0,97,,2.071321802263506,16864.129064784473,349.3103820807375
3660,RJ,Petrópolis,306191,8,84252,116.9204842728885,0,1832,3.592528846373669,2.1744290936713666,27516.158214970394,598.3193496869601
3661,RJ,Pinheiral,25156,1,6985,,0,90,,1.288475304223336,27766.735570042933,357.76753060899983
3662,RJ,Piraí,29277,1,8765,,0,125,,1.426126640045636,29938.17672575742,426.9563138299689
3663,RJ,Porciúncula,18847,1,4283,,0,113,,2.6383376138220873,22725.102138271344,599.5649174935003
3664,RJ,Porto Real,19683,5,4542,,0,49,,1.078819903126376,23075.75064776711,248.94579078392522
3665,RJ,Quatis,14302,0,1868,,0,38,,2.0342612419700217,13061.110334218989,265.6971052999581
3666,RJ,Queimados,150319,1,11385,13.30503795262076,0,272,0.0,2.389108476064998,7573.892854529368,180.94851615564235
3667,RJ,Quissamã,24700,0,7190,,0,125,,1.7385257301808066,29109.311740890687,506.07287449392715
3668,RJ,Resende,131341,20,35075,204.8103790895455,0,602,0.0,1.7163221667854598,26705.2938534045,458.34887811117625
3669,RJ,Rio Bonito,60201,1,15501,,0,292,,1.883749435520289,25748.7417152539,485.0417767146725
3670,RJ,Rio Claro,18529,0,2712,,0,79,,2.9129793510324484,14636.515732095633,426.35868098656164
3671,RJ,Rio das Flores,9284,0,1277,,0,18,,1.4095536413469067,13754.847048685911,193.8819474364498
3672,RJ,Rio das Ostras,150674,2,31892,69.02318913681192,0,592,0.6636845109308839,1.8562648940173083,21166.22642260775,392.9012304710833
3673,RJ,Rio de Janeiro,6718903,986,1441445,190.6561234772998,3,38769,0.9674198302907484,2.689592735067935,21453.57657343766,577.0138369314158
3674,RJ,Santa Maria Madalena,10404,0,460,,0,11,,2.391304347826087,4421.3763936947325,105.7285659361784
3675,RJ,Santo Antônio de Pádua,42479,7,12575,,0,176,,1.3996023856858848,29602.86259092728,414.3223710539325
3676,RJ,São Fidélis,38669,0,1001,,0,117,,11.688311688311687,2588.636892601309,302.5679484858672
3677,RJ,São Francisco de Itabapoana,42205,0,5634,,0,139,,2.4671636492722757,13349.12925008885,329.34486435256485
3678,RJ,São Gonçalo,1084839,44,133281,200.1218614006318,1,4265,1.4748732300369,3.200006002355925,12285.78618578425,393.145895381711
3679,RJ,São João da Barra,36102,2,8087,,0,184,,2.275256584642018,22400.421029305857,509.66705445681674
3680,RJ,São João de Meriti,472406,2,33838,19.05140916923155,0,1525,0.4233646482051456,4.506767539452686,7162.906482982858,322.8155442564235
3681,RJ,São José de Ubá,7171,1,1664,,0,9,,0.5408653846153846,23204.57397852461,125.5055082973086
3682,RJ,São José do Vale do Rio Preto,21795,0,4286,,0,75,,1.7498833411105925,19665.060793760036,344.1156228492774
3683,RJ,São Pedro da Aldeia,104476,1,10902,55.51514223362304,0,359,0.9571576247176385,3.2929737662814165,10434.932424671695,343.61958727363225
3684,RJ,São Sebastião do Alto,9357,0,834,,0,35,,4.1966426858513195,8913.113177300416,374.05151223682805
3685,RJ,Sapucaia,18228,0,5808,,0,128,,2.203856749311295,31863.067807768268,702.2163704191354
3686,RJ,Saquarema,89170,0,13275,,0,430,,3.2391713747645947,14887.293932937087,482.2249635527644
3687,RJ,Seropédica,82312,1,11477,,0,254,,2.2131218959658447,13943.288949363397,308.58198075614735
3688,RJ,Silva Jardim,21774,0,5193,,0,40,,0.7702676680146351,23849.545329291817,183.7053366400294
3689,RJ,Sumidouro,15623,0,3663,,0,62,,1.6926016926016925,23446.201113742558,396.8507969020035
3690,RJ,Tanguá,34309,1,7541,,0,161,,2.134995358705742,21979.655483983795,469.2646244425661
3691,RJ,Teresópolis,182594,2,44480,42.71772347393671,0,1049,0.0,2.358363309352518,24360.055642573137,574.4986144123027
3692,RJ,Trajano de Moraes,10626,0,1679,,0,7,,0.4169148302561048,15800.865800865802,65.87615283267458
3693,RJ,Três Rios,81804,0,15369,,0,321,,2.0886199492484874,18787.589848907144,392.4013495672583
3694,RJ,Valença,76523,0,14529,,0,259,,1.7826416133250742,18986.448518745998,338.4603321877083
3695,RJ,Varre-Sai,11000,0,3715,,0,12,,0.3230148048452221,33772.72727272727,109.0909090909091
3696,RJ,Vassouras,36896,0,10589,,0,153,,1.4448956464255358,28699.588031222895,414.6790980052038
3697,RJ,Volta Redonda,273012,11,77629,66.66373639253952,0,1547,2.56398986125152,1.9928119646008577,28434.281277013462,566.6417593365859
3698,RN,,0,0,0,,0,0,,,,
3699,RN,Acari,11136,0,1512,,0,33,,2.1825396825396823,13577.586206896553,296.3362068965517
3700,RN,Açu,58017,1,10926,,0,180,,1.6474464579901154,18832.411189823673,310.25389110088423
3701,RN,Afonso Bezerra,11035,0,1348,,0,21,,1.5578635014836795,12215.677390122339,190.30357951971
3702,RN,Água Nova,3252,0,501,,0,7,,1.3972055888223553,15405.90405904059,215.2521525215252
3703,RN,Alexandria,13577,0,2587,,0,35,,1.3529184383455741,19054.282978566695,257.788907711571
3704,RN,Almino Afonso,4735,0,809,,0,16,,1.9777503090234856,17085.533262935587,337.909186906019
3705,RN,Alto do Rodrigues,14529,0,4222,,0,53,,1.2553292278540975,29059.123133044257,364.7876660472159
3706,RN,Angicos,11714,0,2474,,0,35,,1.4147130153597414,21120.027317739456,298.78777531159295
3707,RN,Antônio Martins,7145,0,1083,,0,8,,0.7386888273314866,15157.452764170748,111.96641007697691
3708,RN,Apodi,35845,0,11047,,0,122,,1.1043722277541415,30818.803180359882,340.35430325010464
3709,RN,Areia Branca,27774,0,4665,,0,126,,2.70096463022508,16796.284294664074,453.66169799092677
3710,RN,Arês,14306,0,1853,,0,29,,1.5650296815974094,12952.607297637356,202.71214874877674
3711,RN,Baía Formosa,9271,0,947,,0,11,,1.1615628299894403,10214.647826555927,118.64955236759789
3712,RN,Baraúna,28374,0,1892,,0,35,,1.849894291754757,6668.076407979136,123.35236484105167
3713,RN,Barcelona,3998,0,561,,0,12,,2.13903743315508,14032.016008004002,300.1500750375188
3714,RN,Bento Fernandes,5497,0,314,,0,4,,1.2738853503184715,5712.206658177187,72.76696379843551
3715,RN,Bodó,2223,0,573,,0,2,,0.34904013961605584,25775.978407557355,89.9685110211426
3716,RN,Bom Jesus,10210,0,1615,,0,20,,1.238390092879257,15817.825661116553,195.88638589618023
3717,RN,Brejinho,12699,0,2175,,0,19,,0.8735632183908045,17127.332860855186,149.61808016379243
3718,RN,Caiçara do Norte,6549,0,818,,0,15,,1.8337408312958436,12490.456558253169,229.04260192395785
3719,RN,Caiçara do Rio do Vento,3684,0,941,,0,8,,0.8501594048884166,25542.888165038003,217.15526601520088
3720,RN,Caicó,67952,7,21986,,0,206,,0.936959883562267,32355.19190016482,303.15516835413234
3721,RN,Campo Grande,9655,0,775,,0,16,,2.064516129032258,8026.929052304506,165.7172449508027
3722,RN,Campo Redondo,11217,0,1296,,0,17,,1.3117283950617282,11553.891414816795,151.55567442275117
3723,RN,Canguaretama,34276,0,2887,,0,53,,1.8358157256667822,8422.803127552806,154.62714435756797
3724,RN,Caraúbas,20493,0,4870,,0,62,,1.273100616016427,23764.212170009272,302.54233152783877
3725,RN,Carnaúba dos Dantas,8180,0,1094,,0,10,,0.9140767824497258,13374.083129584353,122.24938875305624
3726,RN,Carnaubais,10759,0,1578,,0,30,,1.9011406844106464,14666.790593921369,278.836323078353
3727,RN,Ceará-Mirim,73497,1,6592,,0,150,,2.275485436893204,8969.073567628611,204.08996285562674
3728,RN,Cerro Corá,11179,0,1458,,0,16,,1.0973936899862824,13042.311476876286,143.12550317559712
3729,RN,Coronel Ezequiel,5506,0,298,,0,7,,2.348993288590604,5412.277515437704,127.13403559752997
3730,RN,Coronel João Pessoa,4912,0,931,,0,7,,0.7518796992481203,18953.58306188925,142.50814332247558
3731,RN,Cruzeta,7998,1,2172,,0,17,,0.7826887661141806,27156.789197299324,212.55313828457113
3732,RN,Currais Novos,44786,0,7516,,0,124,,1.6498137307078233,16782.030098691557,276.872236859733
3733,RN,Doutor Severiano,7076,0,1703,,0,23,,1.3505578391074575,24067.26964386659,325.0423968343697
3734,RN,Encanto,5638,0,1140,,0,19,,1.6666666666666667,20219.93614757006,336.99893579283435
3735,RN,Equador,6045,0,1202,,0,7,,0.5823627287853578,19884.20181968569,115.79818031430935
3736,RN,Espírito Santo,10505,0,1150,,0,23,,2.0,10947.168015230842,218.94336030461682
3737,RN,Extremoz,28583,2,7665,,0,87,,1.1350293542074363,26816.639261099255,304.3767274253927
3738,RN,Felipe Guerra,5985,0,2127,,0,20,,0.9402914903620121,35538.84711779449,334.1687552213868
3739,RN,Fernando Pedroza,3054,0,668,,0,5,,0.7485029940119761,21872.95350360183,163.71971185330713
3740,RN,Florânia,9116,0,2233,,0,22,,0.9852216748768473,24495.392716103554,241.33391838525668
3741,RN,Francisco Dantas,2824,0,1095,,0,5,,0.45662100456621,38774.78753541077,177.05382436260624
3742,RN,Frutuoso Gomes,4068,0,1879,,0,11,,0.5854177754124534,46189.7738446411,270.4031465093412
3743,RN,Galinhos,2786,0,397,,0,1,,0.2518891687657431,14249.820531227566,35.89375448671931
3744,RN,Goianinha,26328,0,4109,,0,51,,1.241177902165977,15606.95837131571,193.71011850501367
3745,RN,Governador Dix-Sept Rosado,13037,0,1807,,0,25,,1.3835085777531821,13860.550740200966,191.76190841451256
3746,RN,Grossos,10383,0,1447,,0,24,,1.65860400829302,13936.241933930463,231.14706732158336
3747,RN,Guamaré,15659,1,4037,,0,63,,1.5605647758236314,25780.701194201418,402.32454179704956
3748,RN,Ielmo Marinho,13766,0,1223,,0,13,,1.062959934587081,8884.20746767398,94.4355658869679
3749,RN,Ipanguaçu,15491,0,1768,,0,33,,1.8665158371040724,11413.07856174553,213.02691885611
3750,RN,Ipueira,2241,0,813,,0,4,,0.4920049200492005,36278.447121820616,178.491744756805
3751,RN,Itajá,7548,0,772,,0,17,,2.2020725388601035,10227.874933757286,225.22522522522522
3752,RN,Itaú,5878,0,566,,0,17,,3.0035335689045937,9629.125552909152,289.21401837359645
3753,RN,Jaçanã,9133,0,1260,,0,8,,0.6349206349206349,13796.12394612942,87.59443775320267
3754,RN,Jandaíra,6878,0,1264,,0,13,,1.0284810126582278,18377.435300959583,189.00843268391975
3755,RN,Janduís,5268,0,1540,,0,12,,0.7792207792207793,29233.105542900536,227.7904328018223
3756,RN,Januário Cicco,10181,0,1077,,0,11,,1.021355617455896,10578.528631765052,108.0443964247127
3757,RN,Japi,5055,0,845,,0,10,,1.183431952662722,16716.12265084075,197.82393669634024
3758,RN,Jardim de Angicos,2612,0,510,,0,1,,0.19607843137254902,19525.267993874426,38.28483920367535
3759,RN,Jardim de Piranhas,14837,1,4946,,0,48,,0.9704811969268096,33335.579968996426,323.51553548561026
3760,RN,Jardim do Seridó,12396,0,2379,,0,28,,1.1769651113913409,19191.67473378509,225.8793159083575
3761,RN,João Câmara,34955,0,5537,,0,60,,1.083619288423334,15840.366185095123,171.64926333857818
3762,RN,João Dias,2654,0,387,,0,3,,0.7751937984496124,14581.763376036171,113.03692539562924
3763,RN,José da Penha,5951,0,866,,0,15,,1.7321016166281753,14552.176104856326,252.0584775667955
3764,RN,Jucurutu,18295,3,4919,,0,66,,1.341736125228705,26887.127630500134,360.75430445476906
3765,RN,Jundiá,3898,0,776,,0,7,,0.902061855670103,19907.64494612622,179.57927142124166
3766,RN,Lagoa d'Anta,6769,0,621,,0,10,,1.610305958132045,9174.176392377014,147.73230905599056
3767,RN,Lagoa de Pedras,7544,0,777,,0,13,,1.673101673101673,10299.575821845176,172.32237539766703
3768,RN,Lagoa de Velhos,2732,0,439,,0,10,,2.277904328018223,16068.814055636896,366.03221083455344
3769,RN,Lagoa Nova,15614,0,2767,,0,22,,0.7950849295265631,17721.275778147818,140.89919303189447
3770,RN,Lagoa Salgada,8245,0,808,,0,12,,1.4851485148514851,9799.878714372348,145.54275318374772
3771,RN,Lajes,11277,0,2213,,0,18,,0.8133755083596927,19624.01347876208,159.6169193934557
3772,RN,Lajes Pintadas,4759,0,855,,0,9,,1.0526315789473684,17965.95923513343,189.1153603698256
3773,RN,Lucrécia,3996,0,1162,,0,6,,0.5163511187607573,29079.079079079078,150.15015015015015
3774,RN,Luís Gomes,10116,0,871,,0,16,,1.8369690011481057,8610.122578094108,158.16528272044286
3775,RN,Macaíba,80792,0,12317,,0,199,,1.6156531622960137,15245.32131894247,246.31151599168234
3776,RN,Macau,31814,0,6370,,0,60,,0.9419152276295133,20022.631545860313,188.5962155026089
3777,RN,Major Sales,4020,0,654,,0,16,,2.4464831804281344,16268.656716417909,398.0099502487562
3778,RN,Marcelino Vieira,8347,0,1310,,0,19,,1.450381679389313,15694.261411285494,227.6266922247514
3779,RN,Martins,8725,0,1257,,0,13,,1.0342084327764518,14406.876790830944,148.9971346704871
3780,RN,Maxaranguape,12371,0,813,,0,14,,1.7220172201722017,6571.82119472961,113.16789265217041
3781,RN,Messias Targino,4601,0,907,,0,6,,0.6615214994487321,19713.105846555096,130.40643338404695
3782,RN,Montanhas,11251,0,938,,0,18,,1.9189765458422177,8337.036707848192,159.98577904186294
3783,RN,Monte Alegre,22451,0,2163,,0,18,,0.8321775312066574,9634.31472985613,80.1746024675961
3784,RN,Monte das Gameleiras,2105,0,231,,0,9,,3.896103896103896,10973.871733966746,427.55344418052255
3785,RN,Mossoró,297378,2,46306,22.86652005192045,0,765,1.008817061114138,1.6520537295382887,15571.427610650419,257.2483505841051
3786,RN,Natal,884122,3,161095,121.9288740694158,0,3360,1.01795905994874,2.0857258139607064,18220.901640271364,380.0380490475297
3787,RN,Nísia Floresta,27602,0,3070,,0,51,,1.6612377850162865,11122.382436055359,184.76921962176652
3788,RN,Nova Cruz,37343,5,4033,,0,78,,1.9340441358789984,10799.882173365826,208.87448785582305
3789,RN,Olho d'Água do Borges,4258,0,1393,,0,11,,0.7896625987078248,32714.88961953969,258.3372475340536
3790,RN,Ouro Branco,4812,0,1146,,0,6,,0.5235602094240838,23815.461346633416,124.68827930174564
3791,RN,Paraná,4254,0,1014,,0,3,,0.2958579881656805,23836.38928067701,70.52186177715092
3792,RN,Paraú,3768,0,712,,0,14,,1.9662921348314606,18895.966029723993,371.54989384288746
3793,RN,Parazinho,5237,0,866,,0,12,,1.3856812933025404,16536.18483864808,229.13881993507735
3794,RN,Parelhas,21477,0,6923,,0,37,,0.5344503827820309,32234.483400847417,172.27731992363925
3795,RN,Parnamirim,261469,2,49289,91.40662946659069,0,677,0.3824545165966137,1.3735316196311549,18850.800668530497,258.9217077359075
3796,RN,Passa e Fica,13277,0,1684,,0,8,,0.4750593824228029,12683.588159975898,60.254575581833244
3797,RN,Passagem,3089,0,356,,0,3,,0.8426966292134831,11524.765296212367,97.11880867594691
3798,RN,Patu,12755,0,2214,,0,38,,1.7163504968383017,17357.898863190905,297.922383379067
3799,RN,Pau dos Ferros,30394,1,6045,,0,58,,0.9594706368899917,19888.793840889648,190.82713693492136
3800,RN,Pedra Grande,3237,0,1210,,0,5,,0.4132231404958678,37380.29039233858,154.46400988569664
3801,RN,Pedra Preta,2458,0,578,,0,3,,0.5190311418685121,23515.052888527258,122.05044751830756
3802,RN,Pedro Avelino,6716,0,712,,0,7,,0.9831460674157303,10601.548540798094,104.22870756402621
3803,RN,Pedro Velho,14806,0,1697,,0,18,,1.060695344725987,11461.56963393219,121.57233553964609
3804,RN,Pendências,15129,0,1490,,0,44,,2.953020134228188,9848.63507171657,290.8321766144491
3805,RN,Pilões,3838,0,870,,0,7,,0.8045977011494253,22668.05627931214,182.38665971860343
3806,RN,Poço Branco,15413,1,1957,,0,20,,1.0219724067450178,12697.073898656978,129.7605917082982
3807,RN,Portalegre,7867,0,1172,,0,16,,1.3651877133105803,14897.673827380195,203.38121266048051
3808,RN,Porto do Mangue,6437,0,623,,0,14,,2.247191011235955,9678.421624980581,217.49262078608047
3809,RN,Pureza,9621,1,718,,0,20,,2.785515320334262,7462.841700446938,207.8785988982434
3810,RN,Rafael Fernandes,5098,0,845,,0,6,,0.7100591715976331,16575.127500980776,117.69321302471559
3811,RN,Rafael Godeiro,3201,0,581,,0,3,,0.5163511187607573,18150.577944392375,93.72071227741331
3812,RN,Riacho da Cruz,3579,0,874,,0,11,,1.2585812356979404,24420.229114277732,307.3484213467449
3813,RN,Riacho de Santana,4204,0,1080,,0,1,,0.0925925925925926,25689.819219790676,23.78686964795433
3814,RN,Riachuelo,8128,0,1208,,0,16,,1.3245033112582782,14862.20472440945,196.8503937007874
3815,RN,Rio do Fogo,10848,0,1285,,0,16,,1.245136186770428,11845.501474926254,147.49262536873155
3816,RN,Rodolfo Fernandes,4467,0,580,,0,11,,1.896551724137931,12984.105663756438,246.25027982986344
3817,RN,Ruy Barbosa,3600,0,220,,0,1,,0.45454545454545453,6111.111111111111,27.77777777777778
3818,RN,Santa Cruz,39674,0,7568,,0,91,,1.202431289640592,19075.465040076626,229.36936028633363
3819,RN,Santa Maria,5551,0,686,,0,17,,2.478134110787172,12358.13366960908,306.25112592325706
3820,RN,Santana do Matos,12791,0,1589,,0,25,,1.5733165512901195,12422.797279337034,195.44992572902822
3821,RN,Santana do Seridó,2680,0,821,,0,4,,0.48721071863580995,30634.328358208957,149.2537313432836
3822,RN,Santo Antônio,24136,0,3500,,0,72,,2.057142857142857,14501.160092807424,298.3095790520385
3823,RN,São Bento do Norte,2747,0,371,,0,4,,1.078167115902965,13505.642519111758,145.61339643247177
3824,RN,São Bento do Trairí,4449,0,458,,0,5,,1.0917030567685588,10294.44819060463,112.38480557428636
3825,RN,São Fernando,3584,0,921,,0,6,,0.6514657980456027,25697.544642857145,167.41071428571428
3826,RN,São Francisco do Oeste,4228,0,630,,0,6,,0.9523809523809524,14900.66225165563,141.91106906338695
3827,RN,São Gonçalo do Amarante,102400,0,12643,111.328125,0,278,5.859375,2.1988452107885785,12346.6796875,271.484375
3828,RN,São João do Sabugi,6193,0,2439,,0,17,,0.6970069700697007,39383.17455191345,274.50347166155336
3829,RN,São José de Mipibu,43899,0,6649,,0,92,,1.3836667167995187,15146.130891364268,209.57197202669764
3830,RN,São José do Campestre,12856,0,1491,,0,31,,2.079141515761234,11597.69757311761,241.13254511512133
3831,RN,São José do Seridó,4634,0,1229,,0,3,,0.24410089503661514,26521.363832542076,64.73888649115236
3832,RN,São Miguel,23519,0,3423,,0,52,,1.5191352614665496,14554.19022917641,221.09783579233812
3833,RN,São Miguel do Gostoso,10282,0,1359,,0,21,,1.545253863134658,13217.27290410426,204.24042015172145
3834,RN,São Paulo do Potengi,17579,0,3779,,0,64,,1.6935697274411219,21497.241026224474,364.07076625519085
3835,RN,São Pedro,5971,0,934,,0,20,,2.141327623126338,15642.270976385866,334.95226930162454
3836,RN,São Rafael,8202,0,1477,,0,25,,1.6926201760324981,18007.802974884173,304.80370641306996
3837,RN,São Tomé,11055,0,2118,,0,28,,1.3220018885741265,19158.75169606513,253.2790592492085
3838,RN,São Vicente,6424,0,1743,,0,3,,0.17211703958691912,27132.627646326273,46.699875466998755
3839,RN,Senador Elói de Souza,6086,0,881,,0,10,,1.1350737797956867,14475.84620440355,164.31153466973382
3840,RN,Senador Georgino Avelino,4440,0,658,,0,7,,1.0638297872340425,14819.81981981982,157.65765765765767
3841,RN,Serra Caiada,10395,0,1105,,0,20,,1.809954751131222,10630.11063011063,192.4001924001924
3842,RN,Serra de São Bento,5762,0,784,,0,4,,0.5102040816326531,13606.386671294691,69.42034015966678
3843,RN,Serra do Mel,11938,0,1978,,0,23,,1.1627906976744187,16568.939520857766,192.66208745183448
3844,RN,Serra Negra do Norte,8078,0,2830,,0,21,,0.7420494699646644,35033.42411487992,259.96533795493934
3845,RN,Serrinha,6229,0,1154,,0,15,,1.2998266897746966,18526.24819393161,240.8091186386258
3846,RN,Serrinha dos Pintos,4800,0,1121,,0,8,,0.7136485280999109,23354.166666666668,166.66666666666669
3847,RN,Severiano Melo,2440,0,1394,,0,16,,1.1477761836441895,57131.147540983606,655.7377049180328
3848,RN,Sítio Novo,5522,0,959,,0,14,,1.4598540145985401,17366.896052155018,253.5313292285404
3849,RN,Taboleiro Grande,2566,0,457,,0,6,,1.312910284463895,17809.820732657834,233.82696804364772
3850,RN,Taipu,12279,0,1724,,0,19,,1.1020881670533642,14040.23128919293,154.7357276651193
3851,RN,Tangará,15727,0,1708,,0,25,,1.4637002341920375,10860.303935906402,158.96229414382907
3852,RN,Tenente Ananias,10786,0,2088,,0,30,,1.4367816091954022,19358.427591322084,278.1383274615242
3853,RN,Tenente Laurentino Cruz,5952,3,1672,,0,3,,0.17942583732057416,28091.397849462363,50.40322580645161
3854,RN,Tibau,4106,0,822,,0,13,,1.5815085158150852,20019.483682415976,316.60983925962006
3855,RN,Tibau do Sul,14180,0,2335,,0,18,,0.7708779443254818,16466.854724964738,126.93935119887166
3856,RN,Timbaúba dos Batistas,2414,0,1154,,0,7,,0.6065857885615251,47804.47390223695,289.9751449875725
3857,RN,Touros,33287,0,2570,,0,39,,1.517509727626459,7720.731817225944,117.16285637035479
3858,RN,Triunfo Potiguar,3237,0,653,,0,4,,0.6125574272588056,20172.99969107198,123.57120790855731
3859,RN,Umarizal,10555,0,2931,,0,24,,0.8188331627430911,27768.82993841781,227.38038844149693
3860,RN,Upanema,14659,0,2009,,0,24,,1.1946241911398707,13704.891193123678,163.7219455624531
3861,RN,Várzea,5500,0,593,,0,11,,1.854974704890388,10781.818181818182,200.0
3862,RN,Venha-Ver,4177,0,565,,0,6,,1.0619469026548671,13526.4543931051,143.64376346660282
3863,RN,Vera Cruz,12481,0,2379,,0,29,,1.2189995796553175,19060.972678471277,232.35317682877974
3864,RN,Viçosa,1718,0,921,,0,5,,0.5428881650380022,53608.84749708964,291.03608847497094
3865,RN,Vila Flor,3170,0,430,,0,3,,0.6976744186046512,13564.668769716087,94.63722397476342
3866,RO,,0,0,0,,0,0,,,,
3867,RO,Alta Floresta D'Oeste,22945,0,9359,,0,85,,0.9082166898172882,40788.842885160164,370.45107866637613
3868,RO,Alto Alegre dos Parecis,13241,0,2414,,0,52,,2.1541010770505387,18231.251416056188,392.71958311305787
3869,RO,Alto Paraíso,21428,0,4864,,0,66,,1.3569078947368423,22699.27198058615,308.0082135523614
3870,RO,Alvorada D'Oeste,14411,0,4942,,0,46,,0.9307972480777014,34293.2482131705,319.2006106446464
3871,RO,Ariquemes,107863,0,40634,0.0,0,570,0.0,1.4027661564207314,37671.86152804947,528.4481240091598
3872,RO,Buritis,39654,0,14690,,0,108,,0.7351940095302928,37045.44308266505,272.3558783477077
3873,RO,Cabixi,5312,0,2049,,0,23,,1.1224987798926307,38573.0421686747,432.98192771084337
3874,RO,Cacaulândia,6230,0,2494,,0,18,,0.7217321571772253,40032.102728731945,288.92455858747996
3875,RO,Cacoal,85359,0,33247,,0,364,,1.094835624266851,38949.61281177146,426.4342365772795
3876,RO,Campo Novo de Rondônia,14139,0,4020,,0,29,,0.7213930348258706,28431.996605134736,205.10644317136996
3877,RO,Candeias do Jamari,26693,0,6464,,0,88,,1.3613861386138615,24216.08661446821,329.67444648409696
3878,RO,Castanheiras,3052,0,535,,0,11,,2.0560747663551404,17529.48885976409,360.41939711664486
3879,RO,Cerejeiras,16323,0,6915,,0,74,,1.0701373825018077,42363.5361146848,453.34803651289593
3880,RO,Chupinguaia,11182,0,3178,,0,29,,0.9125235997482695,28420.6760865677,259.3453764979431
3881,RO,Colorado do Oeste,15882,0,5029,,0,56,,1.1135414595346986,31664.777735801537,352.60042815766275
3882,RO,Corumbiara,7391,0,2418,,0,25,,1.0339123242349049,32715.46475443107,338.2492220267893
3883,RO,Costa Marques,18331,0,4860,,0,45,,0.9259259259259258,26512.465222846542,245.485789100431
3884,RO,Cujubim,25215,0,5246,,0,45,,0.8577964163171939,20805.07634344636,178.4651992861392
3885,RO,Espigão D'Oeste,32374,0,8274,,0,94,,1.1360889533478367,25557.546179032557,290.35645888676095
3886,RO,Governador Jorge Teixeira,7767,0,1428,,0,22,,1.5406162464985995,18385.477018153728,283.2496459379426
3887,RO,Guajará-Mirim,46174,0,7322,,0,249,,3.4007101884730946,15857.408931433272,539.2645211590939
3888,RO,Itapuã do Oeste,10458,0,2591,,0,21,,0.8104978772674644,24775.29164276152,200.8032128514056
3889,RO,Jaru,51775,0,14559,,0,212,,1.4561439659317261,28119.748913568328,409.4640270400772
3890,RO,Ji-Paraná,128969,0,37916,0.0,0,675,0.0,1.780251081337694,29399.313013204726,523.3815878234304
3891,RO,Machadinho D'Oeste,39991,0,13590,,0,134,,0.9860191317144961,33982.64609537146,335.07539196319175
3892,RO,Ministro Andreazza,9660,0,1428,,0,16,,1.1204481792717087,14782.608695652174,165.63146997929607
3893,RO,Mirante da Serra,10947,0,2189,,0,18,,0.8222932846048424,19996.34603087604,164.4286105782406
3894,RO,Monte Negro,15852,0,4930,,0,40,,0.8113590263691683,31100.176633863237,252.33409033560434
3895,RO,Nova Brasilândia D'Oeste,20474,0,5722,,0,44,,0.7689619014330654,27947.64091042298,214.90671095047378
3896,RO,Nova Mamoré,30583,0,7438,,0,99,,1.3310029577843507,24320.701043063138,323.70925023705985
3897,RO,Nova União,6970,0,1571,,0,17,,1.0821133036282622,22539.45480631277,243.90243902439025
3898,RO,Novo Horizonte do Oeste,8538,0,1463,,0,24,,1.6404647983595353,17135.160459123916,281.09627547434997
3899,RO,Ouro Preto do Oeste,36035,0,9328,,0,177,,1.8975128644939967,25885.944220896352,491.18912168724853
3900,RO,Parecis,6074,0,911,,0,10,,1.0976948408342482,14998.353638459006,164.63615409944023
3901,RO,Pimenta Bueno,36660,0,14195,,0,132,,0.9299048960901726,38720.67648663393,360.0654664484452
3902,RO,Pimenteiras do Oeste,2169,0,851,,0,17,,1.9976498237367801,39234.6703550023,783.7713231904103
3903,RO,Porto Velho,529544,0,134365,0.0,0,2781,0.0,2.0697354221709525,25373.717764718323,525.1688244980587
3904,RO,Presidente Médici,18986,0,7269,,0,102,,1.4032191498142799,38286.10555145897,537.2379648161804
3905,RO,Primavera de Rondônia,2856,0,609,,0,7,,1.1494252873563218,21323.529411764706,245.09803921568627
3906,RO,Rio Crespo,3764,0,1950,,0,14,,0.717948717948718,51806.58873538788,371.9447396386823
3907,RO,Rolim de Moura,55058,0,14808,,0,215,,1.4519178822258239,26895.27407461223,390.4972937629409
3908,RO,Santa Luzia D'Oeste,6495,0,2665,,0,32,,1.200750469043152,41031.56274056967,492.6866820631255
3909,RO,São Felipe D'Oeste,5172,0,1860,,0,19,,1.021505376344086,35962.87703016242,367.3627223511214
3910,RO,São Francisco do Guaporé,20266,0,6346,,0,63,,0.9927513394264103,31313.530050330603,310.8654889963486
3911,RO,São Miguel do Guaporé,23005,0,4844,,0,68,,1.4037985136251032,21056.29211041078,295.5879156705064
3912,RO,Seringueiras,11856,0,3822,,0,25,,0.6541077969649398,32236.842105263157,210.86369770580296
3913,RO,Teixeirópolis,4308,0,1285,,0,9,,0.7003891050583658,29828.226555246052,208.91364902506965
3914,RO,Theobroma,10444,0,1632,,0,28,,1.715686274509804,15626.196859440828,268.0965147453083
3915,RO,Urupá,11467,0,3413,,0,41,,1.2012891883973043,29763.669660765674,357.5477457050667
3916,RO,Vale do Anari,11204,0,3015,,0,26,,0.8623548922056384,26910.03213138165,232.05997857907892
3917,RO,Vale do Paraíso,6825,0,2051,,0,29,,1.4139444173573867,30051.28205128205,424.90842490842493
3918,RO,Vilhena,99854,0,26113,,0,333,,1.2752268984796844,26151.180723856833,333.48689086065656
3919,RR,,0,0,4241,,0,23,,0.5423249233671305,inf,inf
3920,RR,Alto Alegre,15510,3,2978,,0,42,,1.4103425117528543,19200.51579626048,270.79303675048357
3921,RR,Amajari,12796,3,1678,,0,28,,1.66865315852205,13113.472960300092,218.8183807439825
3922,RR,Boa Vista,399213,134,146399,495.975832450346,0,1645,-2.755421291390811,1.123641554928654,36671.901967120306,412.06072948526224
3923,RR,Bonfim,12409,0,3483,,0,38,,1.0910134941142693,28068.337496978,306.2293496655653
3924,RR,Cantá,18335,1,4642,,0,48,,1.034037052994399,25317.69839105536,261.7943823288792
3925,RR,Caracaraí,21926,5,6008,,0,64,,1.0652463382157125,27401.258779531152,291.89090577396695
3926,RR,Caroebe,10169,-1,2414,,0,22,,0.9113504556752278,23738.81404267873,216.3437899498476
3927,RR,Iracema,11950,2,1843,,0,20,,1.0851871947911014,15422.594142259413,167.36401673640165
3928,RR,Mucajaí,17853,10,4430,,0,49,,1.1060948081264108,24813.756791575644,274.4636755727329
3929,RR,Normandia,11290,0,1327,,0,38,,2.8636021100226077,11753.764393268379,336.5810451727192
3930,RR,Pacaraima,17401,6,3474,,0,56,,1.6119746689694874,19964.369863800934,321.8205850238492
3931,RR,Rorainópolis,30163,0,5120,,0,74,,1.4453125,16974.438882074064,245.3336869674767
3932,RR,São João da Baliza,8201,2,2309,,0,15,,0.64963187527068,28155.103036215096,182.90452383855626
3933,RR,São Luiz,7986,-2,1281,,0,14,,1.092896174863388,16040.570999248685,175.3067868770348
3934,RR,Uiramutã,10559,0,1489,,0,24,,1.6118200134318332,14101.714177478927,227.29425134955963
3935,RS,,0,0,0,,0,0,,,,
3936,RS,Aceguá,4901,0,1263,,0,8,,0.6334125098970704,25770.25096918996,163.23199347072025
3937,RS,Água Santa,3748,0,1098,,0,11,,1.0018214936247722,29295.624332977586,293.48986125933834
3938,RS,Agudo,16461,0,3769,,0,39,,1.0347572300344918,22896.543344875765,236.9236376890833
3939,RS,Ajuricaba,7024,0,2841,,0,39,,1.3727560718057021,40447.038724373575,555.2391799544419
3940,RS,Alecrim,5950,0,823,,0,13,,1.5795868772782502,13831.932773109243,218.48739495798318
3941,RS,Alegrete,73589,0,22008,,0,337,,1.5312613595056344,29906.643655981192,457.94887822908316
3942,RS,Alegria,3464,0,700,,0,5,,0.7142857142857143,20207.852193995383,144.3418013856813
3943,RS,Almirante Tamandaré do Sul,1964,0,722,,0,8,,1.10803324099723,36761.71079429735,407.33197556008145
3944,RS,Alpestre,6258,0,1669,,0,18,,1.078490113840623,26669.86257590284,287.6318312559923
3945,RS,Alto Alegre,1638,0,490,,0,3,,0.6122448979591837,29914.529914529914,183.15018315018315
3946,RS,Alto Feliz,3028,0,819,,0,4,,0.4884004884004884,27047.55614266843,132.1003963011889
3947,RS,Alvorada,210305,2,42399,59.437483654692,0,946,0.9509997384750719,2.2311846977523055,20160.718955802287,449.822876298709
3948,RS,Amaral Ferrador,7031,0,614,,0,17,,2.768729641693811,8732.754942397953,241.78637462665338
3949,RS,Ametista do Sul,7409,0,2019,,0,30,,1.4858841010401187,27250.641112160883,404.9129437171008
3950,RS,André da Rocha,1333,0,393,,0,1,,0.2544529262086514,29482.37059264816,75.01875468867217
3951,RS,Anta Gorda,5981,0,1282,,0,10,,0.7800312012480499,21434.54271860893,167.19612104999163
3952,RS,Antônio Prado,13050,1,5666,,0,36,,0.6353688669255206,43417.624521072794,275.8620689655172
3953,RS,Arambaré,3581,0,406,,0,10,,2.4630541871921183,11337.61519128735,279.2516056967328
3954,RS,Araricá,5698,0,1993,,0,30,,1.5052684395383844,34977.184977184974,526.5005265005265
3955,RS,Aratiba,6235,0,1320,,0,8,,0.6060606060606061,21170.809943865275,128.30793905372894
3956,RS,Arroio do Meio,20805,0,6093,,0,61,,1.0011488593467914,29286.22927180966,293.19875030040856
3957,RS,Arroio do Padre,2937,0,634,,0,5,,0.7886435331230284,21586.653047327203,170.24174327545114
3958,RS,Arroio do Sal,10065,0,4830,,0,49,,1.0144927536231882,47988.077496274214,486.8355688027819
3959,RS,Arroio do Tigre,13373,0,2895,,0,27,,0.932642487046632,21648.096911687728,201.8993494354296
3960,RS,Arroio dos Ratos,14151,1,3351,,0,54,,1.611459265890779,23680.305278778884,381.59847360610553
3961,RS,Arroio Grande,18293,0,3673,,0,66,,1.7968962700789546,20078.71863554365,360.7937462417318
3962,RS,Arvorezinha,10424,0,1903,,0,35,,1.8392012611665791,18255.947812739832,335.7636224098235
3963,RS,Augusto Pestana,6661,0,2323,,0,17,,0.7318123116659492,34874.64344692989,255.21693439423512
3964,RS,Áurea,3554,0,711,,0,7,,0.9845288326300985,20005.62746201463,196.96117051209902
3965,RS,Bagé,121143,2,35554,191.5092081259338,0,384,0.0,1.080047252067278,29348.786145299357,316.9807582774077
3966,RS,Balneário Pinhal,14068,0,4386,,0,64,,1.459188326493388,31177.13960762013,454.9331816889394
3967,RS,Barão,6171,0,1494,,0,16,,1.07095046854083,24210.014584346136,259.2772646248582
3968,RS,Barão de Cotegipe,6623,0,1186,,0,12,,1.0118043844856661,17907.292767627965,181.18677336554433
3969,RS,Barão do Triunfo,7487,0,858,,0,10,,1.1655011655011656,11459.863763857353,133.56484573260317
3970,RS,Barra do Guarita,3248,0,150,,0,8,,5.333333333333334,4618.226600985222,246.30541871921181
3971,RS,Barra do Quaraí,4215,0,1182,,0,9,,0.7614213197969544,28042.70462633452,213.52313167259788
3972,RS,Barra do Ribeiro,13491,0,3008,,0,64,,2.127659574468085,22296.34571195612,474.3903342969387
3973,RS,Barra do Rio Azul,1690,0,233,,0,1,,0.4291845493562232,13786.98224852071,59.171597633136095
3974,RS,Barra Funda,2539,0,1272,,0,16,,1.257861635220126,50098.463962189846,630.1693580149665
3975,RS,Barracão,5275,0,1018,,0,18,,1.768172888015717,19298.578199052132,341.23222748815164
3976,RS,Barros Cassal,11199,0,1972,,0,20,,1.0141987829614605,17608.715063844986,178.5873738726672
3977,RS,Benjamin Constant do Sul,1994,0,222,,0,3,,1.3513513513513513,11133.400200601805,150.45135406218654
3978,RS,Bento Gonçalves,120454,1,41592,44.83039168479254,0,518,0.8301924386072691,1.2454318138103482,34529.36390655354,430.03968319856546
3979,RS,Boa Vista das Missões,2098,0,797,,0,8,,1.0037641154328731,37988.56053384175,381.31553860819827
3980,RS,Boa Vista do Buricá,6712,0,1909,,0,14,,0.7333682556312205,28441.59713945173,208.58164481525628
3981,RS,Boa Vista do Cadeado,2470,0,573,,0,6,,1.0471204188481675,23198.380566801618,242.91497975708504
3982,RS,Boa Vista do Incra,2603,0,1007,,0,6,,0.5958291956305859,38686.131386861314,230.50326546292737
3983,RS,Boa Vista do Sul,2783,0,751,,0,5,,0.6657789613848202,26985.26769673015,179.66223499820336
3984,RS,Bom Jesus,11349,0,2090,,0,31,,1.4832535885167464,18415.719446647283,273.1518195435721
3985,RS,Bom Princípio,14055,0,4100,,0,36,,0.878048780487805,29171.113482746354,256.13660618996795
3986,RS,Bom Progresso,1942,0,352,,0,3,,0.8522727272727272,18125.643666323376,154.4799176107106
3987,RS,Bom Retiro do Sul,12328,0,2581,,0,44,,1.7047655947307245,20936.080467229072,356.91109669046074
3988,RS,Boqueirão do Leão,7714,0,829,,0,37,,4.463208685162847,10746.694322011926,479.6473943479388
3989,RS,Bossoroca,6279,0,1020,,0,23,,2.2549019607843137,16244.624940277114,366.3003663003663
3990,RS,Bozano,2123,0,747,,0,9,,1.2048192771084338,35186.057465850216,423.9284032030146
3991,RS,Braga,3353,0,806,,0,14,,1.7369727047146404,24038.174768863704,417.53653444676405
3992,RS,Brochier,5074,0,1486,,0,8,,0.5383580080753702,29286.55892786756,157.66653527788725
3993,RS,Butiá,20941,0,5946,,0,71,,1.1940800538176926,28394.059500501407,339.04780096461485
3994,RS,Caçapava do Sul,33624,0,9591,,0,113,,1.1781878844750286,28524.26837972877,336.0694741851059
3995,RS,Cacequi,12561,0,1720,,0,20,,1.1627906976744187,13693.17729480137,159.22299180001593
3996,RS,Cachoeira do Sul,82201,0,25991,,0,260,,1.0003462737101305,31618.83675381078,316.2978552572353
3997,RS,Cachoeirinha,130293,1,31008,74.44759119829921,0,562,0.0,1.8124355005159958,23798.669153369716,431.3355283860223
3998,RS,Cacique Doble,5065,0,1564,,0,16,,1.0230179028132993,30878.57847976308,315.893385982231
3999,RS,Caibaté,4846,0,693,,0,8,,1.1544011544011543,14300.453982666117,165.08460586050353
4000,RS,Caiçara,4743,0,1345,,0,12,,0.8921933085501859,28357.579590976173,253.0044275774826
4001,RS,Camaquã,66261,0,15931,,0,196,,1.2303056933023666,24042.800440681545,295.79994265103153
4002,RS,Camargo,2733,2,790,,0,9,,1.139240506329114,28905.964141968532,329.3084522502744
4003,RS,Cambará do Sul,6431,0,440,,0,12,,2.727272727272727,6841.859741875292,186.59617477841704
4004,RS,Campestre da Serra,3388,0,811,,0,5,,0.6165228113440198,23937.426210153484,147.5796930342385
4005,RS,Campina das Missões,5474,0,1626,,0,13,,0.7995079950799507,29704.05553525758,237.48629886737302
4006,RS,Campinas do Sul,5454,0,1909,,0,8,,0.41906757464641176,35001.833516685,146.6813348001467
4007,RS,Campo Bom,66712,0,22785,,0,299,,1.3122668422207593,34154.275092936805,448.19522724547306
4008,RS,Campo Novo,4484,0,1609,,0,24,,1.4916096954630205,35883.14005352364,535.236396074933
4009,RS,Campos Borges,3320,0,1092,,0,13,,1.1904761904761905,32891.56626506024,391.566265060241
4010,RS,Candelária,31365,1,7111,,0,92,,1.2937702151596118,22671.76789414953,293.3205802646262
4011,RS,Cândido Godói,6198,2,1596,,0,7,,0.43859649122807015,25750.24201355276,112.93965795417876
4012,RS,Candiota,9584,0,3478,,0,20,,0.5750431282346177,36289.649415692824,208.6811352253756
4013,RS,Canela,44998,5,13626,,0,219,,1.6072214883311318,30281.345837592784,486.68829725765585
4014,RS,Canguçu,56045,2,11148,,0,142,,1.2737710800143525,19891.158890177536,253.36782942278526
4015,RS,Canoas,346616,7,108982,129.5381632700164,0,1981,1.154014817550257,1.8177313684828686,31441.710711565534,571.525838391765
4016,RS,Canudos do Vale,1716,0,267,,0,6,,2.247191011235955,15559.44055944056,349.65034965034965
4017,RS,Capão Bonito do Sul,1654,0,806,,0,7,,0.8684863523573202,48730.350665054415,423.21644498186214
4018,RS,Capão da Canoa,53049,3,23157,,0,265,,1.1443623958198386,43652.095232709384,499.5381628305906
4019,RS,Capão do Cipó,3651,0,826,,0,9,,1.0895883777239708,22623.938646946044,246.50780608052588
4020,RS,Capão do Leão,25354,0,8177,,0,109,,1.3330072153601566,32251.321290526146,429.91243985169996
4021,RS,Capela de Santana,11940,0,2420,,0,32,,1.322314049586777,20268.006700167505,268.0067001675042
4022,RS,Capitão,2757,0,921,,0,3,,0.32573289902280134,33405.875952121874,108.8139281828074
4023,RS,Capivari do Sul,4660,0,1960,,0,10,,0.5102040816326531,42060.08583690987,214.59227467811158
4024,RS,Caraá,8270,0,1413,,0,28,,1.9815994338287333,17085.852478839177,338.57315598548973
4025,RS,Carazinho,62110,1,23556,,0,327,,1.3881813550687723,37926.25986153598,526.4852680727741
4026,RS,Carlos Barbosa,29833,0,9060,,0,66,,0.728476821192053,30369.05440284249,221.2315221399122
4027,RS,Carlos Gomes,1377,0,294,,0,1,,0.3401360544217687,21350.762527233117,72.62164124909224
4028,RS,Casca,9031,1,2384,,0,24,,1.006711409395973,26397.96257335843,265.7513010740782
4029,RS,Caseiros,3202,0,713,,0,18,,2.524544179523142,22267.33291692692,562.1486570893192
4030,RS,Catuípe,8774,0,2071,,0,36,,1.7382906808305165,23603.829496238886,410.30316845224525
4031,RS,Caxias do Sul,510906,21,179113,105.6945896113962,0,1759,0.978653607512928,0.9820616035686968,35057.91672049261,344.2903391230481
4032,RS,Centenário,2891,0,409,,0,5,,1.2224938875305624,14147.353856796957,172.95053614666207
4033,RS,Cerrito,6091,0,1049,,0,17,,1.6205910390848426,17222.131012969956,279.1003119356427
4034,RS,Cerro Branco,4691,0,834,,0,8,,0.9592326139088728,17778.725218503518,170.53933063312726
4035,RS,Cerro Grande,2311,0,451,,0,7,,1.5521064301552108,19515.36131544786,302.89917784508873
4036,RS,Cerro Grande do Sul,12239,0,1352,,0,29,,2.1449704142011834,11046.65413841,236.94746302802514
4037,RS,Cerro Largo,14133,0,4791,,0,29,,0.6053016071801294,33899.38441944386,205.19351871506404
4038,RS,Chapada,9269,1,2953,,0,38,,1.2868269556383338,31858.88445355486,409.9687129140144
4039,RS,Charqueadas,40789,0,10201,,0,132,,1.2939907852171357,25009.193655152125,323.616661354777
4040,RS,Charrua,3279,0,626,,0,13,,2.07667731629393,19091.186337297957,396.4623360780726
4041,RS,Chiapetta,3756,0,1290,,0,23,,1.7829457364341086,34345.04792332269,612.3535676251331
4042,RS,Chuí,6704,0,1034,,0,6,,0.5802707930367506,15423.6276849642,89.49880668257757
4043,RS,Chuvisca,5441,0,987,,0,7,,0.7092198581560284,18140.04778533358,128.65282117257857
4044,RS,Cidreira,16254,0,5242,,0,89,,1.6978252575352917,32250.52294819737,547.5575243017104
4045,RS,Ciríaco,4747,0,1558,,0,31,,1.989730423620026,32820.72888139878,653.0440278070361
4046,RS,Colinas,2438,0,956,,0,4,,0.41841004184100417,39212.469237079575,164.06890894175555
4047,RS,Colorado,3175,0,1629,,0,16,,0.9821976672805401,51307.086614173226,503.9370078740157
4048,RS,Condor,6753,0,2830,,0,13,,0.45936395759717313,41907.30045905524,192.50703391085443
4049,RS,Constantina,9911,0,2117,,0,20,,0.9447331128956069,21360.104933911818,201.7959842599132
4050,RS,Coqueiro Baixo,1501,0,453,,0,3,,0.6622516556291391,30179.880079946703,199.86675549633577
4051,RS,Coqueiros do Sul,2306,0,324,,0,9,,2.7777777777777777,14050.303555941024,390.28620988725066
4052,RS,Coronel Barros,2519,0,1491,,0,9,,0.6036217303822937,59190.1548233426,357.2846367606193
4053,RS,Coronel Bicaco,7325,0,1407,,0,41,,2.9140014214641083,19208.191126279864,559.7269624573379
4054,RS,Coronel Pilar,1628,0,422,,0,8,,1.8957345971563981,25921.375921375922,491.4004914004914
4055,RS,Cotiporã,3853,0,1966,,0,7,,0.3560528992878942,51025.17518816506,181.67661562418894
4056,RS,Coxilha,2756,0,705,,0,13,,1.8439716312056738,25580.551523947746,471.6981132075471
4057,RS,Crissiumal,13448,0,3000,,0,26,,0.8666666666666666,22308.1499107674,193.3372992266508
4058,RS,Cristal,8009,0,2609,,0,27,,1.0348792640858566,32575.852166312896,337.12073916843553
4059,RS,Cristal do Sul,2847,0,907,,0,2,,0.2205071664829107,31858.096241657884,70.24938531787846
4060,RS,Cruz Alta,60299,0,24891,,0,284,,1.1409746494716966,41279.29153053948,470.9862518449725
4061,RS,Cruzaltense,1833,0,332,,0,7,,2.108433734939759,18112.384069830878,381.88761593016915
4062,RS,Cruzeiro do Sul,12348,1,2289,,0,43,,1.8785495849716032,18537.414965986394,348.23453190800126
4063,RS,David Canabarro,4740,0,1604,,0,18,,1.1221945137157108,33839.66244725738,379.746835443038
4064,RS,Derrubadas,2805,0,1061,,0,8,,0.7540056550424128,37825.311942959,285.204991087344
4065,RS,Dezesseis de Novembro,2427,0,501,,0,5,,0.998003992015968,20642.768850432632,206.01565718994644
4066,RS,Dilermando de Aguiar,3014,0,334,,0,5,,1.4970059880239521,11081.619110816191,165.89250165892503
4067,RS,Dois Irmãos,32671,1,8600,,0,88,,1.0232558139534882,26323.038780569925,269.35202473141317
4068,RS,Dois Irmãos das Missões,2026,0,679,,0,5,,0.7363770250368188,33514.31391905232,246.79170779861795
4069,RS,Dois Lajeados,3400,0,1018,,0,7,,0.68762278978389,29941.176470588238,205.8823529411765
4070,RS,Dom Feliciano,15414,0,2148,,0,31,,1.4432029795158288,13935.383417672245,201.11586869080057
4071,RS,Dom Pedrito,38461,5,11231,,0,136,,1.2109340219036595,29201.008814123397,353.6049504693066
4072,RS,Dom Pedro de Alcântara,2534,0,577,,0,8,,1.386481802426343,22770.32359905288,315.70639305445934
4073,RS,Dona Francisca,3041,0,270,,0,8,,2.9629629629629632,8878.65833607366,263.07135810588625
4074,RS,Doutor Maurício Cardoso,4549,0,759,,0,18,,2.371541501976284,16684.985711145306,395.69136073862387
4075,RS,Doutor Ricardo,1983,0,736,,0,4,,0.5434782608695652,37115.48159354513,201.7145738779627
4076,RS,Eldorado do Sul,41285,0,12395,,0,160,,1.290843081887858,30023.010778733194,387.5499576117234
4077,RS,Encantado,22706,0,4023,,0,64,,1.5908525975640069,17717.783845679554,281.8638245397692
4078,RS,Encruzilhada do Sul,25877,0,5617,,0,86,,1.5310664055545664,21706.534760598213,332.3414615295436
4079,RS,Engenho Velho,1034,0,383,,0,5,,1.3054830287206265,37040.618955512575,483.5589941972921
4080,RS,Entre Rios do Sul,2792,0,516,,0,6,,1.1627906976744187,18481.375358166188,214.8997134670487
4081,RS,Entre-Ijuís,8475,1,2605,,0,33,,1.2667946257197698,30737.463126843657,389.38053097345136
4082,RS,Erebango,2991,0,708,,0,4,,0.5649717514124294,23671.01303911735,133.73453694416582
4083,RS,Erechim,105862,0,29477,52.89905726322949,0,247,1.889252045115339,0.8379414458730536,27844.741266932422,233.32262757174436
4084,RS,Ernestina,3168,0,435,,0,11,,2.528735632183908,13731.060606060604,347.22222222222223
4085,RS,Erval Grande,4859,0,649,,0,8,,1.2326656394453006,13356.657748507925,164.64293064416546
4086,RS,Erval Seco,6912,0,1326,,0,9,,0.6787330316742082,19184.027777777777,130.20833333333331
4087,RS,Esmeralda,3282,0,599,,0,10,,1.669449081803005,18251.066422912856,304.69226081657524
4088,RS,Esperança do Sul,2926,0,427,,0,17,,3.9812646370023423,14593.3014354067,580.997949419002
4089,RS,Espumoso,15588,0,4725,,0,58,,1.2275132275132277,30311.77829099307,372.0810880164229
4090,RS,Estação,5958,0,2076,,0,22,,1.0597302504816954,34843.90735146022,369.2514266532393
4091,RS,Estância Velha,50022,1,13582,,0,163,,1.2001178029745252,27152.05309663748,325.8566230858422
4092,RS,Esteio,83202,4,30178,,0,427,,1.414938034329644,36270.76272204995,513.2088170957429
4093,RS,Estrela,34116,0,9132,,0,90,,0.985545335085414,26767.499120647204,263.8058389025677
4094,RS,Estrela Velha,3655,0,947,,0,9,,0.9503695881731784,25909.712722298224,246.23803009575923
4095,RS,Eugênio de Castro,2396,0,879,,0,10,,1.1376564277588168,36686.14357262103,417.3622704507512
4096,RS,Fagundes Varela,2731,0,923,,0,4,,0.43336944745395445,33797.14390333211,146.46649578908824
4097,RS,Farroupilha,72331,5,21304,,0,227,,1.0655276004506196,29453.48467462084,313.83500850257843
4098,RS,Faxinal do Soturno,6677,0,1546,,0,14,,0.9055627425614489,23154.111127751985,209.6750037441965
4099,RS,Faxinalzinho,2315,0,451,,0,6,,1.3303769401330376,19481.641468682505,259.1792656587473
4100,RS,Fazenda Vilanova,4533,0,982,,0,11,,1.120162932790224,21663.357599823517,242.66490183101698
4101,RS,Feliz,13547,0,4794,,0,29,,0.6049228201919066,35387.90876208754,214.0695356905588
4102,RS,Flores da Cunha,30745,2,9803,,0,83,,0.8466795878812609,31884.859326719794,269.96259554399086
4103,RS,Floriano Peixoto,1766,0,392,,0,1,,0.25510204081632654,22197.05549263873,56.62514156285391
4104,RS,Fontoura Xavier,10304,0,1824,,0,38,,2.083333333333333,17701.86335403727,368.7888198757764
4105,RS,Formigueiro,6664,0,1140,,0,17,,1.4912280701754386,17106.842737094838,255.1020408163265
4106,RS,Forquetinha,2412,0,498,,0,10,,2.0080321285140563,20646.76616915423,414.5936981757877
4107,RS,Fortaleza dos Valos,4320,0,1797,,0,11,,0.6121313299944352,41597.222222222226,254.62962962962965
4108,RS,Frederico Westphalen,31313,0,11301,,0,96,,0.8494823466949828,36090.441669594096,306.58193082745186
4109,RS,Garibaldi,35070,0,12909,,0,93,,0.7204276086451313,36809.23866552609,265.18391787852863
4110,RS,Garruchos,2924,0,179,,0,7,,3.910614525139665,6121.751025991793,239.39808481532148
4111,RS,Gaurama,5534,0,1195,,0,10,,0.8368200836820083,21593.783881460065,180.70112034694614
4112,RS,General Câmara,8385,0,1666,,0,28,,1.680672268907563,19868.81335718545,333.92963625521764
4113,RS,Gentil,1634,0,330,,0,5,,1.5151515151515151,20195.838433292534,305.99755201958385
4114,RS,Getúlio Vargas,16212,0,4976,,0,52,,1.045016077170418,30693.313594868,320.75006168270414
4115,RS,Giruá,16004,0,4519,,0,58,,1.2834697942022573,28236.690827293176,362.4093976505874
4116,RS,Glorinha,8098,0,2155,,0,39,,1.8097447795823667,26611.5090145715,481.6003951592986
4117,RS,Gramado,36232,3,17562,,0,170,,0.9679990889420339,48470.96489291234,469.19849856480454
4118,RS,Gramado dos Loureiros,2082,0,388,,0,4,,1.0309278350515463,18635.926993275698,192.12295869356387
4119,RS,Gramado Xavier,4325,0,1026,,0,5,,0.4873294346978557,23722.543352601155,115.60693641618498
4120,RS,Gravataí,281519,5,43176,44.75719223214064,0,1124,0.3552158113661956,2.6032981285899575,15336.79787154686,399.26257197560375
4121,RS,Guabiju,1503,1,502,,0,2,,0.398406374501992,33399.866932801066,133.06719893546241
4122,RS,Guaíba,98143,2,19395,,0,427,,2.2015983500902294,19761.979968005868,435.0794249207789
4123,RS,Guaporé,25727,0,7986,,0,81,,1.0142749812171301,31041.31845920628,314.844326971664
4124,RS,Guarani das Missões,7537,0,1780,,0,19,,1.0674157303370786,23616.823669895184,252.08969085843174
4125,RS,Harmonia,4866,0,1755,,0,17,,0.9686609686609686,36066.58446362516,349.3629264282779
4126,RS,Herval,6821,0,1924,,0,24,,1.2474012474012475,28207.007770121683,351.85456677906467
4127,RS,Herveiras,3018,0,453,,0,3,,0.6622516556291391,15009.940357852884,99.40357852882703
4128,RS,Horizontina,19329,0,6015,,0,51,,0.8478802992518704,31119.043923638055,263.8522427440633
4129,RS,Hulha Negra,6776,0,1904,,0,12,,0.6302521008403361,28099.17355371901,177.0956316410862
4130,RS,Humaitá,4762,0,711,,0,14,,1.969057665260197,14930.701385972281,293.9941201175977
4131,RS,Ibarama,4406,0,773,,0,7,,0.9055627425614489,17544.2578302315,158.87426236949614
4132,RS,Ibiaçá,4709,0,1517,,0,14,,0.922874093605801,32214.907623699302,297.303036738161
4133,RS,Ibiraiaras,7262,0,2196,,0,43,,1.9581056466302367,30239.60341503718,592.1233819884329
4134,RS,Ibirapuitã,4013,0,768,,1,18,,2.34375,19137.802143035136,448.542237727386
4135,RS,Ibirubá,20350,1,9269,,0,104,,1.1220196353436185,45547.91154791154,511.0565110565111
4136,RS,Igrejinha,36899,0,8942,,0,139,,1.5544620890181167,24233.71907097753,376.70397571749913
4137,RS,Ijuí,83475,6,33516,,0,324,,0.966702470461869,40150.943396226416,388.1401617250674
4138,RS,Ilópolis,4078,0,673,,0,5,,0.7429420505200593,16503.187837175086,122.60912211868563
4139,RS,Imbé,22800,0,9246,,0,152,,1.6439541423318191,40552.63157894737,666.6666666666667
4140,RS,Imigrante,3120,0,465,,0,9,,1.935483870967742,14903.846153846154,288.46153846153845
4141,RS,Independência,6167,0,1631,,0,14,,0.8583690987124464,26447.2190692395,227.01475595913735
4142,RS,Inhacorá,2226,0,148,,0,5,,3.3783783783783785,6648.69721473495,224.61814914645103
4143,RS,Ipê,6640,0,2308,,0,17,,0.7365684575389948,34759.03614457831,256.0240963855422
4144,RS,Ipiranga do Sul,1889,0,561,,0,2,,0.35650623885918004,29698.253043938596,105.87612493382743
4145,RS,Iraí,7241,0,1238,,0,18,,1.4539579967689822,17097.08603784008,248.58444966164893
4146,RS,Itaara,5499,0,1138,,0,18,,1.5817223198594026,20694.671758501547,327.33224222585926
4147,RS,Itacurubi,3465,0,117,,0,9,,7.6923076923076925,3376.6233766233763,259.7402597402597
4148,RS,Itapuca,2094,0,370,,0,3,,0.8108108108108109,17669.53199617956,143.26647564469914
4149,RS,Itaqui,37620,1,11052,,0,73,,0.6605139341295694,29377.99043062201,194.04572036150984
4150,RS,Itati,2419,0,683,,0,12,,1.7569546120058566,28234.80777180653,496.07275733774287
4151,RS,Itatiba do Sul,3324,0,625,,0,4,,0.64,18802.647412755716,120.33694344163659
4152,RS,Ivorá,1910,0,130,,0,1,,0.7692307692307693,6806.2827225130895,52.356020942408385
4153,RS,Ivoti,24293,0,7788,,0,79,,1.0143810991268618,32058.617708805003,325.196558679455
4154,RS,Jaboticaba,3810,0,1161,,0,12,,1.03359173126615,30472.44094488189,314.96062992125985
4155,RS,Jacuizinho,2692,0,473,,0,3,,0.6342494714587738,17570.579494799404,111.4413075780089
4156,RS,Jacutinga,3561,0,982,,0,4,,0.40733197556008144,27576.523448469532,112.32799775344004
4157,RS,Jaguarão,26680,0,8760,,0,66,,0.7534246575342466,32833.5832083958,247.37631184407797
4158,RS,Jaguari,10848,0,3470,,0,42,,1.2103746397694526,31987.463126843657,387.16814159292034
4159,RS,Jaquirana,3716,0,1118,,0,11,,0.9838998211091234,30086.11410118407,296.0172228202368
4160,RS,Jari,3503,0,418,,0,5,,1.1961722488038278,11932.629174992864,142.73479874393377
4161,RS,Jóia,8560,0,2501,,0,26,,1.0395841663334666,29217.289719626166,303.7383177570093
4162,RS,Júlio de Castilhos,19293,0,5028,,0,58,,1.1535401750198886,26061.26574405225,300.62717047633856
4163,RS,Lagoa Bonita do Sul,2903,0,257,,0,1,,0.38910505836575876,8852.910781949708,34.44712366517396
4164,RS,Lagoa dos Três Cantos,1609,0,640,,0,5,,0.78125,39776.25854568055,310.75201988812927
4165,RS,Lagoa Vermelha,27807,0,8450,,0,122,,1.4437869822485208,30388.031790556335,438.73844715359445
4166,RS,Lagoão,6452,0,946,,0,15,,1.5856236786469344,14662.120272783632,232.48605083694977
4167,RS,Lajeado,84014,1,27883,,0,260,,0.9324678119284151,33188.516199681006,309.4722308186731
4168,RS,Lajeado do Bugre,2564,0,531,,0,17,,3.2015065913371,20709.828393135725,663.0265210608425
4169,RS,Lavras do Sul,7480,0,1659,,0,20,,1.2055455093429777,22179.14438502674,267.379679144385
4170,RS,Liberato Salzano,5219,0,1252,,0,12,,0.9584664536741214,23989.269975091014,229.92910519256563
4171,RS,Lindolfo Collor,6054,0,1773,,0,18,,1.015228426395939,29286.422200198216,297.3240832507433
4172,RS,Linha Nova,1714,0,518,,0,4,,0.7722007722007722,30221.703617269548,233.3722287047841
4173,RS,Maçambará,4587,0,1705,,0,6,,0.3519061583577713,37170.26378896883,130.80444735120994
4174,RS,Machadinho,5445,0,1774,,0,15,,0.8455467869222096,32580.34894398531,275.4820936639118
4175,RS,Mampituba,2981,0,710,,0,3,,0.42253521126760557,23817.51090238175,100.63737001006372
4176,RS,Manoel Viana,7299,0,1705,,0,14,,0.8211143695014663,23359.364296478972,191.8070968625839
4177,RS,Maquiné,6714,0,2250,,0,27,,1.2,33512.06434316354,402.1447721179625
4178,RS,Maratá,2691,0,736,,0,5,,0.6793478260869565,27350.42735042735,185.80453363062057
4179,RS,Marau,44161,5,17287,,0,134,,0.7751489558627871,39145.3997871425,303.43515771834876
4180,RS,Marcelino Ramos,4402,0,1162,,0,11,,0.9466437177280551,26397.09223080418,249.8864152657883
4181,RS,Mariana Pimentel,3885,0,1008,,0,8,,0.7936507936507936,25945.945945945947,205.92020592020592
4182,RS,Mariano Moro,2031,0,246,,0,6,,2.4390243902439024,12112.259970457902,295.4209748892172
4183,RS,Marques de Souza,4009,0,618,,0,9,,1.4563106796116505,15415.31554003492,224.49488650536296
4184,RS,Mata,4823,0,1278,,0,14,,1.0954616588419406,26498.030271615175,290.2757619738752
4185,RS,Mato Castelhano,2540,1,878,,0,17,,1.9362186788154898,34566.92913385826,669.2913385826772
4186,RS,Mato Leitão,4515,0,1777,,0,9,,0.5064715813168261,39357.69656699889,199.33554817275746
4187,RS,Mato Queimado,1648,0,355,,0,4,,1.1267605633802817,21541.26213592233,242.71844660194174
4188,RS,Maximiliano de Almeida,4377,0,1354,,0,15,,1.1078286558345642,30934.42997486863,342.7004797806717
4189,RS,Minas do Leão,8075,0,839,,0,15,,1.7878426698450536,10390.092879256967,185.75851393188853
4190,RS,Miraguaí,4925,0,1322,,0,19,,1.4372163388804842,26842.63959390863,385.78680203045684
4191,RS,Montauri,1453,0,470,,0,9,,1.9148936170212765,32346.86854783207,619.4081211286992
4192,RS,Monte Alegre dos Campos,3226,0,316,,0,8,,2.5316455696202533,9795.412275263485,247.98512089274644
4193,RS,Monte Belo do Sul,2548,0,709,,0,9,,1.2693935119887165,27825.74568288854,353.2182103610675
4194,RS,Montenegro,65264,1,21246,,0,205,,0.9648875082368447,32553.934787938222,314.1088502083844
4195,RS,Mormaço,3085,0,1283,,0,7,,0.5455962587685114,41588.330632090765,226.904376012966
4196,RS,Morrinhos do Sul,2949,0,1064,,0,8,,0.7518796992481203,36080.027127839945,271.27839945744324
4197,RS,Morro Redondo,6568,0,2592,,0,28,,1.0802469135802468,39464.068209500605,426.30937880633377
4198,RS,Morro Reuter,6407,0,1691,,0,18,,1.0644589000591367,26393.007647885126,280.94271890120183
4199,RS,Mostardas,12804,0,2031,,0,37,,1.8217626784835055,15862.230552952204,288.97219618869104
4200,RS,Muçum,4954,0,1534,,0,17,,1.108213820078227,30964.876867178038,343.1570448122729
4201,RS,Muitos Capões,3162,0,417,,0,7,,1.6786570743405276,13187.85578747628,221.3788741302973
4202,RS,Muliterno,1893,0,465,,0,2,,0.43010752688172044,24564.18383518225,105.65240359218173
4203,RS,Não-Me-Toque,17624,0,8503,,0,75,,0.8820416323650475,48246.709033136634,425.5560599182933
4204,RS,Nicolau Vergueiro,1682,0,164,,0,9,,5.487804878048781,9750.297265160523,535.077288941736
4205,RS,Nonoai,11695,0,4061,,0,55,,1.354346220142822,34724.24112868747,470.286447199658
4206,RS,Nova Alvorada,3625,0,1074,,0,8,,0.74487895716946,29627.58620689655,220.6896551724138
4207,RS,Nova Araçá,4759,0,1913,,0,13,,0.6795608991113434,40197.52048749737,273.16663164530365
4208,RS,Nova Bassano,9916,0,3274,,0,17,,0.5192425167990227,33017.34570391287,171.44009681323112
4209,RS,Nova Boa Vista,1775,0,872,,0,4,,0.45871559633027525,49126.76056338028,225.35211267605635
4210,RS,Nova Bréscia,3330,0,1145,,0,19,,1.6593886462882095,34384.384384384386,570.5705705705706
4211,RS,Nova Candelária,2698,0,1089,,0,5,,0.4591368227731864,40363.23202372128,185.32246108228316
4212,RS,Nova Esperança do Sul,5352,0,2467,,0,14,,0.5674908796108634,46094.9177877429,261.58445440956655
4213,RS,Nova Hartz,21615,0,5552,,0,82,,1.4769452449567724,25685.86629655332,379.36618089289846
4214,RS,Nova Pádua,2553,0,786,,0,14,,1.7811704834605597,30787.309048178613,548.3744614179398
4215,RS,Nova Palma,6512,0,1870,,0,16,,0.8556149732620321,28716.216216216217,245.7002457002457
4216,RS,Nova Petrópolis,21353,10,10489,,0,103,,0.9819811230813232,49121.9032454456,482.36781716854773
4217,RS,Nova Prata,27257,0,6973,,0,65,,0.9321669295855441,25582.419195069157,238.47085152437904
4218,RS,Nova Ramada,2242,0,989,,0,4,,0.40444893832153694,44112.39964317574,178.4121320249777
4219,RS,Nova Roma do Sul,3689,0,702,,0,7,,0.9971509971509971,19029.547302792085,189.75332068311195
4220,RS,Nova Santa Rita,29300,0,8149,,0,116,,1.4234875444839856,27812.286689419798,395.90443686006824
4221,RS,Novo Barreiro,4164,0,1533,,0,26,,1.6960208741030658,36815.56195965418,624.3996157540826
4222,RS,Novo Cabrais,4196,0,1123,,0,9,,0.8014247551202136,26763.584366062914,214.48999046711154
4223,RS,Novo Hamburgo,246748,2,59987,85.10707280302171,0,1150,0.4052717752524843,1.9170820344407955,24311.03798207078,466.06254154035696
4224,RS,Novo Machado,3323,0,469,,0,7,,1.4925373134328357,14113.752633162805,210.65302437556426
4225,RS,Novo Tiradentes,2211,0,591,,0,0,,0.0,26729.98643147897,0.0
4226,RS,Novo Xingu,1719,0,626,,0,5,,0.7987220447284344,36416.52123327516,290.86678301337986
4227,RS,Osório,45994,0,21670,,0,214,,0.9875403784033225,47114.84106622603,465.27807974953254
4228,RS,Paim Filho,3828,0,798,,0,3,,0.37593984962406013,20846.39498432602,78.36990595611285
4229,RS,Palmares do Sul,11318,0,3713,,0,41,,1.1042283867492593,32806.14949637745,362.254815338399
4230,RS,Palmeira das Missões,33303,0,10592,,0,119,,1.123489425981873,31804.942497672884,357.32516590096986
4231,RS,Palmitinho,7057,0,1996,,0,16,,0.8016032064128256,28283.97335978461,226.72523735298284
4232,RS,Panambi,43667,0,15293,,0,144,,0.9416072713005951,35021.870062060596,329.7684750498088
4233,RS,Pantano Grande,9174,0,2833,,0,32,,1.1295446523120367,30880.749945498148,348.8118596032265
4234,RS,Paraí,7657,0,2364,,0,26,,1.0998307952622675,30873.710330416616,339.5585738539898
4235,RS,Paraíso do Sul,7611,0,1399,,0,17,,1.2151536812008579,18381.29023781369,223.360924977007
4236,RS,Pareci Novo,3837,0,1532,,0,7,,0.45691906005221933,39927.0263226479,182.43419338024498
4237,RS,Parobé,58272,6,16707,,0,263,,1.5741904590890046,28670.716639209226,451.3316858868754
4238,RS,Passa Sete,5702,0,819,,0,7,,0.8547008547008548,14363.381269729918,122.7639424763241
4239,RS,Passo do Sobrado,6535,0,1630,,0,20,,1.2269938650306749,24942.616679418516,306.044376434583
4240,RS,Passo Fundo,203275,25,80449,205.6327634977248,0,848,1.967777641126553,1.0540839538092457,39576.43586274751,417.1688599188292
4241,RS,Paulo Bento,2293,0,589,,0,3,,0.5093378607809848,25686.873092019192,130.8329699084169
4242,RS,Paverama,8487,0,1291,,0,24,,1.8590240123934934,15211.499941086367,282.78543655001766
4243,RS,Pedras Altas,1982,0,554,,0,4,,0.7220216606498195,27951.56407669021,201.81634712411704
4244,RS,Pedro Osório,7730,0,2074,,0,35,,1.6875602700096433,26830.53040103493,452.7813712807244
4245,RS,Pejuçara,3874,0,2096,,0,13,,0.6202290076335878,54104.284976768206,335.5704697986577
4246,RS,Pelotas,342405,0,118805,57.5342065682452,0,1621,3.212569909902017,1.3644206893649258,34697.21528599173,473.41598399556085
4247,RS,Picada Café,5742,0,1184,,0,14,,1.1824324324324325,20619.993033786137,243.81748519679553
4248,RS,Pinhal,2579,0,1001,,0,6,,0.5994005994005994,38813.49360217139,232.64831329972858
4249,RS,Pinhal da Serra,1941,0,726,,0,7,,0.9641873278236914,37403.40030911901,360.63884595569294
4250,RS,Pinhal Grande,4350,0,884,,0,7,,0.7918552036199095,20321.83908045977,160.91954022988506
4251,RS,Pinheirinho do Vale,4871,0,923,,0,10,,1.0834236186348862,18948.881133237526,205.29665366454526
4252,RS,Pinheiro Machado,12271,1,4970,,0,40,,0.8048289738430584,40501.996577296064,325.9718034390025
4253,RS,Pinto Bandeira,3003,0,718,,0,7,,0.9749303621169917,23909.42390942391,233.1002331002331
4254,RS,Pirapó,2304,0,330,,0,20,,6.0606060606060606,14322.916666666666,868.0555555555555
4255,RS,Piratini,20663,0,3029,,0,44,,1.4526246285902937,14659.052412524803,212.94100566229494
4256,RS,Planalto,10084,0,2381,,0,28,,1.1759764804703907,23611.662038873463,277.6675922253074
4257,RS,Poço das Antas,2098,0,524,,0,3,,0.5725190839694656,24976.16777883699,142.99332697807435
4258,RS,Pontão,3904,0,434,,0,12,,2.7649769585253456,11116.803278688525,307.37704918032784
4259,RS,Ponte Preta,1547,0,218,,0,4,,1.834862385321101,14091.790562378797,258.5649644473174
4260,RS,Portão,37079,0,8029,,0,149,,1.855772823514759,21653.766282801585,401.8447099436339
4261,RS,Porto Alegre,1483771,33,348809,92.93886994691229,0,6862,1.145729361201965,1.9672657528905506,23508.277220676235,462.4702868569341
4262,RS,Porto Lucena,4678,0,1057,,0,12,,1.1352885525070955,22595.126122274476,256.51988029072254
4263,RS,Porto Mauá,2374,0,439,,0,8,,1.8223234624145785,18491.99663016007,336.9839932603201
4264,RS,Porto Vera Cruz,1360,0,356,,0,6,,1.6853932584269662,26176.470588235294,441.1764705882353
4265,RS,Porto Xavier,10246,1,3306,,0,61,,1.8451300665456745,32266.250243997656,595.3542845988678
4266,RS,Pouso Novo,1639,0,468,,0,4,,0.8547008547008548,28553.996339231242,244.05125076266015
4267,RS,Presidente Lucena,2901,0,876,,0,4,,0.45662100456621,30196.48397104447,137.88348845225784
4268,RS,Progresso,6244,0,1247,,0,18,,1.4434643143544506,19971.172325432417,288.2767456758488
4269,RS,Protásio Alves,1947,0,189,,0,8,,4.232804232804233,9707.241910631741,410.8885464817668
4270,RS,Putinga,3919,0,1094,,0,21,,1.9195612431444242,27915.284511354937,535.8509823934677
4271,RS,Quaraí,22687,0,5037,,0,70,,1.3897161008536827,22202.14219597126,308.54674483184203
4272,RS,Quatro Irmãos,1849,0,202,,0,3,,1.4851485148514851,10924.824229313142,162.24986479177934
4273,RS,Quevedos,2788,0,667,,0,2,,0.29985007496251875,23923.959827833572,71.73601147776183
4274,RS,Quinze de Novembro,3796,1,1623,,0,13,,0.8009858287122612,42755.53213909378,342.4657534246575
4275,RS,Redentora,11549,0,2113,,0,34,,1.609086606720303,18295.956359857995,294.3977833578665
4276,RS,Relvado,2090,0,560,,0,4,,0.7142857142857143,26794.258373205743,191.38755980861245
4277,RS,Restinga Sêca,15789,0,4818,,0,46,,0.9547530095475302,30514.915447463427,291.3420735955412
4278,RS,Rio dos Índios,2752,0,792,,0,12,,1.5151515151515151,28779.069767441862,436.04651162790697
4279,RS,Rio Grande,211005,0,62187,58.76637994360324,0,746,1.421767256700078,1.1996076350362614,29471.81346413592,353.5461244994194
4280,RS,Rio Pardo,38275,0,9570,,0,122,,1.2748171368861023,25003.265839320706,318.74591770084913
4281,RS,Riozinho,4653,0,812,,0,14,,1.7241379310344827,17451.10681280894,300.88115194498175
4282,RS,Roca Sales,11393,0,1601,,0,30,,1.8738288569643973,14052.488370051786,263.3195821995962
4283,RS,Rodeio Bonito,5867,0,2778,,0,12,,0.4319654427645789,47349.582410090334,204.53383330492585
4284,RS,Rolador,2323,0,703,,0,4,,0.5689900426742532,30262.591476538957,172.19113215669393
4285,RS,Rolante,21349,0,7572,,0,77,,1.016904384574749,35467.703405311724,360.6726310365825
4286,RS,Ronda Alta,10601,0,3007,,0,32,,1.0641835716661123,28365.24856145647,301.85831525327796
4287,RS,Rondinha,5130,0,1962,,0,22,,1.1213047910295617,38245.614035087725,428.849902534113
4288,RS,Roque Gonzales,6847,0,1396,,0,13,,0.9312320916905444,20388.4913100628,189.8641740908427
4289,RS,Rosário do Sul,39422,2,9946,,0,169,,1.6991755479589785,25229.567246715036,428.6946375120491
4290,RS,Sagrada Família,2609,0,849,,0,12,,1.4134275618374559,32541.203526255267,459.9463395937141
4291,RS,Saldanha Marinho,2650,0,965,,0,15,,1.5544041450777202,36415.094339622636,566.0377358490566
4292,RS,Salto do Jacuí,12449,0,2744,,0,30,,1.0932944606413995,22041.93107880151,240.98321150293197
4293,RS,Salvador das Missões,2733,0,859,,0,10,,1.1641443538998837,31430.662275887305,365.89828027808267
4294,RS,Salvador do Sul,7799,0,1863,,0,7,,0.3757380568974772,23887.67790742403,89.755096807283
4295,RS,Sananduva,16270,0,6042,,0,41,,0.6785832505792784,37135.83282114321,251.99754148740013
4296,RS,Sant'Ana do Livramento,77027,0,22409,,0,242,,1.0799232451247265,29092.396172770586,314.1755488335259
4297,RS,Santa Bárbara do Sul,7994,0,3122,,0,50,,1.6015374759769379,39054.29071803853,625.4691018263698
4298,RS,Santa Cecília do Sul,1639,0,826,,0,4,,0.48426150121065376,50396.58328248933,244.05125076266015
4299,RS,Santa Clara do Sul,6603,0,709,,0,15,,2.1156558533145273,10737.54354081478,227.1694684234439
4300,RS,Santa Cruz do Sul,130416,17,53057,363.4523371365477,1,435,5.367439577965894,0.8198729668092806,40682.89166973377,333.548030916452
4301,RS,Santa Margarida do Sul,2562,0,301,,0,7,,2.3255813953488373,11748.63387978142,273.224043715847
4302,RS,Santa Maria,282123,0,85715,80.10690372638885,0,1041,1.063365978668878,1.2144898792510062,30382.13828720097,368.98799459810084
4303,RS,Santa Maria do Herval,6331,0,1290,,0,17,,1.317829457364341,20375.92797346391,268.5199810456484
4304,RS,Santa Rosa,73254,1,27950,,0,242,,0.8658318425760286,38154.913042291206,330.3573866273514
4305,RS,Santa Tereza,1729,0,447,,0,6,,1.342281879194631,25853.094274146904,347.0213996529786
4306,RS,Santa Vitória do Palmar,29676,0,8050,,0,62,,0.7701863354037267,27126.297344655613,208.9230354495215
4307,RS,Santana da Boa Vista,8098,0,1011,,0,16,,1.582591493570722,12484.56408989874,197.57964929612248
4308,RS,Santiago,49425,1,16374,,0,191,,1.166483449370954,33128.98330804249,386.4441072331816
4309,RS,Santo Ângelo,77593,10,22285,,0,347,,1.5571011891406776,28720.374260564742,447.2052891369067
4310,RS,Santo Antônio da Patrulha,42894,1,10972,,0,179,,1.6314254465913236,25579.33510514291,417.30778197416885
4311,RS,Santo Antônio das Missões,10175,0,1342,,0,47,,3.502235469448584,13189.18918918919,461.9164619164619
4312,RS,Santo Antônio do Palma,2128,0,350,,0,5,,1.4285714285714286,16447.368421052633,234.96240601503757
4313,RS,Santo Antônio do Planalto,2019,0,295,,0,6,,2.0338983050847457,14611.193660227837,297.17682020802374
4314,RS,Santo Augusto,13885,0,4053,,0,45,,1.1102886750555145,29189.773136478216,324.09074540871444
4315,RS,Santo Cristo,14257,0,3321,,0,34,,1.0237880156579342,23293.82057936452,238.47934348039558
4316,RS,Santo Expedito do Sul,2324,0,646,,0,8,,1.238390092879257,27796.901893287435,344.2340791738382
4317,RS,São Borja,60282,0,19362,,0,295,,1.5236029335812415,32119.040509604856,489.366643442487
4318,RS,São Domingos do Sul,3074,0,1029,,0,11,,1.0689990281827018,33474.30058555628,357.83994795055304
4319,RS,São Francisco de Assis,18335,0,3386,,0,51,,1.5062020082693444,18467.412053449687,278.1565312244341
4320,RS,São Francisco de Paula,21710,0,3054,,0,57,,1.8664047151277015,14067.250115154306,262.551819438047
4321,RS,São Gabriel,62105,0,21658,,0,370,,1.7083756579554898,34873.198615248366,595.7652362933741
4322,RS,São Jerônimo,24248,0,2994,,0,91,,3.0394121576486306,12347.410095677993,375.28868360277136
4323,RS,São João da Urtiga,4657,2,1673,,0,6,,0.35863717872086076,35924.41485935151,128.83830792355596
4324,RS,São João do Polêsine,2552,0,881,,0,8,,0.9080590238365494,34521.94357366771,313.4796238244514
4325,RS,São Jorge,2824,0,627,,0,12,,1.9138755980861244,22202.54957507082,424.929178470255
4326,RS,São José das Missões,2537,0,516,,0,3,,0.5813953488372093,20338.98305084746,118.24990145841545
4327,RS,São José do Herval,1971,0,276,,0,3,,1.0869565217391304,14003.04414003044,152.20700152207002
4328,RS,São José do Hortêncio,4804,0,1298,,0,13,,1.0015408320493067,27019.150707743545,270.60782681099084
4329,RS,São José do Inhacorá,2073,0,944,,0,2,,0.211864406779661,45537.86782440907,96.4785335262904
4330,RS,São José do Norte,27568,0,3227,,0,58,,1.7973349860551595,11705.600696459664,210.38885664538594
4331,RS,São José do Ouro,6933,0,1801,,0,21,,1.1660188784008885,25977.210442809752,302.89917784508873
4332,RS,São José do Sul,2408,0,653,,0,7,,1.0719754977029097,27117.94019933555,290.69767441860466
4333,RS,São José dos Ausentes,3527,0,774,,0,14,,1.8087855297157622,21944.99574709385,396.93790757017297
4334,RS,São Leopoldo,236835,3,51204,40.53454936981443,0,909,0.0,1.7752519334426997,21620.11527012477,383.81151434543034
4335,RS,São Lourenço do Sul,43582,2,10470,,0,119,,1.1365807067812799,24023.679500711303,273.04850626405397
4336,RS,São Luiz Gonzaga,33468,0,9813,,0,124,,1.263629878732294,29320.544998207242,370.5031672044938
4337,RS,São Marcos,21556,1,8247,,0,81,,0.9821753364859949,38258.48951568009,375.76544813509
4338,RS,São Martinho,5426,0,1555,,0,14,,0.9003215434083601,28658.311831920386,258.0169553999263
4339,RS,São Martinho da Serra,3234,0,223,,0,8,,3.587443946188341,6895.485466914038,247.37167594310452
4340,RS,São Miguel das Missões,7673,0,1754,,0,18,,1.0262257696693273,22859.377036361268,234.58881793301185
4341,RS,São Nicolau,5265,0,266,,0,18,,6.7669172932330826,5052.231718898385,341.88034188034186
4342,RS,São Paulo das Missões,5790,0,1239,,0,17,,1.3720742534301855,21398.963730569947,293.6096718480138
4343,RS,São Pedro da Serra,3801,0,873,,0,3,,0.3436426116838488,22967.64009471192,78.92659826361484
4344,RS,São Pedro das Missões,2009,0,777,,0,12,,1.5444015444015444,38675.95818815331,597.3120955699353
4345,RS,São Pedro do Butiá,2947,0,943,,0,6,,0.6362672322375398,31998.64268747879,203.59687818120122
4346,RS,São Pedro do Sul,16198,0,3201,,0,46,,1.437050921587004,19761.69897518212,283.98567724410424
4347,RS,São Sebastião do Caí,25685,0,7657,,0,70,,0.9141961603761264,29811.17383686977,272.5326065797158
4348,RS,São Sepé,23621,0,5751,,0,85,,1.4780038254216659,24346.979382752634,359.8492866517082
4349,RS,São Valentim,3299,0,421,,0,5,,1.187648456057007,12761.442861473173,151.5610791148833
4350,RS,São Valentim do Sul,2242,0,838,,0,4,,0.47732696897374705,37377.34165923283,178.4121320249777
4351,RS,São Valério do Sul,2727,0,349,,0,5,,1.4326647564469914,12797.946461312798,183.35166850018337
4352,RS,São Vendelino,2243,0,702,,0,6,,0.8547008547008548,31297.369594293355,267.4988854213108
4353,RS,São Vicente do Sul,8721,0,1393,,0,23,,1.6511127063890882,15972.938883155603,263.7312234835455
4354,RS,Sapiranga,81734,0,24953,,0,376,,1.5068328457500102,30529.522597694962,460.0288741527393
4355,RS,Sapucaia do Sul,141075,21,36458,130.4270777954989,0,654,0.0,1.7938449722968894,25842.99131667553,463.5832004253057
4356,RS,Sarandi,24489,0,9783,,0,78,,0.7973014412756823,39948.54832782065,318.51035158642657
4357,RS,Seberi,10750,0,3903,,0,49,,1.2554445298488344,36306.976744186046,455.8139534883721
4358,RS,Sede Nova,2907,0,684,,0,7,,1.023391812865497,23529.41176470588,240.79807361541108
4359,RS,Segredo,7421,0,1344,,0,8,,0.5952380952380952,18110.766743026546,107.80218299420562
4360,RS,Selbach,5100,0,1608,,0,32,,1.9900497512437811,31529.411764705885,627.4509803921568
4361,RS,Senador Salgado Filho,2779,0,746,,0,4,,0.5361930294906166,26844.188557034904,143.9366678661389
4362,RS,Sentinela do Sul,5581,0,889,,0,25,,2.81214848143982,15929.044974018994,447.94839634474107
4363,RS,Serafina Corrêa,17502,0,4796,,0,39,,0.8131776480400335,27402.582561992916,222.83167637984232
4364,RS,Sério,1962,0,317,,0,8,,2.5236593059936907,16156.982670744139,407.74719673802247
4365,RS,Sertão,5415,0,1614,,0,19,,1.1771995043370507,29806.094182825484,350.87719298245617
4366,RS,Sertão Santana,6486,0,1377,,0,13,,0.944081336238199,21230.342275670675,200.43169904409496
4367,RS,Sete de Setembro,1970,0,184,,0,5,,2.717391304347826,9340.101522842639,253.80710659898475
4368,RS,Severiano de Almeida,3657,0,1117,,0,7,,0.6266786034019696,30544.16188132349,191.4137270987148
4369,RS,Silveira Martins,2384,0,705,,0,13,,1.8439716312056738,29572.147651006715,545.3020134228187
4370,RS,Sinimbu,10172,1,1717,,0,25,,1.4560279557367501,16879.66968147857,245.7727093983484
4371,RS,Sobradinho,14967,2,3946,,0,35,,0.8869741510390269,26364.668938330993,233.84779849001134
4372,RS,Soledade,31002,3,11457,,0,114,,0.9950248756218906,36955.680278691696,367.71821172827555
4373,RS,Tabaí,4719,0,837,,0,8,,0.955794504181601,17736.808645899553,169.527442254715
4374,RS,Tapejara,24111,0,8957,,0,62,,0.6921960477838561,37149.01911990377,257.144042138443
4375,RS,Tapera,10584,1,3767,,0,51,,1.3538624900451288,35591.45880574452,481.859410430839
4376,RS,Tapes,17300,0,3491,,0,66,,1.890575766256087,20179.190751445087,381.5028901734104
4377,RS,Taquara,57466,0,12501,,0,209,,1.6718662506999442,21753.73264191,363.6933143075906
4378,RS,Taquari,26862,1,4952,,0,88,,1.7770597738287561,18434.963889509345,327.6003276003276
4379,RS,Taquaruçu do Sul,3072,0,880,,0,8,,0.9090909090909091,28645.833333333332,260.41666666666663
4380,RS,Tavares,5481,0,1057,,0,16,,1.5137180700094608,19284.802043422733,291.9175332968436
4381,RS,Tenente Portela,13485,0,3853,,0,39,,1.0121982870490527,28572.4879495736,289.21023359288097
4382,RS,Terra de Areia,11204,0,2329,,0,59,,2.5332760841562902,20787.21885041057,526.5976436986791
4383,RS,Teutônia,33232,0,9242,,0,108,,1.1685782298203853,27810.54405392393,324.98796340876265
4384,RS,Tio Hugo,3030,0,905,,0,12,,1.3259668508287292,29867.986798679867,396.03960396039605
4385,RS,Tiradentes do Sul,5704,0,562,,0,8,,1.4234875444839856,9852.734922861151,140.25245441795232
4386,RS,Toropi,2806,0,731,,0,14,,1.915184678522572,26051.318602993582,498.93086243763366
4387,RS,Torres,38732,0,15150,,0,128,,0.8448844884488448,39114.94371579056,330.4760921202107
4388,RS,Tramandaí,51715,2,18460,,0,267,,1.4463705308775732,35695.63956298946,516.2912114473556
4389,RS,Travesseiro,2336,0,572,,0,10,,1.7482517482517483,24486.301369863013,428.0821917808219
4390,RS,Três Arroios,2668,0,466,,0,3,,0.6437768240343348,17466.266866566715,112.44377811094452
4391,RS,Três Cachoeiras,11053,0,3027,,0,31,,1.0241162867525604,27386.229982810095,280.4668415814711
4392,RS,Três Coroas,28220,0,5980,,0,83,,1.3879598662207357,21190.644932671865,294.11764705882354
4393,RS,Três de Maio,23906,0,7080,,0,53,,0.748587570621469,29615.995984271733,221.70166485401154
4394,RS,Três Forquilhas,2697,0,962,,0,7,,0.7276507276507277,35669.26214312199,259.54764553207264
4395,RS,Três Palmeiras,4271,0,1196,,0,19,,1.588628762541806,28002.80964645282,444.8606883633809
4396,RS,Três Passos,23906,0,4946,,0,70,,1.4152850788515974,20689.366686187568,292.81351961850584
4397,RS,Trindade do Sul,5802,0,1558,,0,19,,1.2195121951219512,26852.809376077214,327.47328507411237
4398,RS,Triunfo,29538,2,5725,,0,108,,1.88646288209607,19381.813257498816,365.6307129798903
4399,RS,Tucunduva,5678,0,1554,,0,23,,1.4800514800514801,27368.79182810849,405.07220852412826
4400,RS,Tunas,4569,0,536,,0,16,,2.9850746268656714,11731.232217115343,350.1860363318013
4401,RS,Tupanci do Sul,1472,0,447,,0,3,,0.6711409395973155,30366.847826086956,203.80434782608694
4402,RS,Tupanciretã,23948,0,7856,,0,59,,0.7510183299389003,32804.409554033744,246.3671287790212
4403,RS,Tupandi,4855,0,1717,,0,17,,0.9900990099009901,35365.60247167868,350.1544799176107
4404,RS,Tuparendi,7893,0,2515,,0,22,,0.8747514910536779,31863.676675535284,278.7279868237679
4405,RS,Turuçu,3438,0,572,,0,12,,2.097902097902098,16637.579988365327,349.04013961605585
4406,RS,Ubiretama,2015,0,505,,0,3,,0.594059405940594,25062.03473945409,148.8833746898263
4407,RS,União da Serra,1154,0,167,,0,2,,1.1976047904191618,14471.403812824956,173.3102253032929
4408,RS,Unistalda,2338,0,323,,0,7,,2.1671826625387,13815.226689478186,299.4011976047904
4409,RS,Uruguaiana,126970,1,31832,51.98078286209341,0,521,1.575175238245255,1.6367177682834884,25070.489091911473,410.3331495628889
4410,RS,Vacaria,66218,1,16493,,0,243,,1.4733523312920633,24907.12495091969,366.96970612220247
4411,RS,Vale do Sol,11781,0,1555,,0,22,,1.414790996784566,13199.219081572022,186.74136321195147
4412,RS,Vale Real,5913,0,1883,,0,16,,0.8497079129049389,31845.087096228646,270.5902249281245
4413,RS,Vale Verde,3497,0,628,,0,9,,1.4331210191082804,17958.24992851015,257.3634543894767
4414,RS,Vanini,2113,0,589,,0,4,,0.6791171477079796,27875.05915759583,189.3043066729768
4415,RS,Venâncio Aires,71554,5,20514,,0,165,,0.804328751096812,28669.25678508539,230.5950750482153
4416,RS,Vera Cruz,26863,1,7396,,0,55,,0.7436452136289886,27532.29348918587,204.74258273461638
4417,RS,Veranópolis,26241,0,9201,,0,82,,0.8912074774481034,35063.450325825994,312.48809115506265
4418,RS,Vespasiano Corrêa,1815,0,584,,0,10,,1.7123287671232876,32176.308539944905,550.9641873278237
4419,RS,Viadutos,4756,0,913,,0,12,,1.3143483023001095,19196.804037005888,252.3128679562658
4420,RS,Viamão,255224,4,41335,54.46196282481271,0,877,0.3918126821928972,2.121688641587033,16195.577218443408,343.61972228317086
4421,RS,Vicente Dutra,4670,0,667,,0,7,,1.0494752623688157,14282.655246252676,149.8929336188437
4422,RS,Victor Graeff,2882,0,867,,0,8,,0.922722029988466,30083.27550312283,277.58501040943787
4423,RS,Vila Flores,3385,3,1532,,0,16,,1.0443864229765014,45258.49335302807,472.6735598227474
4424,RS,Vila Lângaro,2091,0,643,,0,3,,0.46656298600311047,30750.836920133905,143.47202295552367
4425,RS,Vila Maria,4358,0,1218,,0,13,,1.0673234811165846,27948.600275355668,298.30197338228544
4426,RS,Vila Nova do Sul,4280,0,758,,0,10,,1.3192612137203166,17710.280373831774,233.64485981308408
4427,RS,Vista Alegre,2752,0,703,,0,10,,1.422475106685633,25545.05813953488,363.3720930232558
4428,RS,Vista Alegre do Prata,1561,0,385,,0,8,,2.0779220779220777,24663.67713004484,512.49199231262
4429,RS,Vista Gaúcha,2851,0,543,,0,17,,3.1307550644567224,19045.94878989828,596.2820063135742
4430,RS,Vitória das Missões,3133,0,596,,0,12,,2.013422818791946,19023.30035110118,383.0194701563996
4431,RS,Westfália,3014,0,489,,0,10,,2.044989775051125,16224.286662242868,331.78500331785006
4432,RS,Xangri-lá,16408,2,6745,,0,60,,0.8895478131949592,41107.99609946368,365.6752803510483
4433,SC,,0,0,0,,0,0,,,,
4434,SC,Abdon Batista,2563,0,548,,0,4,,0.7299270072992701,21381.193913382755,156.06710885680843
4435,SC,Abelardo Luz,17904,0,2930,,0,70,,2.3890784982935154,16365.058087578194,390.9740840035746
4436,SC,Agrolândia,10864,0,2407,,0,35,,1.4540922309929374,22155.743740795286,322.16494845360825
4437,SC,Agronômica,5448,0,1368,,0,15,,1.0964912280701753,25110.13215859031,275.33039647577095
4438,SC,Água Doce,7145,0,2616,,0,21,,0.8027522935779817,36613.01609517145,293.91182645206436
4439,SC,Águas de Chapecó,6486,0,1416,,0,16,,1.1299435028248588,21831.637372802958,246.68516805427072
4440,SC,Águas Frias,2366,0,1230,,0,5,,0.40650406504065045,51986.47506339814,211.3271344040575
4441,SC,Águas Mornas,6469,0,1353,,0,13,,0.9608277900960829,20915.133714639047,200.95841706600712
4442,SC,Alfredo Wagner,10036,0,1460,,0,12,,0.821917808219178,14547.628537265844,119.56954962136308
4443,SC,Alto Bela Vista,1937,0,560,,0,3,,0.5357142857142857,28910.686628807434,154.87867836861125
4444,SC,Anchieta,5638,0,1506,,0,12,,0.796812749003984,26711.59985810571,212.8414331323164
4445,SC,Angelina,4801,0,1057,,0,7,,0.6622516556291391,22016.24661528848,145.80295771714228
4446,SC,Anita Garibaldi,7133,0,2219,,0,12,,0.540784136998648,31108.930323846907,168.23216038132622
4447,SC,Anitápolis,3232,0,818,,0,6,,0.7334963325183375,25309.40594059406,185.64356435643563
4448,SC,Antônio Carlos,8513,4,3642,,0,32,,0.8786381109280615,42781.62809820275,375.8956889463174
4449,SC,Apiúna,10743,0,1983,,0,21,,1.059001512859304,18458.531136554036,195.47612398771292
4450,SC,Arabutã,4267,0,727,,0,10,,1.3755158184319118,17037.731427232247,234.35669088352472
4451,SC,Araquari,38129,5,8607,,0,98,,1.138608109678169,22573.36935141231,257.0222140627868
4452,SC,Araranguá,68228,0,20934,,0,292,,1.3948600363045762,30682.417775693266,427.9767837251568
4453,SC,Armazém,8674,0,1784,,0,36,,2.0179372197309418,20567.212358773344,415.0334332487895
4454,SC,Arroio Trinta,3550,0,1401,,0,17,,1.2134189864382585,39464.788732394365,478.8732394366197
4455,SC,Arvoredo,2240,0,600,,0,6,,1.0,26785.714285714286,267.85714285714283
4456,SC,Ascurra,7934,0,2373,,0,14,,0.5899705014749262,29909.2513234182,176.45576002016637
4457,SC,Atalanta,3210,0,935,,0,12,,1.2834224598930482,29127.725856697816,373.8317757009346
4458,SC,Aurora,5679,0,1618,,0,24,,1.4833127317676145,28490.931502025003,422.6096143687269
4459,SC,Balneário Arroio do Silva,13071,0,4388,,0,69,,1.5724703737465817,33570.49957922118,527.8861602019738
4460,SC,Balneário Barra do Sul,10795,-1,2893,,0,63,,2.1776702385067406,26799.444187123667,583.6035201482167
4461,SC,Balneário Camboriú,142295,1,39407,30.92167679820092,0,528,2.811061527109175,1.339863476032177,27693.87539969781,371.06012157841104
4462,SC,Balneário Gaivota,10979,0,4520,,0,41,,0.9070796460176991,41169.50541943711,373.44020402586756
4463,SC,Balneário Piçarras,23147,0,8245,,0,74,,0.8975136446331109,35620.16676027131,319.69585691450294
4464,SC,Balneário Rincão,12760,1,2797,,0,56,,2.0021451555237753,21920.062695924764,438.87147335423197
4465,SC,Bandeirante,2678,0,792,,0,7,,0.8838383838383838,29574.309185959675,261.38909634055267
4466,SC,Barra Bonita,1677,0,574,,0,3,,0.5226480836236934,34227.78771615981,178.89087656529517
4467,SC,Barra Velha,29168,0,8050,,0,150,,1.8633540372670807,27598.738343390018,514.2622051563358
4468,SC,Bela Vista do Toldo,6337,0,118,,0,5,,4.23728813559322,1862.0798485087582,78.90168849613381
4469,SC,Belmonte,2706,0,786,,0,5,,0.6361323155216284,29046.563192904658,184.77457501847746
4470,SC,Benedito Novo,11652,0,1719,,0,25,,1.4543339150668992,14752.832131822863,214.55544112598696
4471,SC,Biguaçu,68481,5,18662,,0,191,,1.023470153252599,27251.354390268833,278.90947854149323
4472,SC,Blumenau,357199,21,125707,161.5346067598174,0,869,1.399779954591138,0.6912900634014018,35192.42775035764,243.28175610793986
4473,SC,Bocaina do Sul,3474,0,947,,0,5,,0.5279831045406547,27259.64306275187,143.92630972941853
4474,SC,Bom Jardim da Serra,4743,0,1152,,0,8,,0.6944444444444444,24288.42504743833,168.6696183849884
4475,SC,Bom Jesus,3010,0,792,,0,12,,1.5151515151515151,26312.292358803985,398.6710963455149
4476,SC,Bom Jesus do Oeste,2142,0,398,,0,6,,1.507537688442211,18580.765639589168,280.1120448179272
4477,SC,Bom Retiro,9966,0,1394,,0,23,,1.6499282639885222,13987.557696166969,230.7846678707606
4478,SC,Bombinhas,19769,1,5473,,0,79,,1.4434496619769779,27684.758966057972,399.61555971470483
4479,SC,Botuverá,5246,0,2010,,0,12,,0.5970149253731344,38314.906595501336,228.7457110179184
4480,SC,Braço do Norte,33450,1,14247,,0,123,,0.8633396504527269,42591.92825112108,367.7130044843049
4481,SC,Braço do Trombudo,3743,0,1277,,0,10,,0.7830853563038371,34117.0184344109,267.1653753673524
4482,SC,Brunópolis,2420,0,813,,0,9,,1.107011070110701,33595.04132231405,371.900826446281
4483,SC,Brusque,134723,4,48689,143.9991686645933,0,369,0.0,0.7578713877877961,36140.0800160329,273.89532596512845
4484,SC,Caçador,78595,21,11182,,0,345,,3.0853156859238062,14227.368153190406,438.9592213245117
4485,SC,Caibi,6148,0,1441,,0,20,,1.3879250520471893,23438.516590761225,325.3090435914118
4486,SC,Calmon,3346,0,457,,0,8,,1.75054704595186,13658.09922295278,239.0914524805738
4487,SC,Camboriú,82989,0,22604,,0,228,,1.0086710316758096,27237.344708334836,274.7352058706575
4488,SC,Campo Alegre,11978,0,2558,,0,46,,1.7982799061767005,21355.819001502754,384.03740190348975
4489,SC,Campo Belo do Sul,7016,0,1305,,0,23,,1.7624521072796935,18600.342075256558,327.82212086659064
4490,SC,Campo Erê,8526,0,2471,,0,24,,0.9712666936462969,28981.937602627255,281.49190710767067
4491,SC,Campos Novos,36244,0,9558,,0,143,,1.4961288972588407,26371.261450171063,394.5480631276901
4492,SC,Canelinha,12240,0,2472,,0,21,,0.8495145631067961,20196.07843137255,171.5686274509804
4493,SC,Canoinhas,54401,0,12459,,0,146,,1.1718436471626936,22902.152533960772,268.3774195327292
4494,SC,Capão Alto,2525,0,436,,0,3,,0.6880733944954129,17267.326732673268,118.8118811881188
4495,SC,Capinzal,22848,0,8103,,0,57,,0.7034431691965939,35464.81092436975,249.47478991596637
4496,SC,Capivari de Baixo,24871,0,7390,,0,105,,1.4208389715832206,29713.32073499256,422.1784407542921
4497,SC,Catanduvas,10861,0,3392,,0,35,,1.0318396226415094,31231.010035908297,322.2539361016481
4498,SC,Caxambu do Sul,3642,0,1485,,0,14,,0.9427609427609427,40774.299835255355,384.4041735310269
4499,SC,Celso Ramos,2728,0,1079,,0,9,,0.8341056533827619,39552.78592375366,329.9120234604106
4500,SC,Cerro Negro,3124,0,431,,0,4,,0.9280742459396751,13796.414852752881,128.04097311139563
4501,SC,Chapadão do Lageado,2988,0,752,,0,6,,0.7978723404255319,25167.336010709507,200.8032128514056
4502,SC,Chapecó,220367,2,80811,251.8525913589603,0,894,4.537884528990276,1.1062850354530942,36671.09866722331,405.68687689173066
4503,SC,Cocal do Sul,16684,0,5938,,0,66,,1.1114853486022231,35590.985375209784,395.5885878686166
4504,SC,Concórdia,74641,3,30588,,0,249,,0.8140447234209494,40980.15835800699,333.5968167629051
4505,SC,Cordilheira Alta,4453,0,1210,,0,10,,0.8264462809917356,27172.69256680889,224.56770716370988
4506,SC,Coronel Freitas,9981,0,2944,,0,34,,1.154891304347826,29496.042480713357,340.64722973649936
4507,SC,Coronel Martins,2549,0,621,,0,3,,0.4830917874396135,24362.495096116123,117.69321302471559
4508,SC,Correia Pinto,12795,0,3859,,0,67,,1.7362010883648613,30160.21883548261,523.642047674873
4509,SC,Corupá,15909,0,3551,,0,44,,1.239087580963109,22320.698975422718,276.5730089886228
4510,SC,Criciúma,215186,3,57248,22.30628386605077,0,751,0.0,1.311836221352711,26603.961224243212,349.0003996542526
4511,SC,Cunha Porã,11086,0,1997,,0,30,,1.5022533800701052,18013.710986830236,270.6115821757171
4512,SC,Cunhataí,1962,0,412,,0,4,,0.9708737864077669,20998.980632008155,203.87359836901123
4513,SC,Curitibanos,39745,0,11440,,0,215,,1.8793706293706292,28783.49477921751,540.9485469870424
4514,SC,Descanso,8250,0,1725,,0,21,,1.2173913043478262,20909.090909090908,254.54545454545456
4515,SC,Dionísio Cerqueira,15498,0,3662,,0,59,,1.6111414527580556,23628.855336172408,380.6942831333075
4516,SC,Dona Emma,4146,0,1194,,0,8,,0.6700167504187605,28798.842257597684,192.9570670525808
4517,SC,Doutor Pedrinho,4064,0,607,,0,7,,1.1532125205930808,14936.023622047245,172.24409448818898
4518,SC,Entre Rios,3203,0,1277,,0,11,,0.8613938919342208,39868.872931626596,343.4280362160474
4519,SC,Ermo,2063,0,560,,0,7,,1.25,27144.934561318467,339.31168201648086
4520,SC,Erval Velho,4412,0,1625,,0,14,,0.8615384615384615,36831.368993653676,317.3164097914778
4521,SC,Faxinal dos Guedes,10667,0,3782,,0,48,,1.269169751454257,35455.14202681166,449.98593793943934
4522,SC,Flor do Sertão,1582,0,353,,0,0,,0.0,22313.527180783818,0.0
4523,SC,Florianópolis,500973,8,175668,18.96309781165851,0,1393,0.7984462236487795,0.7929731083635039,35065.362803983444,278.05889738568743
4524,SC,Formosa do Sul,2510,0,861,,0,10,,1.1614401858304297,34302.788844621515,398.40637450199205
4525,SC,Forquilhinha,26793,0,8887,,0,65,,0.7314054236525261,33169.1113350502,242.60067928190196
4526,SC,Fraiburgo,36443,0,8565,,0,135,,1.5761821366024518,23502.45589002003,370.44151140136654
4527,SC,Frei Rogério,2023,0,701,,0,11,,1.5691868758915835,34651.50766188829,543.7469105289174
4528,SC,Galvão,2873,0,945,,0,14,,1.4814814814814816,32892.44691959624,487.29550991994427
4529,SC,Garopaba,23078,0,8681,,0,59,,0.6796452021656492,37615.91125747465,255.65473611231477
4530,SC,Garuva,18145,0,4164,,0,43,,1.032660902977906,22948.470653072472,236.97988426563793
4531,SC,Gaspar,69639,5,18083,,0,227,,1.2553226787590555,25966.771492985252,325.9667714929853
4532,SC,Governador Celso Ramos,14471,0,5334,,0,34,,0.6374203224596925,36859.92675005183,234.9526639485868
4533,SC,Grão Pará,6569,0,2834,,0,15,,0.529287226534933,43142.03075049475,228.3452580301416
4534,SC,Gravatal,11501,0,3221,,0,55,,1.7075442409189692,28006.260325189112,478.21928527954094
4535,SC,Guabiruba,23832,0,5080,,0,58,,1.141732283464567,21315.87781134609,243.37025847599867
4536,SC,Guaraciaba,10090,0,2832,,0,39,,1.3771186440677965,28067.39345887017,386.5213082259663
4537,SC,Guaramirim,44819,1,11063,,0,113,,1.0214227605531954,24683.727883263797,252.12521475267187
4538,SC,Guarujá do Sul,5160,0,1088,,0,12,,1.1029411764705883,21085.271317829458,232.5581395348837
4539,SC,Guatambú,4704,0,1725,,0,22,,1.2753623188405796,36670.91836734694,467.687074829932
4540,SC,Herval d'Oeste,22606,-3,7829,,0,82,,1.0473879167198876,34632.398478280105,362.73555693178804
4541,SC,Ibiam,1957,0,526,,0,5,,0.9505703422053232,26877.874297393973,255.49310168625448
4542,SC,Ibicaré,3202,0,851,,0,9,,1.0575793184488838,26577.139287945036,281.0743285446596
4543,SC,Ibirama,18950,0,3570,,0,44,,1.2324929971988796,18839.05013192612,232.18997361477574
4544,SC,Içara,56421,-1,12161,,0,158,,1.2992352602582025,21554.031300402334,280.03757466191666
4545,SC,Ilhota,14184,0,3722,,0,42,,1.1284255776464267,26240.834743372816,296.1082910321489
4546,SC,Imaruí,10135,1,1210,,0,29,,2.396694214876033,11938.825851011346,286.1371484953133
4547,SC,Imbituba,44853,0,13133,,0,128,,0.9746440264981344,29280.092747419345,285.3766749158362
4548,SC,Imbuia,6197,0,1156,,0,11,,0.9515570934256056,18654.187510085525,177.50524447313217
4549,SC,Indaial,69425,4,19126,,-1,167,,0.873156959113249,27549.15376305366,240.54735325891252
4550,SC,Iomerê,2945,0,726,,0,12,,1.6528925619834711,24651.95246179966,407.47028862478777
4551,SC,Ipira,4446,0,603,,0,7,,1.1608623548922055,13562.753036437247,157.44489428699953
4552,SC,Iporã do Oeste,8996,0,965,,0,16,,1.6580310880829014,10726.989773232548,177.85682525566918
4553,SC,Ipuaçu,7514,0,1722,,0,18,,1.0452961672473868,22917.221187117382,239.55283470854403
4554,SC,Ipumirim,7593,0,1253,,0,13,,1.0375099760574622,16502.041353878572,171.21032529961806
4555,SC,Iraceminha,3976,0,869,,0,5,,0.5753739930955121,21856.136820925552,125.75452716297787
4556,SC,Irani,10419,0,2695,,0,23,,0.8534322820037107,25866.20596986275,220.7505518763797
4557,SC,Irati,1930,0,650,,0,8,,1.2307692307692308,33678.756476683935,414.5077720207254
4558,SC,Irineópolis,11222,0,1633,,0,18,,1.1022657685241886,14551.773302441632,160.39921582605598
4559,SC,Itá,6169,0,2623,,0,32,,1.2199771254288982,42519.04684713892,518.722645485492
4560,SC,Itaiópolis,21669,0,4738,,0,61,,1.287463064584213,21865.33757902995,281.5081452766625
4561,SC,Itajaí,219536,18,70234,251.894905619124,0,923,0.4555061584432621,1.3141783181934676,31992.019532104077,420.432184243131
4562,SC,Itapema,65312,0,25933,,0,296,,1.141402845794933,39706.33268005879,453.2092111709946
4563,SC,Itapiranga,16872,0,2755,,0,24,,0.8711433756805809,16328.828828828828,142.2475106685633
4564,SC,Itapoá,20576,0,6914,,0,86,,1.2438530517789992,33602.25505443235,417.9626749611197
4565,SC,Ituporanga,25086,0,6701,,0,85,,1.268467392926429,26712.110340428924,338.8344096308698
4566,SC,Jaborá,3936,0,1117,,0,14,,1.2533572068039391,28379.06504065041,355.6910569105691
4567,SC,Jacinto Machado,10416,0,3391,,0,43,,1.2680625184311412,32555.683563748076,412.826420890937
4568,SC,Jaguaruna,20024,0,5081,,0,73,,1.4367250541232042,25374.550539352775,364.56252497003595
4569,SC,Jaraguá do Sul,177697,9,67663,176.7052904663556,0,479,0.5627557021221518,0.7079201336032988,38077.739072691154,269.5599813165107
4570,SC,Jardinópolis,1570,0,793,,0,5,,0.6305170239596469,50509.55414012739,318.47133757961785
4571,SC,Joaçaba,30118,0,11892,,0,92,,0.7736293306424488,39484.6935387476,305.46517033003516
4572,SC,Joinville,590466,56,200493,114.147131248878,0,2395,2.201650899459071,1.1945554208875122,33955.04567578828,405.61183878495973
4573,SC,José Boiteux,4997,0,1057,,0,12,,1.1352885525070955,21152.691614968982,240.14408645187112
4574,SC,Jupiá,2101,0,396,,0,7,,1.7676767676767675,18848.167539267015,333.17467872441694
4575,SC,Lacerdópolis,2246,0,860,,0,5,,0.5813953488372093,38290.29385574355,222.6179875333927
4576,SC,Lages,157544,0,44199,15.86858274513787,0,625,0.0,1.4140591416095387,28055.01955009394,396.71456862844667
4577,SC,Laguna,45814,0,11666,,0,200,,1.7143836790673752,25463.832016414195,436.5477801545379
4578,SC,Lajeado Grande,1427,0,700,,0,7,,1.0,49053.95935529082,490.53959355290823
4579,SC,Laurentino,6970,0,2140,,0,12,,0.5607476635514018,30703.012912482063,172.1664275466284
4580,SC,Lauro Müller,15244,0,3603,,0,63,,1.7485428809325563,23635.528732616112,413.2773550249279
4581,SC,Lebon Régis,12107,0,1885,,0,72,,3.819628647214854,15569.505244899645,594.6972825638061
4582,SC,Leoberto Leal,3041,0,860,,0,2,,0.23255813953488372,28280.17099638277,65.76783952647156
4583,SC,Lindóia do Sul,4563,0,1297,,0,13,,1.002313030069391,28424.282270436117,284.90028490028493
4584,SC,Lontras,12130,0,2169,,0,28,,1.2909174734900875,17881.28606760099,230.83264633140973
4585,SC,Luiz Alves,12859,0,3321,,0,18,,0.5420054200542005,25826.269538844386,139.97978069834357
4586,SC,Luzerna,5685,1,1993,,0,17,,0.8529854490717512,35057.16798592788,299.0325417766051
4587,SC,Macieira,1775,0,581,,0,6,,1.0327022375215147,32732.394366197183,338.02816901408454
4588,SC,Mafra,56292,0,11508,,0,157,,1.3642683350712548,20443.402259646133,278.90286363959353
4589,SC,Major Gercino,3442,0,781,,0,8,,1.0243277848911652,22690.296339337594,232.4230098779779
4590,SC,Major Vieira,8103,0,753,,0,8,,1.0624169986719787,9292.85449833395,98.72886585215353
4591,SC,Maracajá,7293,0,2307,,0,26,,1.1270047680970958,31633.0728095434,356.50623885918003
4592,SC,Maravilha,25762,0,9062,,0,81,,0.8938424188920768,35175.840385063275,314.41658256346557
4593,SC,Marema,1797,0,576,,0,13,,2.256944444444444,32053.422370617696,723.4279354479688
4594,SC,Massaranduba,16916,0,5541,,0,24,,0.4331348132106118,32755.970678647434,141.87751241428234
4595,SC,Matos Costa,2520,0,518,,0,4,,0.7722007722007722,20555.555555555555,158.73015873015873
4596,SC,Meleiro,7015,0,2105,,0,26,,1.2351543942992875,30007.12758374911,370.6343549536707
4597,SC,Mirim Doce,2309,0,551,,0,11,,1.9963702359346642,23863.14421827631,476.3967085318319
4598,SC,Modelo,4209,0,881,,0,12,,1.362088535754824,20931.337609883583,285.1033499643621
4599,SC,Mondaí,11742,0,1646,,0,12,,0.7290400972053462,14018.054845852495,102.1972406745018
4600,SC,Monte Carlo,9866,0,1758,,0,48,,2.7303754266211606,17818.771538617475,486.51935941617677
4601,SC,Monte Castelo,8275,0,2149,,0,27,,1.2563983248022337,25969.78851963746,326.28398791540786
4602,SC,Morro da Fumaça,17796,0,5971,,0,51,,0.8541282867191425,33552.48370420319,286.5812542144302
4603,SC,Morro Grande,2893,0,1192,,0,9,,0.7550335570469799,41202.90356031801,311.09574835810577
4604,SC,Navegantes,81475,4,18831,,0,251,,1.3329085019382931,23112.611230438783,308.06996011046334
4605,SC,Nova Erechim,5019,0,954,,0,12,,1.257861635220126,19007.77047220562,239.0914524805738
4606,SC,Nova Itaberaba,4331,0,932,,0,8,,0.8583690987124464,21519.27961209882,184.71484645578388
4607,SC,Nova Trento,14549,0,3815,,0,26,,0.6815203145478375,26221.73345247096,178.70644030517562
4608,SC,Nova Veneza,15166,0,4399,,0,37,,0.8411002500568312,29005.670578926547,243.96676777001187
4609,SC,Novo Horizonte,2442,0,760,,0,2,,0.2631578947368421,31122.031122031123,81.9000819000819
4610,SC,Orleans,22912,1,8864,,0,100,,1.128158844765343,38687.150837988826,436.4525139664804
4611,SC,Otacílio Costa,18744,0,6741,,0,75,,1.1125945705384956,35963.50832266325,400.1280409731114
4612,SC,Ouro,7295,0,2775,,0,23,,0.8288288288288289,38039.753255654556,315.28444139821795
4613,SC,Ouro Verde,2217,0,879,,0,13,,1.4789533560864618,39648.17320703653,586.3779882724402
4614,SC,Paial,1505,0,533,,0,4,,0.7504690431519699,35415.28239202657,265.78073089700996
4615,SC,Painel,2359,0,371,,0,6,,1.6172506738544474,15727.002967359049,254.34506146672322
4616,SC,Palhoça,171797,7,47079,62.28281052637706,0,439,2.91041170684005,0.9324752012574609,27403.85454926454,255.53414786055637
4617,SC,Palma Sola,7423,0,2299,,0,19,,0.8264462809917356,30971.305402128517,255.96120167048366
4618,SC,Palmeira,2627,0,785,,0,6,,0.7643312101910829,29881.994670727065,228.39741149600306
4619,SC,Palmitos,16169,0,3992,,0,76,,1.903807615230461,24689.220112561074,470.0352526439483
4620,SC,Papanduva,19320,0,3448,,0,58,,1.6821345707656612,17846.790890269152,300.2070393374741
4621,SC,Paraíso,3437,0,394,,0,10,,2.5380710659898478,11463.48559790515,290.9514111143439
4622,SC,Passo de Torres,8823,0,3236,,0,35,,1.0815822002472189,36676.86727870339,396.69046809475236
4623,SC,Passos Maia,4147,0,1028,,0,13,,1.264591439688716,24789.004099348927,313.4796238244514
4624,SC,Paulo Lopes,7494,0,2576,,0,18,,0.6987577639751553,34374.16599946624,240.19215372297836
4625,SC,Pedras Grandes,3976,0,1283,,0,24,,1.8706157443491818,32268.61167002012,603.6217303822938
4626,SC,Penha,32531,0,10110,,0,124,,1.2265084075173096,31078.048630537025,381.1748793458547
4627,SC,Peritiba,2787,0,568,,0,6,,1.056338028169014,20380.337280229636,215.28525296017222
4628,SC,Pescaria Brava,10091,0,2450,,0,31,,1.2653061224489797,24279.060549004065,307.20443959964325
4629,SC,Petrolândia,5937,0,1495,,0,30,,2.0066889632107023,25181.06787940037,505.3057099545225
4630,SC,Pinhalzinho,20313,2,7245,,0,43,,0.5935127674258108,35666.814355338945,211.6870969329986
4631,SC,Pinheiro Preto,3555,1,876,,0,10,,1.141552511415525,24641.350210970464,281.29395218002816
4632,SC,Piratuba,3854,0,805,,0,12,,1.4906832298136645,20887.38972496108,311.36481577581736
4633,SC,Planalto Alegre,2870,3,1003,,0,15,,1.4955134596211366,34947.73519163763,522.6480836236934
4634,SC,Pomerode,33447,0,11097,,0,88,,0.7930071190411824,33177.8634855144,263.1028193858941
4635,SC,Ponte Alta,4682,0,1079,,0,15,,1.3901760889712698,23045.706962836397,320.37590773173855
4636,SC,Ponte Alta do Norte,3414,0,461,,0,9,,1.9522776572668112,13503.222026947862,263.62038664323376
4637,SC,Ponte Serrada,11593,0,2801,,0,64,,2.284898250624777,24161.131717415683,552.057275942379
4638,SC,Porto Belo,21388,0,4064,,0,77,,1.894685039370079,19001.30914531513,360.01496166074435
4639,SC,Porto União,35398,0,8561,,0,105,,1.2264922322158627,24184.982202384315,296.6269280750325
4640,SC,Pouso Redondo,17453,0,2901,,0,47,,1.6201309893140294,16621.784220477857,269.29467713287113
4641,SC,Praia Grande,7319,0,2257,,0,18,,0.7975188303057155,30837.546112856944,245.93523705424238
4642,SC,Presidente Castello Branco,1568,0,655,,0,5,,0.7633587786259541,41772.95918367347,318.8775510204082
4643,SC,Presidente Getúlio,17471,0,2483,,0,42,,1.6915022150624244,14212.12294659722,240.39837444908707
4644,SC,Presidente Nereu,2287,0,340,,0,4,,1.1764705882352942,14866.637516397028,174.901617839965
4645,SC,Princesa,2924,0,920,,0,13,,1.4130434782608696,31463.748290013682,444.5964432284542
4646,SC,Quilombo,9887,0,3027,,0,45,,1.4866204162537164,30615.960351977345,455.14311722463844
4647,SC,Rancho Queimado,2878,0,915,,0,5,,0.546448087431694,31792.91174426685,173.73175816539265
4648,SC,Rio das Antas,6205,0,2196,,0,23,,1.0473588342440803,35390.81385979049,370.66881547139405
4649,SC,Rio do Campo,5940,0,1184,,0,12,,1.0135135135135136,19932.65993265993,202.02020202020202
4650,SC,Rio do Oeste,7489,0,981,,0,22,,2.2426095820591234,13099.212177860863,293.7641874749633
4651,SC,Rio do Sul,71061,0,16976,,0,166,,0.9778510838831291,23889.334515416333,233.60211649146507
4652,SC,Rio dos Cedros,11676,0,1491,,0,34,,2.2803487592219986,12769.784172661872,291.1956149366221
4653,SC,Rio Fortuna,4611,0,889,,0,11,,1.2373453318335208,19279.98265018434,238.55996530036867
4654,SC,Rio Negrinho,42302,0,10184,,0,140,,1.3747054202670856,24074.51184341166,330.95361921422153
4655,SC,Rio Rufino,2483,0,354,,0,8,,2.2598870056497176,14256.947241240436,322.1908981071285
4656,SC,Riqueza,4598,0,1104,,0,20,,1.8115942028985508,24010.439321444104,434.97172683775557
4657,SC,Rodeio,11551,1,3305,,1,39,,1.1800302571860817,28612.241364384034,337.6331053588434
4658,SC,Romelândia,4786,0,603,,0,9,,1.4925373134328357,12599.247806101128,188.0484747179273
4659,SC,Salete,7642,0,1573,,0,9,,0.5721551176096631,20583.616854226642,117.77021722062287
4660,SC,Saltinho,3781,0,593,,0,10,,1.6863406408094435,15683.681565723353,264.48029621793177
4661,SC,Salto Veloso,4718,0,1593,,0,8,,0.5021971123666039,33764.306909707506,169.5633743111488
4662,SC,Sangão,12678,0,2718,,0,17,,0.6254598969830758,21438.712730714622,134.09055056002526
4663,SC,Santa Cecília,16830,0,3366,,0,38,,1.1289364230540702,20000.0,225.78728461081403
4664,SC,Santa Helena,2223,0,246,,0,4,,1.6260162601626018,11066.12685560054,179.9370220422852
4665,SC,Santa Rosa de Lima,2142,0,708,,0,5,,0.7062146892655368,33053.22128851541,233.4267040149393
4666,SC,Santa Rosa do Sul,8358,0,2403,,0,31,,1.2900540990428633,28750.89734386217,370.90212969609956
4667,SC,Santa Terezinha,8787,0,1183,,0,9,,0.760777683854607,13463.070444975534,102.42403550699898
4668,SC,Santa Terezinha do Progresso,2428,0,460,,0,5,,1.0869565217391304,18945.634266886325,205.9308072487644
4669,SC,Santiago do Sul,1260,0,242,,0,2,,0.8264462809917356,19206.34920634921,158.73015873015873
4670,SC,Santo Amaro da Imperatriz,23245,0,6511,,0,93,,1.4283520196590385,28010.324801032482,400.086040008604
4671,SC,São Bento do Sul,84507,0,17667,,0,230,,1.301862229014547,20905.960452980227,272.16680275006803
4672,SC,São Bernardino,2336,0,518,,0,4,,0.7722007722007722,22174.657534246577,171.23287671232876
4673,SC,São Bonifácio,2838,0,1069,,0,7,,0.6548175865294669,37667.37138830162,246.65257223396756
4674,SC,São Carlos,11281,0,1549,,0,25,,1.6139444803098775,13731.052211683362,221.61155925893095
4675,SC,São Cristóvão do Sul,5549,0,345,,0,18,,5.217391304347826,6217.3364570192825,324.3827716705713
4676,SC,São Domingos,9445,0,1551,,0,25,,1.6118633139909737,16421.38697723663,264.69031233456855
4677,SC,São Francisco do Sul,52721,0,11999,,0,217,,1.8084840403366949,22759.431725498376,411.60069042696455
4678,SC,São João Batista,37424,0,9143,,0,115,,1.2577928469867659,24430.84651560496,307.2894399315947
4679,SC,São João do Itaperiú,3733,0,1302,,0,16,,1.228878648233487,34878.114117331905,428.6096972944013
4680,SC,São João do Oeste,6381,0,914,,0,9,,0.9846827133479212,14323.77370318132,141.04372355430183
4681,SC,São João do Sul,7297,0,2072,,0,21,,1.0135135135135136,28395.23091681513,287.7895025352885
4682,SC,São Joaquim,26952,0,8775,,0,99,,1.1282051282051282,32557.880676758683,367.31967943009795
4683,SC,São José,246586,4,60004,19.46582531043936,0,697,0.4055380273008201,1.161589227384841,24333.903790158405,282.6600050286715
4684,SC,São José do Cedro,13829,0,3209,,0,30,,0.9348706762231225,23204.859353532433,216.93542555499312
4685,SC,São José do Cerrito,8295,0,1760,,0,17,,0.9659090909090908,21217.60096443641,204.94273658830622
4686,SC,São Lourenço do Oeste,24076,1,7085,,0,76,,1.0726887791107975,29427.645788336933,315.66705432796147
4687,SC,São Ludgero,13410,0,5071,,0,40,,0.7887990534411358,37815.06338553318,298.2848620432513
4688,SC,São Martinho,3180,0,938,,0,15,,1.5991471215351813,29496.85534591195,471.6981132075471
4689,SC,São Miguel da Boa Vista,1820,0,477,,0,8,,1.6771488469601679,26208.791208791212,439.56043956043953
4690,SC,São Miguel do Oeste,40482,128,11299,,0,88,,0.7788299849544208,27911.17039671953,217.38056420137343
4691,SC,São Pedro de Alcântara,5823,0,1385,,0,18,,1.2996389891696751,23784.99055469689,309.1190108191654
4692,SC,Saudades,9745,0,2561,,0,19,,0.741897696212417,26280.143663417137,194.97178040020523
4693,SC,Schroeder,21365,1,7955,,0,45,,0.5656819610307983,37233.79358764334,210.62485373274046
4694,SC,Seara,17541,0,5579,,0,42,,0.7528230865746549,31805.484293939913,239.43902856165553
4695,SC,Serra Alta,3263,0,557,,0,6,,1.0771992818671454,17070.180815200736,183.87986515476555
4696,SC,Siderópolis,14007,0,2400,,0,51,,2.125,17134.289997858214,364.10366245448705
4697,SC,Sombrio,30374,2,7289,,0,91,,1.248456578405817,23997.497860011852,299.59834068611315
4698,SC,Sul Brasil,2461,0,843,,0,7,,0.8303677342823249,34254.368143031286,284.43722064201546
4699,SC,Taió,18395,0,4373,,0,31,,0.7088954950834667,23772.764338135363,168.5240554498505
4700,SC,Tangará,8676,0,2699,,0,38,,1.4079288625416821,31108.805901337022,437.989857076994
4701,SC,Tigrinhos,1633,0,621,,0,2,,0.322061191626409,38028.16901408451,122.4739742804654
4702,SC,Tijucas,38407,1,11952,,0,105,,0.8785140562248996,31119.327205978076,273.3876637071367
4703,SC,Timbé do Sul,5348,0,1640,,0,19,,1.1585365853658536,30665.66940912491,355.2729992520568
4704,SC,Timbó,44238,2,14100,,0,110,,0.7801418439716312,31873.050318730508,248.65500248655005
4705,SC,Timbó Grande,7877,0,1293,,0,19,,1.4694508894044858,16414.8787609496,241.20858194744193
4706,SC,Três Barras,19275,0,4408,,0,81,,1.8375680580762248,22869.00129701686,420.23346303501944
4707,SC,Treviso,3929,0,1463,,0,13,,0.888585099111415,37235.93789768389,330.8729956731993
4708,SC,Treze de Maio,7081,0,1869,,0,21,,1.1235955056179776,26394.577037141647,296.5682813161983
4709,SC,Treze Tílias,7840,0,1878,,0,18,,0.9584664536741214,23954.081632653062,229.59183673469389
4710,SC,Trombudo Central,7360,0,2120,,0,29,,1.3679245283018868,28804.347826086956,394.02173913043475
4711,SC,Tubarão,105686,4,35113,79.48072592396343,0,588,0.0,1.6745934554153734,33223.88963533486,556.3650814677441
4712,SC,Tunápolis,4543,0,1827,,0,13,,0.7115489874110563,40215.71648690292,286.154523442659
4713,SC,Turvo,12899,0,3527,,0,38,,1.0774028919761838,27343.20489960462,294.59648034731373
4714,SC,União do Oeste,2464,0,751,,0,12,,1.5978695073235687,30478.896103896102,487.012987012987
4715,SC,Urubici,11235,0,821,,0,28,,3.41047503045067,7307.521139296841,249.22118380062307
4716,SC,Urupema,2465,0,529,,0,5,,0.945179584120983,21460.446247464504,202.83975659229208
4717,SC,Urussanga,21268,0,5933,,0,77,,1.2978257205460981,27896.37013353395,362.0462666917434
4718,SC,Vargeão,3573,0,390,,0,11,,2.8205128205128207,10915.1973131822,307.8645396025749
4719,SC,Vargem,2477,0,1011,,0,5,,0.4945598417408506,40815.50262414211,201.85708518368995
4720,SC,Vargem Bonita,4492,0,1555,,0,11,,0.707395498392283,34617.09706144257,244.87978628673196
4721,SC,Vidal Ramos,6338,0,1502,,0,13,,0.8655126498002662,23698.327548122437,205.11202272010098
4722,SC,Videira,53065,0,20221,,0,146,,0.7220216606498195,38106.09629699425,275.13426929237727
4723,SC,Vitor Meireles,4979,0,1039,,0,14,,1.3474494706448508,20867.644105242016,281.180960032135
4724,SC,Witmarsum,3965,0,687,,0,5,,0.727802037845706,17326.607818411096,126.10340479192938
4725,SC,Xanxerê,50982,16,15035,,0,207,,1.3767874958430328,29490.800674747952,406.02565611392254
4726,SC,Xavantina,3933,0,861,,0,5,,0.5807200929152149,21891.68573607933,127.12941774726673
4727,SC,Xaxim,28706,0,9191,,0,132,,1.436187574801436,32017.69664878423,459.8341810074549
4728,SC,Zortéa,3363,0,1461,,0,14,,0.9582477754962354,43443.35414808207,416.2949747249479
4729,SE,,0,0,0,,0,0,,,,
4730,SE,Amparo de São Francisco,2374,0,266,,0,6,,2.2556390977443606,11204.717775905645,252.7379949452401
4731,SE,Aquidabã,21563,0,2714,,0,47,,1.7317612380250553,12586.374808700088,217.96596020961832
4732,SE,Aracaju,657013,9,176391,63.62126776791327,0,2670,2.130855858255468,1.513682670884569,26847.413978110024,406.3846529672929
4733,SE,Arauá,10056,0,1471,,0,23,,1.563562202583277,14628.082736674622,228.7191726332538
4734,SE,Areia Branca,18542,0,2548,,0,50,,1.9623233908948194,13741.775428756337,269.65807356272245
4735,SE,Barra dos Coqueiros,30407,0,9279,,0,112,,1.2070266192477637,30515.999605354034,368.33623836616573
4736,SE,Boquim,26816,0,4139,,0,79,,1.9086735926552307,15434.815035799524,294.6002386634845
4737,SE,Brejo Grande,8309,0,703,,0,13,,1.849217638691323,8460.705259357323,156.45685401372006
4738,SE,Campo do Brito,18109,0,2895,,0,30,,1.0362694300518136,15986.526036777293,165.66348224639682
4739,SE,Canhoba,4008,0,409,,0,7,,1.7114914425427872,10204.590818363275,174.65069860279442
4740,SE,Canindé de São Francisco,29900,0,3551,,0,51,,1.4362151506617853,11876.254180602007,170.5685618729097
4741,SE,Capela,34213,0,3352,,0,48,,1.431980906921241,9797.445415485343,140.29754771578055
4742,SE,Carira,22082,0,2678,,0,53,,1.9790888722927558,12127.524680735442,240.01449144099266
4743,SE,Carmópolis,16634,0,1427,,0,43,,3.0133146461107216,8578.814476373691,258.50667307923527
4744,SE,Cedro de São João,5897,0,1288,,0,22,,1.7080745341614907,21841.614380193318,373.07105307783615
4745,SE,Cristinápolis,17874,0,1093,,0,32,,2.92772186642269,6115.02741412107,179.03099474096453
4746,SE,Cumbe,3987,0,394,,0,4,,1.015228426395939,9882.116879859544,100.32605969400551
4747,SE,Divina Pastora,5138,0,1049,,0,12,,1.1439466158245948,20416.50447644998,233.55391202802647
4748,SE,Estância,69184,2,9935,,0,187,,1.8822345244086565,14360.256706753005,270.2937095282146
4749,SE,Feira Nova,5584,0,289,,0,7,,2.422145328719723,5175.501432664756,125.35816618911176
4750,SE,Frei Paulo,15421,0,2301,,0,36,,1.564537157757497,14921.211335192269,233.4478957266066
4751,SE,Gararu,11604,0,821,,0,19,,2.3142509135200973,7075.146501206481,163.73664253705618
4752,SE,General Maynard,3346,0,484,,0,10,,2.066115702479339,14465.032875074716,298.8643156007173
4753,SE,Gracho Cardoso,5818,0,672,,0,7,,1.0416666666666665,11550.36094877965,120.31625988312133
4754,SE,Ilha das Flores,8520,0,508,,0,22,,4.330708661417323,5962.441314553991,258.21596244131456
4755,SE,Indiaroba,17957,0,893,,0,32,,3.5834266517357225,4972.991034137105,178.20348610569695
4756,SE,Itabaiana,95427,0,16620,,0,265,,1.5944645006016847,17416.454462573485,277.69918366919217
4757,SE,Itabaianinha,41928,0,3901,,0,77,,1.9738528582414765,9304.045029574509,183.64815874833047
4758,SE,Itabi,4903,0,379,,0,3,,0.79155672823219,7729.961248215378,61.18702834998981
4759,SE,Itaporanga d'Ajuda,34356,0,4050,,0,78,,1.925925925925926,11788.33391547328,227.03457911281873
4760,SE,Japaratuba,18743,0,2050,,0,60,,2.9268292682926833,10937.416635543937,320.11951128421276
4761,SE,Japoatã,13434,0,779,,0,28,,3.594351732991014,5798.719666517791,208.426380824773
4762,SE,Lagarto,104408,0,10226,9.577810129491992,0,250,0.0,2.4447486798357128,9794.26863841851,239.44525323729982
4763,SE,Laranjeiras,29826,0,2589,,0,64,,2.4719969100038623,8680.34600683967,214.5778850667203
4764,SE,Macambira,6919,0,946,,0,8,,0.8456659619450317,13672.496025437204,115.62364503540975
4765,SE,Malhada dos Bois,3682,0,392,,0,8,,2.0408163265306123,10646.38783269962,217.27322107550242
4766,SE,Malhador,12618,0,1372,,0,32,,2.3323615160349855,10873.35552385481,253.6059597400539
4767,SE,Maruim,17213,0,1228,,0,44,,3.5830618892508146,7134.142799047231,255.6207517573927
4768,SE,Moita Bonita,11335,0,1481,,0,15,,1.012829169480081,13065.725628584032,132.33348037053375
4769,SE,Monte Alegre de Sergipe,15031,0,1161,,0,16,,1.3781223083548666,7724.036990220212,106.44667686780652
4770,SE,Muribeca,7625,0,685,,0,17,,2.4817518248175183,8983.60655737705,222.95081967213113
4771,SE,Neópolis,18719,0,2038,,0,45,,2.2080471050049066,10887.333725092152,240.39745712912014
4772,SE,Nossa Senhora Aparecida,8796,0,1103,,0,19,,1.7225747960108795,12539.790814006366,216.0072760345612
4773,SE,Nossa Senhora da Glória,36924,0,3218,,0,83,,2.579241765071473,8715.198786697,224.78604701549128
4774,SE,Nossa Senhora das Dores,26629,0,2742,,0,55,,2.0058351568198396,10297.044575462842,206.54174020804388
4775,SE,Nossa Senhora de Lourdes,6483,0,554,,0,14,,2.527075812274368,8545.426500077125,215.94940613913315
4776,SE,Nossa Senhora do Socorro,183628,0,22527,11.98074367743481,0,613,0.0,2.721179029608914,12267.736946435185,333.82708519397914
4777,SE,Pacatuba,14428,0,1109,,0,27,,2.4346257889990985,7686.443027446632,187.13612420293873
4778,SE,Pedra Mole,3261,0,382,,0,8,,2.094240837696335,11714.198098742718,245.32352039251765
4779,SE,Pedrinhas,9602,0,727,,0,19,,2.613480055020633,7571.339304311601,197.87544261612163
4780,SE,Pinhão,6576,0,511,,0,20,,3.9138943248532287,7770.681265206812,304.1362530413625
4781,SE,Pirambu,9280,2,997,,0,28,,2.8084252758274824,10743.534482758621,301.7241379310345
4782,SE,Poço Redondo,34775,0,1472,,0,37,,2.5135869565217392,4232.925952552121,106.39827462257368
4783,SE,Poço Verde,23728,0,2803,,0,58,,2.0692115590438815,11813.047875927174,244.4369521240728
4784,SE,Porto da Folha,28596,0,1788,,0,41,,2.2930648769574944,6252.622744439781,143.37669604140441
4785,SE,Propriá,29626,0,4381,,0,89,,2.031499657612417,14787.68649159522,300.4118004455546
4786,SE,Riachão do Dantas,19805,0,1655,,0,37,,2.2356495468277946,8356.475637465286,186.82150971976773
4787,SE,Riachuelo,10213,0,887,,0,19,,2.142051860202931,8685.009301870165,186.0374033095075
4788,SE,Ribeirópolis,18652,0,2202,,0,37,,1.6802906448683013,11805.704482093073,198.37014797340768
4789,SE,Rosário do Catete,10855,0,1298,,0,22,,1.694915254237288,11957.623215108246,202.67157991708888
4790,SE,Salgado,19998,0,2278,,0,48,,2.1071115013169446,11391.139113911391,240.02400240024005
4791,SE,Santa Luzia do Itanhy,14035,0,1242,,0,16,,1.288244766505636,8849.305308158177,114.00071250445315
4792,SE,Santa Rosa de Lima,3913,0,452,,0,9,,1.991150442477876,11551.239458216201,230.0025555839509
4793,SE,Santana do São Francisco,7780,0,825,,0,15,,1.8181818181818181,10604.113110539845,192.80205655526993
4794,SE,Santo Amaro das Brotas,12102,0,851,,0,20,,2.3501762632197414,7031.895554453809,165.26194017517764
4795,SE,São Cristóvão,90072,1,13314,,0,262,,1.967853387411747,14781.508126831868,290.8784083844036
4796,SE,São Domingos,11137,0,1020,,0,32,,3.1372549019607843,9158.66032145102,287.3305198886594
4797,SE,São Francisco,3724,0,387,,0,13,,3.359173126614987,10392.05155746509,349.0870032223416
4798,SE,São Miguel do Aleixo,3930,0,502,,0,5,,0.9960159362549801,12773.5368956743,127.2264631043257
4799,SE,Simão Dias,40484,0,4420,,0,106,,2.398190045248869,10917.893488785694,261.83183479893296
4800,SE,Siriri,8893,0,1184,,0,13,,1.097972972972973,13313.84234791409,146.182390644327
4801,SE,Telha,3227,0,543,,0,11,,2.0257826887661143,16826.774093585373,340.8738766656337
4802,SE,Tobias Barreto,52191,1,5961,,0,110,,1.8453279651065257,11421.509455653273,210.764308022456
4803,SE,Tomar do Geru,13536,0,1454,,0,30,,2.063273727647868,10741.725768321512,221.63120567375887
4804,SE,Umbaúba,25294,0,2615,,0,44,,1.6826003824091778,10338.420178698505,173.95429746184865
4805,SP,,0,0,265,,0,0,,0.0,inf,
4806,SP,Adamantina,35068,1,12255,,0,196,,1.599347205222358,34946.38987110757,558.9141097296681
4807,SP,Adolfo,3562,0,1364,,0,28,,2.0527859237536656,38293.09376754632,786.0752386299831
4808,SP,Aguaí,36305,2,8364,,0,143,,1.7097082735533238,23038.149015287152,393.885139787908
4809,SP,Águas da Prata,8180,0,2385,,0,41,,1.7190775681341717,29156.479217603915,501.22249388753056
4810,SP,Águas de Lindóia,18705,0,5902,,0,69,,1.1690952219586581,31553.060678962847,368.88532477947075
4811,SP,Águas de Santa Bárbara,6075,0,626,,0,25,,3.993610223642172,10304.526748971193,411.522633744856
4812,SP,Águas de São Pedro,3451,0,489,,0,17,,3.476482617586912,14169.805853375834,492.61083743842363
4813,SP,Agudos,37214,0,9476,,0,124,,1.3085690164626425,25463.53522867738,333.20793249852204
4814,SP,Alambari,6025,0,1755,,0,13,,0.7407407407407408,29128.630705394193,215.76763485477179
4815,SP,Alfredo Marcondes,4166,0,327,,0,24,,7.339449541284404,7849.25588094095,576.0921747479597
4816,SP,Altair,4160,0,329,,0,18,,5.47112462006079,7908.653846153846,432.69230769230774
4817,SP,Altinópolis,16184,0,1253,,0,70,,5.58659217877095,7742.214532871973,432.52595155709344
4818,SP,Alto Alegre,4099,0,425,,0,30,,7.0588235294117645,10368.382532324957,731.8858258111734
4819,SP,Alumínio,18628,1,2286,,0,56,,2.4496937882764653,12271.848829718703,300.6227184882972
4820,SP,Álvares Florence,3679,0,663,,0,20,,3.0165912518853695,18021.201413427563,543.6259853220984
4821,SP,Álvares Machado,24915,0,4612,,0,97,,2.1032090199479616,18510.937186433875,389.32370058197876
4822,SP,Álvaro de Carvalho,5227,0,358,,0,9,,2.5139664804469275,6849.052994069256,172.18289649894777
4823,SP,Alvinlândia,3222,0,159,,0,11,,6.918238993710692,4934.823091247673,341.4028553693358
4824,SP,Americana,239597,1,29910,7.095247436320155,0,1059,0.8347349925082536,3.54062186559679,12483.46181296093,441.99217853312024
4825,SP,Américo Brasiliense,40504,2,8265,,0,116,,1.4035087719298245,20405.392060043454,286.3914675093818
4826,SP,Américo de Campos,5969,0,1299,,0,41,,3.1562740569668977,21762.439269559392,686.8822248282795
4827,SP,Amparo,72195,1,10684,,0,269,,2.517783601647323,14798.808781771591,372.6019807465891
4828,SP,Analândia,4995,0,874,,0,6,,0.6864988558352403,17497.497497497498,120.12012012012012
4829,SP,Andradina,57157,0,16531,,0,327,,1.9781017482305971,28922.09178228389,572.1084031702153
4830,SP,Angatuba,25228,0,6753,,0,101,,1.4956315711535613,26767.876962105598,400.34881877279213
4831,SP,Anhembi,6724,1,473,,0,16,,3.382663847780127,7034.503271861988,237.95359904818562
4832,SP,Anhumas,4115,0,416,,0,10,,2.403846153846154,10109.356014580802,243.0133657351154
4833,SP,Aparecida,36157,0,3017,,0,130,,4.3089161418627775,8344.165721713638,359.5431036866996
4834,SP,Aparecida d'Oeste,4196,0,2059,,0,29,,1.4084507042253522,49070.54337464252,691.1344137273594
4835,SP,Apiaí,24374,0,1815,,0,112,,6.1707988980716255,7446.45934192172,459.5060310166571
4836,SP,Araçariguama,22364,-1,3395,,0,81,,2.385861561119293,15180.647469146843,362.1892326954033
4837,SP,Araçatuba,197016,48,50110,95.93129492020952,0,1044,2.03029195598327,2.0834164837357814,25434.482478580423,529.9062005116335
4838,SP,Araçoiaba da Serra,34146,0,3327,,0,106,,3.186053501653141,9743.454577402917,310.43167574532885
4839,SP,Aramina,5620,0,397,,0,21,,5.289672544080604,7064.05693950178,373.66548042704625
4840,SP,Arandu,6357,0,670,,0,23,,3.4328358208955225,10539.562686801952,361.8058832782759
4841,SP,Arapeí,2469,0,277,,0,7,,2.527075812274368,11219.11705143783,283.51559335763466
4842,SP,Araraquara,236072,18,76688,451.5571520553052,0,714,4.235995797892168,0.9310452743584394,32485.00457487546,302.45009996950085
4843,SP,Araras,134236,0,20533,0.7449566435233469,0,473,0.7449566435233469,2.3036088248185846,15296.194761464882,352.3644923865431
4844,SP,Arco-Íris,1791,0,729,,0,10,,1.3717421124828533,40703.5175879397,558.3472920156337
4845,SP,Arealva,8560,0,2388,,0,33,,1.3819095477386936,27897.196261682246,385.5140186915888
4846,SP,Areias,3886,0,402,,0,7,,1.7412935323383085,10344.827586206897,180.13381369016986
4847,SP,Areiópolis,11129,0,2428,,0,33,,1.3591433278418452,21816.87483152125,296.52259861622787
4848,SP,Ariranha,9668,0,1033,,0,37,,3.581800580832527,10684.733140256516,382.7058336781134
4849,SP,Artur Nogueira,54408,2,9545,,0,168,,1.7600838135149293,17543.375974121453,308.77812086457874
4850,SP,Arujá,89824,0,12931,,0,368,,2.8458742556646817,14395.929818311364,409.69006056287856
4851,SP,Aspásia,1822,1,679,,0,13,,1.914580265095729,37266.73984632272,713.5016465422613
4852,SP,Assis,104386,1,27674,85.2604755426973,0,505,10.53781158392888,1.824817518248175,26511.21797942253,483.7813499894622
4853,SP,Atibaia,142761,0,13548,10.50707125895728,0,531,3.502357086319092,3.919397697077059,9489.986761090213,371.95032256708765
4854,SP,Auriflama,15189,0,2587,,0,92,,3.556242752222652,17032.062676937257,605.7014945026006
4855,SP,Avaí,5403,0,848,,0,14,,1.650943396226415,15694.98426799926,259.11530631130853
4856,SP,Avanhandava,13649,0,2001,,0,51,,2.548725637181409,14660.414682394316,373.6537475272914
4857,SP,Avaré,90655,0,15951,,0,338,,2.1189894050529747,17595.278804257898,372.84209365175667
4858,SP,Bady Bassitt,17502,0,5645,,0,106,,1.8777679362267492,32253.456747800254,605.645069134956
4859,SP,Balbinos,5735,0,840,,0,4,,0.4761904761904762,14646.904969485613,69.74716652136007
4860,SP,Bálsamo,9068,0,3373,,0,79,,2.3421286688407945,37196.73577415086,871.1954124393473
4861,SP,Bananal,10945,0,1170,,0,11,,0.9401709401709402,10689.81269986295,100.50251256281408
4862,SP,Barão de Antonina,3469,0,1133,,0,11,,0.9708737864077669,32660.70913808014,317.0942634765062
4863,SP,Barbosa,7402,0,993,,0,26,,2.6183282980866065,13415.293164009729,351.2564171845447
4864,SP,Bariri,35264,0,8811,,0,161,,1.8272613778231757,24985.821234119783,456.55626134301275
4865,SP,Barra Bonita,36126,0,5686,,0,131,,2.303904326415758,15739.356696008417,362.61971986934617
4866,SP,Barra do Chapéu,5724,0,469,,0,16,,3.411513859275053,8193.570929419986,279.5248078266946
4867,SP,Barra do Turvo,7659,0,919,,0,27,,2.9379760609358,11998.955477216346,352.5264394829612
4868,SP,Barretos,122098,26,34929,235.8760995266097,0,670,4.095071172336976,1.9181768730854019,28607.348195711642,548.7395370931547
4869,SP,Barrinha,32812,0,1788,,0,97,,5.425055928411633,5449.225892965987,295.6235523588931
4870,SP,Barueri,274182,10,52679,209.3499937997389,0,1291,1.82360621776776,2.4506919265741565,19213.150389157567,470.8551254276357
4871,SP,Bastos,20953,0,4163,,0,105,,2.522219553206822,19868.27661909989,501.1215577721567
4872,SP,Batatais,62508,0,7127,,0,214,,3.0026659183387117,11401.740577206117,342.3561784091636
4873,SP,Bauru,376818,42,97652,255.8264201816261,0,1539,1.592280623537093,1.5760045877196576,25914.89790827402,408.4199799372641
4874,SP,Bebedouro,77496,0,6257,,0,369,,5.897394917692185,8073.9651078765355,476.15360792815113
4875,SP,Bento de Abreu,2980,0,695,,0,6,,0.8633093525179856,23322.14765100671,201.34228187919464
4876,SP,Bernardino de Campos,11148,0,2076,,0,42,,2.023121387283237,18622.174381054898,376.7491926803014
4877,SP,Bertioga,63249,0,11950,,0,209,,1.7489539748953973,18893.579345127986,330.44000695663175
4878,SP,Bilac,8034,0,973,,0,27,,2.774922918807811,12111.028130445606,336.07169529499623
4879,SP,Birigui,123638,1,32615,74.41077985732542,0,668,0.0,2.0481373601103785,26379.430272246394,540.2869667901454
4880,SP,Biritiba Mirim,32598,0,1606,,0,122,,7.596513075965131,4926.682618565556,374.2560893306338
4881,SP,Boa Esperança do Sul,14923,0,2715,,0,33,,1.2154696132596685,18193.39274944716,221.13516049051802
4882,SP,Bocaina,12329,0,2591,,0,41,,1.5824006175221923,21015.491929596887,332.5492740692676
4883,SP,Bofete,11730,1,3063,,0,30,,0.9794319294809012,26112.53196930946,255.75447570332483
4884,SP,Boituva,60997,0,7146,,0,221,,3.0926392387349564,11715.33026214404,362.31290063445743
4885,SP,Bom Jesus dos Perdões,25448,0,2575,,0,61,,2.3689320388349517,10118.673373153097,239.704495441685
4886,SP,Bom Sucesso de Itararé,3954,0,787,,0,7,,0.8894536213468869,19903.89479008599,177.0359129994942
4887,SP,Borá,837,0,237,,0,2,,0.8438818565400843,28315.41218637993,238.94862604540023
4888,SP,Boracéia,4823,0,1081,,0,28,,2.590194264569843,22413.435620982793,580.5515239477504
4889,SP,Borborema,16046,0,5242,,0,64,,1.2209080503624572,32668.577838713696,398.8532967717812
4890,SP,Borebi,2653,0,315,,0,4,,1.2698412698412698,11873.350923482849,150.77271013946475
4891,SP,Botucatu,146497,42,61275,440.9646613923834,0,426,5.460862679781838,0.6952264381884945,41826.79508795402,290.7909376983829
4892,SP,Bragança Paulista,168668,3,51732,145.255768729101,0,663,0.5928806886902078,1.2816051960102064,30670.90378732184,393.0798966016079
4893,SP,Braúna,5686,0,639,,0,27,,4.225352112676056,11238.128737249384,474.8505100246218
4894,SP,Brejo Alegre,2865,0,949,,0,14,,1.4752370916754478,33123.9092495637,488.6561954624782
4895,SP,Brodowski,24939,2,5278,,0,90,,1.7051913603637743,21163.639279842817,360.8805485384338
4896,SP,Brotas,24403,0,8127,,0,77,,0.9474590869939706,33303.282383313526,315.5349752079662
4897,SP,Buri,19878,0,4940,,0,109,,2.2064777327935223,24851.594727839823,548.3449039138746
4898,SP,Buritama,17144,0,6387,,0,92,,1.4404258650383592,37255.016332244515,536.630891273915
4899,SP,Buritizal,4481,0,360,,0,10,,2.7777777777777777,8033.920999776835,223.16447221602323
4900,SP,Cabrália Paulista,4264,0,1404,,0,9,,0.641025641025641,32926.829268292684,211.06941838649158
4901,SP,Cabreúva,49707,1,8808,,0,163,,1.8505903723887374,17719.838252157642,327.9216206972861
4902,SP,Caçapava,94263,0,18123,,0,348,,1.9202118854494288,19225.995353426053,369.179847872442
4903,SP,Cachoeira Paulista,33327,0,6208,,0,78,,1.2564432989690721,18627.539232454164,234.04446844900534
4904,SP,Caconde,18985,0,3980,,0,47,,1.1809045226130652,20963.918883328945,247.5638662101659
4905,SP,Cafelândia,17767,0,942,,0,62,,6.581740976645436,5301.964315866494,348.96155794450385
4906,SP,Caiabu,4191,0,340,,0,9,,2.6470588235294117,8112.622285850632,214.74588403722262
4907,SP,Caieiras,101470,175,14940,346.900561742387,0,375,0.9855129594954174,2.5100401606425704,14723.563614861534,369.5673598107815
4908,SP,Caiuá,5874,0,538,,0,12,,2.2304832713754648,9159.00578821927,204.29009193054137
4909,SP,Cajamar,76801,0,5709,,0,276,,4.834471886495008,7433.496959675004,359.37032069894923
4910,SP,Cajati,28549,0,7339,,0,119,,1.6214743153018123,25706.679743598725,416.82720935934714
4911,SP,Cajobi,10542,0,2433,,0,39,,1.6029593094944512,23079.112122936822,369.9487763232783
4912,SP,Cajuru,26167,0,2192,,0,91,,4.151459854014599,8376.963350785341,347.7662704933695
4913,SP,Campina do Monte Alegre,6024,0,648,,0,29,,4.4753086419753085,10756.972111553785,481.4077025232404
4914,SP,Campinas,1204073,38,238325,245.9153224098538,0,5696,3.488160601558211,2.390013636840449,19793.23512777049,473.0610187256088
4915,SP,Campo Limpo Paulista,84650,0,11289,,0,322,,2.852334130569581,13336.089781453042,380.38984051978736
4916,SP,Campos do Jordão,52088,1,13987,,0,171,,1.2225638092514477,26852.634003993244,328.29058516356935
4917,SP,Campos Novos Paulista,4965,0,327,,0,14,,4.281345565749235,6586.1027190332325,281.97381671701913
4918,SP,Cananéia,12540,0,2654,,0,39,,1.46948003014318,21164.274322169058,311.00478468899524
4919,SP,Canas,5138,0,245,,0,9,,3.6734693877551026,4768.392370572207,175.16543402101985
4920,SP,Cândido Mota,31280,2,8439,,0,190,,2.2514515937907333,26978.900255754474,607.4168797953964
4921,SP,Cândido Rodrigues,2793,0,160,,0,8,,5.0,5728.607232366631,286.4303616183316
4922,SP,Canitar,5216,0,1670,,0,30,,1.7964071856287425,32016.871165644174,575.1533742331288
4923,SP,Capão Bonito,47138,0,11090,,0,183,,1.6501352569882777,23526.666383809243,388.22181679324535
4924,SP,Capela do Alto,20706,0,1752,,0,56,,3.1963470319634704,8461.315560707042,270.4530087897228
4925,SP,Capivari,55768,0,5969,,0,189,,3.16635952420841,10703.270692870463,338.9040309855114
4926,SP,Caraguatatuba,121532,2,39946,47.72405621564691,0,561,1.645657110884376,1.4043959345115906,32868.70947569365,461.60681960306755
4927,SP,Carapicuíba,400927,0,48359,54.62341024675315,0,1315,-0.2494219645970464,2.719245641969437,12061.796785948563,327.98988344511594
4928,SP,Cardoso,12326,0,4151,,0,73,,1.7586123825584197,33676.780788576994,592.24403699497
4929,SP,Casa Branca,30380,1,7098,,0,136,,1.9160326852634544,23364.05529953917,447.6629361421988
4930,SP,Cássia dos Coqueiros,2523,0,260,,0,4,,1.5384615384615385,10305.192231470472,158.54141894569958
4931,SP,Castilho,21006,0,4836,,0,103,,2.129859387923904,23021.993716081117,490.33609444920495
4932,SP,Catanduva,121862,0,42047,393.0675682329191,0,769,5.744202458518652,1.8289057483292508,34503.78296761911,631.0416700858348
4933,SP,Catiguá,7804,0,935,,0,45,,4.81283422459893,11981.035366478729,576.6273705791901
4934,SP,Cedral,9237,3,4307,,0,41,,0.9519387044346412,46627.69297390928,443.86705640359423
4935,SP,Cerqueira César,19985,0,4217,,0,64,,1.517666587621532,21100.82561921441,320.24018013510135
4936,SP,Cerquilho,48949,0,16697,,0,182,,1.0900161705695635,34111.01350385095,371.8155631371427
4937,SP,Cesário Lange,18148,0,4804,,0,98,,2.0399666944213157,26471.236499889794,540.0044081992506
4938,SP,Charqueada,17190,0,4420,,0,57,,1.2895927601809953,25712.62361838278,331.5881326352531
4939,SP,Chavantes,12418,0,2829,,0,64,,2.2622834924001416,22781.446287646962,515.3808986954422
4940,SP,Clementina,8617,0,981,,0,25,,2.54841997961264,11384.472554253221,290.12417314610656
4941,SP,Colina,18468,0,2631,,0,75,,2.8506271379703536,14246.263807667317,406.1078622482131
4942,SP,Colômbia,6210,0,1461,,0,24,,1.642710472279261,23526.57004830918,386.47342995169083
4943,SP,Conchal,28050,1,5273,,0,98,,1.8585245590745307,18798.573975044565,349.37611408199643
4944,SP,Conchas,17896,0,3982,,0,88,,2.209944751381215,22250.78229772016,491.7299955297274
4945,SP,Cordeirópolis,24528,0,6041,,0,118,,1.953318986922695,24628.995433789954,481.0828440965427
4946,SP,Coroados,6058,0,1587,,0,25,,1.5752993068683048,26196.764608781774,412.6774513040607
4947,SP,Coronel Macedo,4681,0,697,,0,30,,4.304160688665711,14889.980773339028,640.888698995941
4948,SP,Corumbataí,4055,0,1098,,0,9,,0.819672131147541,27077.681874229347,221.94821208384712
4949,SP,Cosmópolis,72252,1,8059,,0,200,,2.481697481077057,11154.016497813209,276.80894646514975
4950,SP,Cosmorama,7307,0,2369,,0,50,,2.1105951878429714,32420.96619679759,684.2753524018065
4951,SP,Cotia,249210,2,33537,225.9138878857189,0,841,2.407608041410858,2.5076780868891078,13457.325147465992,337.46639380442195
4952,SP,Cravinhos,35292,8,2440,,0,122,,5.0,6913.7481582228265,345.6874079111413
4953,SP,Cristais Paulista,8631,0,1308,,0,21,,1.6055045871559634,15154.675008689608,243.30900243309003
4954,SP,Cruzália,2073,0,227,,0,5,,2.2026431718061676,10950.31355523396,241.196333815726
4955,SP,Cruzeiro,82238,0,7252,,0,252,,3.474903474903475,8818.307838225637,306.4276854981882
4956,SP,Cubatão,130705,1,18095,18.36196013924486,0,554,0.7650816724685361,3.061619231831998,13844.15286331816,423.855246547569
4957,SP,Cunha,21547,0,1212,,0,49,,4.042904290429043,5624.912980925418,227.40984823873393
4958,SP,Descalvado,33718,0,9615,,0,111,,1.1544461778471138,28515.926211519072,329.20102022658523
4959,SP,Diadema,423884,1,31748,13.68298874220306,0,1614,0.9436543960140038,5.083784805342069,7489.784941163148,380.76454879165055
4960,SP,Dirce Reis,1793,0,333,,0,6,,1.8018018018018018,18572.22532069158,334.63469046291135
4961,SP,Divinolândia,11146,0,2296,,0,52,,2.264808362369338,20599.318141037144,466.53507984927325
4962,SP,Dobrada,8929,0,654,,0,13,,1.9877675840978593,7324.448426475528,145.5930115354463
4963,SP,Dois Córregos,27315,0,2102,,0,46,,2.1883920076117986,7695.405454878272,168.40563792787844
4964,SP,Dolcinópolis,2115,0,567,,0,9,,1.5873015873015872,26808.510638297874,425.53191489361706
4965,SP,Dourado,8873,0,2888,,0,28,,0.9695290858725761,32548.179871520344,315.564070776513
4966,SP,Dracena,46793,2,13362,,0,315,,2.3574315222272118,28555.55318103135,673.1776120359883
4967,SP,Duartina,12445,0,2445,,0,36,,1.4723926380368098,19646.444355162716,289.27280032141425
4968,SP,Dumont,9868,0,2872,,0,31,,1.0793871866295264,29104.175111471424,314.14673692744225
4969,SP,Echaporã,6102,0,825,,0,29,,3.5151515151515147,13520.15732546706,475.25401507702395
4970,SP,Eldorado,15494,0,3434,,0,35,,1.019219569015725,22163.418097327998,225.89389441073962
4971,SP,Elias Fausto,17772,0,2815,,0,42,,1.492007104795737,15839.5228449246,236.3268062120189
4972,SP,Elisiário,3651,0,636,,0,13,,2.044025157232704,17419.88496302383,356.06683100520405
4973,SP,Embaúba,2452,0,226,,0,11,,4.867256637168142,9216.965742251223,448.6133768352365
4974,SP,Embu das Artes,273726,1,5957,4.018617157303289,0,245,0.3653288324821172,4.112808460634548,2176.263855095972,89.5055639581187
4975,SP,Embu-Guaçu,69385,2,11385,,0,783,,6.877470355731226,16408.445629458816,1128.485984002306
4976,SP,Emilianópolis,3214,0,954,,0,10,,1.0482180293501049,29682.63845675171,311.13876789047913
4977,SP,Engenheiro Coelho,20773,0,4667,,0,67,,1.4356117420184273,22466.663457372553,322.5340586338035
4978,SP,Espírito Santo do Pinhal,44330,0,16336,,0,152,,0.930460333006856,36850.891044439435,342.8829235280848
4979,SP,Espírito Santo do Turvo,4829,0,825,,0,13,,1.575757575757576,17084.282460136674,269.2068751294264
4980,SP,Estiva Gerbi,11304,0,1301,,0,37,,2.8439661798616447,11509.200283085635,327.3177636234961
4981,SP,Estrela d'Oeste,8419,0,3469,,0,41,,1.181896800230614,41204.418577028155,486.9937047155245
4982,SP,Estrela do Norte,2766,0,876,,0,9,,1.0273972602739725,31670.281995661604,325.3796095444685
4983,SP,Euclides da Cunha Paulista,9371,0,544,,0,20,,3.6764705882352944,5805.143527905239,213.42439440828085
4984,SP,Fartura,16036,0,4479,,0,68,,1.518196025898638,27930.905462708906,424.0458967323522
4985,SP,Fernando Prestes,5783,0,1608,,0,16,,0.9950248756218906,27805.63721251945,276.67300708974585
4986,SP,Fernandópolis,69116,0,19990,,0,433,,2.16608304152076,28922.39134209156,626.4830140633138
4987,SP,Fernão,1716,0,798,,0,5,,0.6265664160401002,46503.496503496506,291.3752913752914
4988,SP,Ferraz de Vasconcelos,194276,-1,10747,4.117852951471103,0,546,0.0,5.080487577928724,5531.820708682493,281.04346393790274
4989,SP,Flora Rica,1464,0,154,,0,10,,6.493506493506493,10519.12568306011,683.0601092896175
4990,SP,Floreal,2917,0,1140,,0,10,,0.8771929824561403,39081.24785738773,342.81796366129583
4991,SP,Flórida Paulista,14640,0,3908,,0,50,,1.2794268167860798,26693.98907103825,341.53005464480873
4992,SP,Florínea,2676,0,448,,0,18,,4.017857142857143,16741.40508221226,672.645739910314
4993,SP,Franca,353187,0,39491,9.626628386662023,0,1359,1.698816774116827,3.4412904206021624,11181.32887110794,384.78199933746146
4994,SP,Francisco Morato,175844,0,16068,11.3737176133391,0,481,-0.5686858806669548,2.9935275080906147,9137.644730556629,273.5379086008053
4995,SP,Franco da Rocha,154489,1,19066,107.4510159299368,0,457,1.294590553372732,2.3969369558376163,12341.331745302254,295.8139414456693
4996,SP,Gabriel Monteiro,2776,0,1246,,0,8,,0.6420545746388443,44884.72622478386,288.1844380403458
4997,SP,Gália,6548,0,1154,,0,24,,2.079722703639515,17623.701893708003,366.52412950519243
4998,SP,Garça,44390,0,13609,,0,178,,1.3079579689911087,30657.80581211985,400.99121423744083
4999,SP,Gastão Vidigal,4808,0,655,,0,18,,2.7480916030534353,13623.128119800333,374.37603993344425
5000,SP,Gavião Peixoto,4789,0,2385,,0,24,,1.0062893081761006,49801.62873251201,501.14846523282523
5001,SP,General Salgado,10869,0,1627,,0,52,,3.196066379840197,14969.178397276659,478.4248780936608
5002,SP,Getulina,11409,0,1096,,0,38,,3.4671532846715327,9606.451047418705,333.0703830309405
5003,SP,Glicério,4815,0,1527,,0,24,,1.5717092337917484,31713.39563862928,498.44236760124613
5004,SP,Guaiçara,12168,0,1978,,0,31,,1.5672396359959553,16255.752794214332,254.76660092044705
5005,SP,Guaimbê,5765,0,1092,,0,9,,0.8241758241758242,18941.890719861232,156.11448395490027
5006,SP,Guaíra,40790,5,10666,,0,248,,2.3251453215825992,26148.5658249571,607.9921549399362
5007,SP,Guapiaçu,21454,0,2645,,0,104,,3.931947069943289,12328.703272117087,484.7580870700103
5008,SP,Guapiara,17157,0,3319,,0,96,,2.892437481169027,19344.873812438072,559.5383808358105
5009,SP,Guará,21220,0,4142,,0,118,,2.848865282472236,19519.32139491046,556.0791705937794
5010,SP,Guaraçaí,8323,1,1736,,0,31,,1.7857142857142856,20857.863751051304,372.4618526973447
5011,SP,Guaraci,11188,0,2815,,0,32,,1.1367673179396092,25160.88666428316,286.0207365033965
5012,SP,Guarani d'Oeste,2000,0,1076,,0,9,,0.8364312267657992,53800.0,449.99999999999994
5013,SP,Guarantã,6664,0,332,,0,25,,7.530120481927711,4981.992797118848,375.1500600240096
5014,SP,Guararapes,32939,3,10695,,0,139,,1.2996727442730247,32469.109566167765,421.99216733962777
5015,SP,Guararema,29798,0,2611,,0,111,,4.25124473381846,8762.333042486072,372.50822202832404
5016,SP,Guaratinguetá,121798,0,18552,133.0071101331713,0,405,0.8210315440319216,2.1830530401034927,15231.777204880213,332.5177753329283
5017,SP,Guareí,18520,0,4702,,0,42,,0.8932369204593791,25388.768898488124,226.78185745140388
5018,SP,Guariba,40105,3,5729,,0,132,,2.3040670274044337,14285.00187009101,329.1360179528737
5019,SP,Guarujá,320459,-15,35474,-5.928995596940639,0,1648,5.616943197101657,4.645655973388961,11069.746831888011,514.2623549346406
5020,SP,Guarulhos,1379182,9,115645,72.43424000603255,0,5721,2.900269870111414,4.94703618833499,8385.04272822586,414.811098172685
5021,SP,Guatapará,7656,0,1252,,0,30,,2.3961661341853033,16353.187042842215,391.84952978056424
5022,SP,Guzolândia,5267,0,970,,0,34,,3.5051546391752577,18416.55591418265,645.5287640022783
5023,SP,Herculândia,9526,0,1265,,0,35,,2.766798418972332,13279.445727482678,367.41549443627963
5024,SP,Holambra,14930,0,4096,,0,26,,0.634765625,27434.69524447421,174.146014735432
5025,SP,Hortolândia,230851,10,42574,79.27191131942249,0,903,0.0,2.121012824728708,18442.198647612528,391.1613984778061
5026,SP,Iacanga,11710,0,2036,,0,35,,1.719056974459725,17386.848847139197,298.8898377455166
5027,SP,Iacri,6321,0,1849,,0,27,,1.4602487831260142,29251.700680272108,427.14760322733747
5028,SP,Iaras,9240,0,306,,0,24,,7.8431372549019605,3311.6883116883114,259.7402597402597
5029,SP,Ibaté,35104,1,6541,,0,113,,1.7275645925699432,18633.20419325433,321.9006381039198
5030,SP,Ibirá,12393,0,3094,,0,54,,1.7453135100193924,24965.70644718793,435.72984749455344
5031,SP,Ibirarema,7753,0,1235,,0,41,,3.3198380566801617,15929.317683477364,528.8275506255643
5032,SP,Ibitinga,60033,0,16004,,0,317,,1.9807548112971758,26658.671064247996,528.0429097329802
5033,SP,Ibiúna,78878,0,5392,,0,173,,3.208456973293768,6835.873120515226,219.32604782068512
5034,SP,Icém,8243,0,2146,,0,41,,1.9105312208760483,26034.210845565936,497.3917263132355
5035,SP,Iepê,8159,0,2131,,0,36,,1.6893477240732049,26118.396862360583,441.2305429586959
5036,SP,Igaraçu do Tietê,24674,1,6308,,0,76,,1.2048192771084338,25565.372456837154,308.016535624544
5037,SP,Igarapava,30432,0,1420,,0,112,,7.887323943661972,4666.140904311252,368.0336487907466
5038,SP,Igaratá,9534,0,2465,,0,44,,1.7849898580121704,25854.835326200966,461.50618837843507
5039,SP,Iguape,30857,0,6083,,0,128,,2.1042248890350157,19713.517192209223,414.8167352626632
5040,SP,Ilha Comprida,11166,0,4818,,0,65,,1.349107513491075,43148.844707146694,582.1243059287121
5041,SP,Ilha Solteira,26686,0,4547,,0,123,,2.7050802727072796,17038.89679982013,460.91583601888635
5042,SP,Ilhabela,34970,0,7500,,0,56,,0.7466666666666667,21446.95453245639,160.13726050900772
5043,SP,Indaiatuba,251627,0,28789,3.576722688741668,0,916,0.7948272641648153,3.181770815241933,11441.141054020434,364.0308869874855
5044,SP,Indiana,4885,0,542,,0,14,,2.5830258302583027,11095.189355168885,286.5916069600819
5045,SP,Indiaporã,3897,0,1494,,0,16,,1.07095046854083,38337.18244803695,410.5722350526046
5046,SP,Inúbia Paulista,3991,0,1442,,0,22,,1.5256588072122053,36131.29541468304,551.2402906539714
5047,SP,Ipaussu,14971,0,4790,,0,58,,1.210855949895616,31995.190702023912,387.41567029590544
5048,SP,Iperó,37133,0,6786,,0,82,,1.2083701738874153,18274.84986400237,220.82783507930952
5049,SP,Ipeúna,7546,0,789,,0,25,,3.1685678073510775,10455.870659952294,331.30135170951496
5050,SP,Ipiguá,5392,0,2122,,0,33,,1.5551366635249764,39354.59940652819,612.0178041543027
5051,SP,Iporanga,4218,0,956,,0,9,,0.9414225941422595,22664.770033191086,213.37126600284498
5052,SP,Ipuã,16409,1,2929,,0,74,,2.526459542505975,17849.960387592175,450.972027545859
5053,SP,Iracemápolis,24235,0,6999,,0,113,,1.6145163594799254,28879.719414070558,466.2677945120693
5054,SP,Irapuã,7993,0,1631,,0,34,,2.0846106683016554,20405.35468534968,425.37220067559116
5055,SP,Irapuru,8294,0,2164,,0,46,,2.1256931608133085,26091.15022908126,554.6177959971063
5056,SP,Itaberá,17556,0,6415,,0,86,,1.3406079501169135,36540.214171793115,489.86101617680566
5057,SP,Itaí,27125,0,8103,,0,95,,1.172405281994323,29872.81105990783,350.2304147465438
5058,SP,Itajobi,15262,0,6046,,0,76,,1.257029440952696,39614.729393264315,497.96881142707383
5059,SP,Itaju,3835,0,1097,,0,14,,1.276207839562443,28604.95436766623,365.0586701434159
5060,SP,Itanhaém,101816,1,16024,201.3436002200047,0,431,3.928655614048873,2.6897154268597108,15738.194389879784,423.312642413766
5061,SP,Itaoca,3328,0,288,,0,9,,3.125,8653.846153846154,270.4326923076923
5062,SP,Itapecerica da Serra,175693,242,15604,951.0908231972816,0,509,0.0,3.2619841066393236,8881.401080293466,289.70989168606604
5063,SP,Itapetininga,163901,0,18335,4.880995234928402,0,621,0.0,3.3869648213798746,11186.63095405153,378.8872551113172
5064,SP,Itapeva,94354,39,25316,,0,486,,1.9197345552219942,26830.87097526337,515.0815015791593
5065,SP,Itapevi,237700,0,13191,9.255363904080774,0,797,1.262095077829196,6.0419983321961945,5549.432057214977,335.29659234328983
5066,SP,Itapira,74773,0,20760,,0,387,,1.8641618497109829,27764.032471614086,517.566501277199
5067,SP,Itapirapuã Paulista,4241,0,1374,,0,8,,0.5822416302765648,32398.019335062483,188.6347559537845
5068,SP,Itápolis,43120,1,15562,,0,192,,1.233774579102943,36089.9814471243,445.26901669758814
5069,SP,Itaporanga,15149,0,3507,,0,62,,1.7678927858568578,23150.04290712258,409.2679384777873
5070,SP,Itapuí,13992,1,2652,,0,50,,1.885369532428356,18953.68782161235,357.347055460263
5071,SP,Itapura,4906,0,695,,0,17,,2.446043165467626,14166.326946596006,346.5144720750102
5072,SP,Itaquaquecetuba,370821,1,33232,19.68604798541614,0,1187,1.3483594510559,3.5718584496870487,8961.736255497935,320.1005336806707
5073,SP,Itararé,50503,2,11738,,0,280,,2.385414891804396,23242.183632655488,554.4225095538878
5074,SP,Itariri,17436,0,1999,,0,55,,2.751375687843922,11464.785501261757,315.4393209451709
5075,SP,Itatiba,120858,3,31743,94.3255721590627,0,398,0.0,1.2538197397851494,26264.707342501115,329.3120852570786
5076,SP,Itatinga,20697,1,4730,,0,71,,1.5010570824524312,22853.5536551191,343.0448857322317
5077,SP,Itirapina,18157,0,3198,,0,52,,1.6260162601626018,17613.04180205981,286.39092361072863
5078,SP,Itirapuã,6499,0,326,,0,8,,2.4539877300613497,5016.156331743346,123.09586090167718
5079,SP,Itobi,7841,0,1414,,0,24,,1.6973125884016973,18033.414105343705,306.08340772860606
5080,SP,Itu,173939,3,40629,98.31032718366784,0,612,0.5749141940565371,1.506313224544045,23358.188790323045,351.8474867626007
5081,SP,Itupeva,61252,1,10340,,0,175,,1.6924564796905222,16881.081434075622,285.70495657284664
5082,SP,Ituverava,41824,0,4009,,0,166,,4.140683462210028,9585.405508798776,396.9013006885998
5083,SP,Jaborandi,6929,0,624,,0,25,,4.006410256410256,9005.62851782364,360.8024245922933
5084,SP,Jaboticabal,77263,0,9679,,0,297,,3.0684988118607293,12527.341677128767,384.40133052043024
5085,SP,Jacareí,233662,3,33461,17.54671277315096,0,966,0.0,2.886943008278294,14320.2574659123,413.4176716796056
5086,SP,Jaci,7067,0,2865,,0,35,,1.2216404886561953,40540.54054054054,495.2596575633225
5087,SP,Jacupiranga,17866,0,3586,,0,67,,1.8683770217512548,20071.644464345685,375.01399305944256
5088,SP,Jaguariúna,57488,314,15436,,0,218,,1.4122829748639545,26850.821040912888,379.2095741720011
5089,SP,Jales,49107,16,17823,,0,327,,1.8347079616226225,36294.21467407905,665.8928462337345
5090,SP,Jambeiro,6602,0,559,,0,18,,3.2200357781753133,8467.131172372008,272.64465313541353
5091,SP,Jandira,124937,0,9900,5.602823823206896,0,375,0.8004034033152708,3.787878787878788,7923.993692821183,300.15127624322656
5092,SP,Jardinópolis,44380,0,5311,,0,174,,3.2762191677650163,11967.102298332582,392.0684993240198
5093,SP,Jarinu,30044,1,4118,,0,99,,2.4040796503156874,13706.563706563707,329.51670882705366
5094,SP,Jaú,150252,4,25688,28.61858743976785,0,629,2.662194180443521,2.4486141388975398,17096.611026808296,418.6300348747438
5095,SP,Jeriquara,3159,0,647,,0,3,,0.46367851622874806,20481.16492560937,94.9667616334283
5096,SP,Joanópolis,13220,0,1592,,0,21,,1.3190954773869346,12042.360060514371,158.8502269288956
5097,SP,João Ramalho,4523,0,1288,,0,15,,1.1645962732919255,28476.6747733805,331.63829316825115
5098,SP,José Bonifácio,37015,0,10181,,0,181,,1.7778214320793635,27505.06551398082,488.9909496150209
5099,SP,Júlio Mesquita,4776,0,369,,0,16,,4.336043360433604,7726.130653266332,335.00837520938023
5100,SP,Jumirim,3367,0,698,,0,8,,1.146131805157593,20730.62073062073,237.6002376002376
5101,SP,Jundiaí,418962,1,74614,5.489758021013839,0,1891,2.625536444832706,2.5343769265821425,17809.25239043159,451.35358337987697
5102,SP,Junqueirópolis,20679,0,5618,,0,115,,2.046991812032752,27167.658010542094,556.1197349968568
5103,SP,Juquiá,18812,0,3554,,0,72,,2.0258863252673045,18892.196470338084,382.73442483521154
5104,SP,Juquitiba,31444,2,1841,,0,88,,4.780010863661054,5854.853072128228,279.86261289912227
5105,SP,Lagoinha,4896,0,255,,0,16,,6.2745098039215685,5208.333333333334,326.79738562091507
5106,SP,Laranjal Paulista,28516,0,6404,,0,148,,2.31105559025609,22457.567681301727,519.0068733342686
5107,SP,Lavínia,11980,1,1793,,0,22,,1.2269938650306749,14966.61101836394,183.63939899833056
5108,SP,Lavrinhas,7260,0,394,,0,16,,4.060913705583756,5426.997245179064,220.38567493112944
5109,SP,Leme,103391,-2,24548,65.76974785039316,0,480,-1.934404348540975,1.9553527782304057,23742.878973991934,464.25704364983415
5110,SP,Lençóis Paulista,68432,11,27003,,0,220,,0.8147242898937155,39459.60953939677,321.4870236146832
5111,SP,Limeira,306114,0,44013,5.226810926648242,0,1338,0.9800270487465452,3.0400109058687206,14377.97683216057,437.09206374095925
5112,SP,Lindóia,7980,1,3718,,0,24,,0.6455083378160301,46591.478696741855,300.75187969924815
5113,SP,Lins,78013,3,16936,,0,351,,2.072508266414738,21709.202312435107,449.925012497917
5114,SP,Lorena,88706,0,8068,,0,287,,3.5572632622706992,9095.213401573737,323.54068495930375
5115,SP,Lourdes,2289,0,508,,0,6,,1.1811023622047243,22193.097422455223,262.12319790301444
5116,SP,Louveira,48885,0,12921,,0,134,,1.037071434099528,26431.42068119055,274.11271351130205
5117,SP,Lucélia,21747,0,4845,,0,87,,1.7956656346749225,22278.93502552076,400.05518002483103
5118,SP,Lucianópolis,2394,0,506,,0,6,,1.185770750988142,21136.173767752713,250.62656641604008
5119,SP,Luís Antônio,14947,0,3710,,0,47,,1.266846361185984,24821.034321268482,314.44437010771395
5120,SP,Luiziânia,5790,0,575,,0,16,,2.782608695652174,9930.915371329878,276.33851468048357
5121,SP,Lupércio,4584,-1,280,,0,10,,3.571428571428571,6108.202443280978,218.1500872600349
5122,SP,Lutécia,2649,0,964,,0,9,,0.9336099585062241,36391.09097772744,339.7508493771235
5123,SP,Macatuba,17163,3,5420,,0,64,,1.1808118081180812,31579.5606828643,372.8951814950766
5124,SP,Macaubal,8120,0,1913,,0,25,,1.3068478829064296,23559.11330049261,307.8817733990148
5125,SP,Macedônia,3698,0,1242,,0,32,,2.576489533011272,33585.722011898324,865.3326122228232
5126,SP,Magda,3119,0,1011,,0,12,,1.1869436201780417,32414.235331837128,384.73869830073744
5127,SP,Mairinque,47150,0,5314,,0,94,,1.7689123071132857,11270.413573700955,199.36373276776246
5128,SP,Mairiporã,100179,0,7633,9.982131983749088,0,292,0.0,3.8254945630813575,7619.36134319568,291.4782539254734
5129,SP,Manduri,9846,0,1001,,0,33,,3.296703296703297,10166.565102579727,335.16148689823274
5130,SP,Marabá Paulista,5853,0,1030,,0,6,,0.5825242718446602,17597.813087305654,102.51153254741158
5131,SP,Maracaí,14002,0,3602,,0,58,,1.6102165463631315,25724.896443365236,414.2265390658477
5132,SP,Marapoama,3031,0,1385,,0,15,,1.083032490974729,45694.490267238536,494.88617617947875
5133,SP,Mariápolis,4084,0,1404,,0,13,,0.9259259259259258,34378.06072477963,318.31537708129287
5134,SP,Marília,238882,-83,58560,12.55850168702539,0,1222,2.093083614504232,2.0867486338797816,24514.195293073568,511.54963538483435
5135,SP,Marinópolis,2112,0,885,,0,7,,0.7909604519774011,41903.40909090909,331.43939393939394
5136,SP,Martinópolis,26461,0,2689,,0,105,,3.9047973224246935,10162.125392086467,396.8104002116322
5137,SP,Matão,83170,2,9201,,0,245,,2.662754048472992,11062.883251172298,294.5773716484309
5138,SP,Mauá,472912,0,39247,-0.4229116622119972,0,1721,0.4229116622119972,4.385048538741815,8299.007003417126,363.9154853334236
5139,SP,Mendonça,5490,0,2403,,0,37,,1.5397419891801913,43770.49180327869,673.952641165756
5140,SP,Meridiano,3836,0,824,,0,42,,5.097087378640777,21480.709071949947,1094.890510948905
5141,SP,Mesópolis,1908,0,726,,0,7,,0.9641873278236914,38050.31446540881,366.8763102725367
5142,SP,Miguelópolis,22226,0,1548,,0,111,,7.170542635658915,6964.815981283182,499.41509943309643
5143,SP,Mineiros do Tietê,12908,0,2496,,0,35,,1.4022435897435899,19336.84536721413,271.14967462039044
5144,SP,Mira Estrela,3086,0,640,,0,17,,2.65625,20738.820479585225,550.8749189889825
5145,SP,Miracatu,19779,0,3686,,0,86,,2.333152468800868,18635.926993275698,434.8045907275393
5146,SP,Mirandópolis,29564,0,2310,,0,122,,5.2813852813852815,7813.557028818834,412.664050872683
5147,SP,Mirante do Paranapanema,18259,1,2975,,0,53,,1.781512605042017,16293.334793800319,290.2678131332494
5148,SP,Mirassol,59824,0,10662,,0,341,,3.19827424498218,17822.278684140143,570.0053490238032
5149,SP,Mirassolândia,4871,0,791,,0,23,,2.9077117572692797,16238.96530486553,472.18230342845413
5150,SP,Mococa,68885,0,15336,,0,305,,1.9887845592070945,22263.19227698338,442.76693039123177
5151,SP,Mogi das Cruzes,445842,0,56709,3.813009990086174,0,1940,1.794357642393494,3.420973743144827,12719.52844281158,435.13172828042224
5152,SP,Mogi Guaçu,151888,10,41176,131.6759717686716,0,754,3.95027915306015,1.8311637847289686,27109.44906773412,496.4184135678921
5153,SP,Mogi Mirim,93189,1,27564,,0,439,,1.5926570889566103,29578.598332421207,471.085643155308
5154,SP,Mombuca,3493,0,470,,0,11,,2.3404255319148937,13455.482393358145,314.91554537646726
5155,SP,Monções,2259,0,585,,0,8,,1.3675213675213675,25896.41434262948,354.13899955732626
5156,SP,Mongaguá,56702,1,5809,,0,117,,2.01411602685488,10244.788543613982,206.3419279743219
5157,SP,Monte Alegre do Sul,8038,0,1899,,0,24,,1.263823064770932,23625.2799203782,298.5817367504354
5158,SP,Monte Alto,50498,0,11164,,0,245,,2.1945539233249733,22107.806249752466,485.1677294150264
5159,SP,Monte Aprazível,25087,0,5055,,0,125,,2.472799208704253,20149.878423087655,498.2660342009806
5160,SP,Monte Azul Paulista,19008,0,2401,,0,31,,1.2911286963765098,12631.52356902357,163.08922558922558
5161,SP,Monte Castelo,4166,0,1760,,0,25,,1.4204545454545454,42246.759481517045,600.0960153624579
5162,SP,Monte Mor,59772,2,8648,,0,179,,2.0698427382053652,14468.312922438601,299.47132436592386
5163,SP,Monteiro Lobato,4653,0,335,,0,14,,4.179104477611941,7199.656135826349,300.88115194498175
5164,SP,Morro Agudo,32968,0,6380,,0,124,,1.9435736677115987,19352.099005095853,376.12230041252127
5165,SP,Morungaba,13622,0,1094,,0,42,,3.8391224862888484,8031.1261195125535,308.3247687564234
5166,SP,Motuca,4758,0,382,,0,11,,2.8795811518324608,8028.583438419504,231.18957545187052
5167,SP,Murutinga do Sul,4486,0,1231,,0,22,,1.7871649065800164,27440.92732946946,490.414623272403
5168,SP,Nantes,3141,-3,260,,0,8,,3.076923076923077,8277.61859280484,254.69595670168738
5169,SP,Narandiba,4857,3,2013,,0,25,,1.2419274714356683,41445.33662754787,514.7210212065061
5170,SP,Natividade da Serra,6661,1,261,,0,17,,6.513409961685824,3918.3305809938443,255.21693439423512
5171,SP,Nazaré Paulista,18524,0,3278,,0,71,,2.1659548505186086,17695.961995249407,383.2865471820341
5172,SP,Neves Paulista,8930,0,2794,,0,67,,2.397995705082319,31287.793952967524,750.2799552071668
5173,SP,Nhandeara,11478,0,3430,,0,60,,1.749271137026239,29883.25492246036,522.7391531625718
5174,SP,Nipoã,5213,0,564,,0,21,,3.723404255319149,10819.106080951467,402.8390562056398
5175,SP,Nova Aliança,6973,0,1598,,0,35,,2.1902377972465583,22916.965438118455,501.93603900760075
5176,SP,Nova Campina,9755,0,1392,,0,46,,3.3045977011494254,14269.605330599692,471.55304971809323
5177,SP,Nova Canaã Paulista,1881,0,859,,0,10,,1.1641443538998837,45667.19829877724,531.632110579479
5178,SP,Nova Castilho,1267,0,324,,0,4,,1.2345679012345678,25572.217837411208,315.70639305445934
5179,SP,Nova Europa,11186,0,885,,0,32,,3.615819209039548,7911.675308421241,286.0718755587341
5180,SP,Nova Granada,21500,0,7060,,0,92,,1.3031161473087818,32837.20930232558,427.90697674418607
5181,SP,Nova Guataporanga,2316,0,172,,0,6,,3.488372093023256,7426.597582037997,259.0673575129534
5182,SP,Nova Independência,3969,1,1863,,0,8,,0.4294149221685454,46938.77551020408,201.5621063240111
5183,SP,Nova Luzitânia,4101,0,397,,0,15,,3.7783375314861463,9680.565715679102,365.764447695684
5184,SP,Nova Odessa,60174,0,11807,,0,287,,2.430761412721267,19621.431182902914,476.9501778176621
5185,SP,Novais,5830,0,325,,0,21,,6.461538461538462,5574.614065180103,360.2058319039451
5186,SP,Novo Horizonte,41052,0,6711,,0,252,,3.755029056772463,16347.559193218358,613.8555977784273
5187,SP,Nuporanga,7432,0,427,,0,17,,3.9812646370023423,5745.4251883745965,228.74058127018301
5188,SP,Ocauçu,4289,0,956,,0,9,,0.9414225941422595,22289.57799020751,209.8391233387736
5189,SP,Óleo,2496,0,163,,0,6,,3.6809815950920246,6530.448717948719,240.3846153846154
5190,SP,Olímpia,54772,0,15882,,0,328,,2.065231079209168,28996.56758927919,598.8461257576864
5191,SP,Onda Verde,4381,0,1003,,0,31,,3.090727816550349,22894.316366126455,707.6010043369093
5192,SP,Oriente,6515,-1,447,,0,30,,6.7114093959731544,6861.08979278588,460.4758250191865
5193,SP,Orindiúva,7066,0,2526,,0,21,,0.831353919239905,35748.6555335409,297.19784885366545
5194,SP,Orlândia,44028,2,8815,,0,136,,1.5428247305728873,20021.3500499682,308.89433996547655
5195,SP,Osasco,698418,0,50842,130.8671884172516,0,3296,4.152241207987194,6.482829156996184,7279.594741258101,471.9236903974411
5196,SP,Oscar Bressane,2603,0,734,,0,11,,1.4986376021798364,28198.23280829812,422.58932001536687
5197,SP,Osvaldo Cruz,32879,2,10679,,0,145,,1.3578050379248994,32479.69828766082,441.01097965266587
5198,SP,Ourinhos,113542,0,28214,30.8255975762273,0,607,1.76146271864156,2.151414191536117,24848.954571876486,534.6039351077135
5199,SP,Ouro Verde,8562,0,1249,,0,42,,3.362690152121697,14587.713151132913,490.53959355290823
5200,SP,Ouroeste,10361,0,3111,,0,54,,1.7357762777242043,30026.059260689126,521.1852137824534
5201,SP,Pacaembu,14197,0,4348,,0,62,,1.4259429622815087,30626.188631401,436.7119814045221
5202,SP,Palestina,12957,0,2922,,0,52,,1.7796030116358659,22551.516554758047,401.3274677780351
5203,SP,Palmares Paulista,13275,0,2633,,0,47,,1.785036080516521,19834.27495291902,354.04896421845575
5204,SP,Palmeira d'Oeste,9283,0,2984,,0,45,,1.5080428954423593,32144.780782074762,484.7570828395992
5205,SP,Palmital,22221,0,5014,,0,84,,1.6753091344236137,22564.24103325683,378.0207911435129
5206,SP,Panorama,15777,0,4774,,0,85,,1.7804775869291998,30259.238131457183,538.7589529061293
5207,SP,Paraguaçu Paulista,45703,0,10777,,0,182,,1.6887816646562124,23580.508938144103,398.2233113799969
5208,SP,Paraibuna,18222,0,1363,,0,60,,4.402054292002934,7479.969267917902,329.27230819888047
5209,SP,Paraíso,6454,0,1397,,0,31,,2.219040801717967,21645.49116826774,480.3222807561202
5210,SP,Paranapanema,20197,0,2208,,0,92,,4.166666666666666,10932.316680695154,455.5131950289647
5211,SP,Paranapuã,4078,1,1501,,0,30,,1.9986675549633577,36807.25846002942,735.6547327121139
5212,SP,Parapuã,10964,0,1624,,0,55,,3.386699507389163,14812.112367748998,501.64173659248445
5213,SP,Pardinho,6435,0,1237,,0,19,,1.5359741309620047,19222.999222999224,295.26029526029527
5214,SP,Pariquera-Açu,19648,0,4579,,0,77,,1.6815898667831404,23305.171009771988,391.8973941368078
5215,SP,Parisi,2161,0,1131,,0,20,,1.7683465959328029,52336.881073577046,925.497454881999
5216,SP,Patrocínio Paulista,14670,0,1153,,0,47,,4.076322636600174,7859.577368779823,320.3817314246762
5217,SP,Paulicéia,7366,0,2159,,0,28,,1.2968967114404817,29310.344827586203,380.1248981808308
5218,SP,Paulínia,109424,13,27769,141.6508261441731,0,363,0.0,1.3072130793330692,25377.43091095189,331.73709606667643
5219,SP,Paulistânia,1833,0,216,,0,7,,3.2407407407407405,11783.960720130934,381.88761593016915
5220,SP,Paulo de Faria,8945,0,1732,,0,46,,2.655889145496536,19362.77249860257,514.253773057574
5221,SP,Pederneiras,46687,3,11147,,0,147,,1.3187404682874315,23876.025446055646,314.8628097757406
5222,SP,Pedra Bela,6093,0,304,,0,12,,3.9473684210526314,4989.332020351223,196.94731659281143
5223,SP,Pedranópolis,2494,0,280,,0,13,,4.642857142857143,11226.944667201284,521.2510024057739
5224,SP,Pedregulho,16744,0,403,,0,31,,7.6923076923076925,2406.832298136646,185.14094601051121
5225,SP,Pedreira,47919,1,6428,,0,154,,2.3957685127566895,13414.30330349131,321.3756547507252
5226,SP,Pedrinhas Paulista,3093,0,782,,0,15,,1.9181585677749362,25282.896863886195,484.9660523763337
5227,SP,Pedro de Toledo,11331,1,1189,,0,26,,2.1867115222876365,10493.336863471892,229.45900626599592
5228,SP,Penápolis,63407,0,22217,,0,339,,1.52585857676554,35038.71812260476,534.6412856624663
5229,SP,Pereira Barreto,25669,1,5948,,0,120,,2.0174848688634834,23171.919435895437,467.4899684444271
5230,SP,Pereiras,8668,0,1220,,0,24,,1.9672131147540985,14074.757729580064,276.8804799261652
5231,SP,Peruíbe,68284,4,13375,,0,319,,2.385046728971963,19587.311815359382,467.16653974576764
5232,SP,Piacatu,5980,0,2103,,0,12,,0.5706134094151213,35167.22408026756,200.6688963210702
5233,SP,Piedade,55348,0,9471,,0,193,,2.0377995987752087,17111.729421117296,348.70275348702756
5234,SP,Pilar do Sul,29185,0,6965,,0,96,,1.3783201722900216,23864.99914339558,328.93609731026214
5235,SP,Pindamonhangaba,168328,1,44584,204.9569887362768,0,625,1.188156456442184,1.4018481966624798,26486.38372700917,371.29889263818256
5236,SP,Pindorama,17049,0,4510,,0,74,,1.6407982261640797,26453.164408469704,434.0430523784386
5237,SP,Pinhalzinho,15207,-13,2743,,0,43,,1.5676266861100983,18037.745774972052,282.7645163411587
5238,SP,Piquerobi,3692,0,269,,0,9,,3.3457249070631967,7286.023835319611,243.77031419284938
5239,SP,Piquete,13657,0,420,,0,35,,8.333333333333332,3075.3459764223476,256.2788313685289
5240,SP,Piracaia,27303,0,6193,,0,106,,1.7116098821249797,22682.48910376149,388.2357250119034
5241,SP,Piracicaba,404142,4,110070,87.34553696473023,0,1725,1.484626690618644,1.567184518942491,27235.476639399025,426.8301735528601
5242,SP,Piraju,29806,0,8505,,0,129,,1.5167548500881833,28534.52325035228,432.7987653492586
5243,SP,Pirajuí,25492,0,5133,,0,77,,1.5000974089226573,20135.72885611172,302.05554683822373
5244,SP,Pirangi,11417,1,3361,,0,76,,2.261231776257066,29438.556538495224,665.6739949198563
5245,SP,Pirapora do Bom Jesus,18895,0,1684,,0,29,,1.72209026128266,8912.410690658904,153.4797565493517
5246,SP,Pirapozinho,27527,2,4476,,0,96,,2.1447721179624666,16260.39888109856,348.74850147128274
5247,SP,Pirassununga,76409,0,21510,,0,324,,1.506276150627615,28151.134028713892,424.0338180057323
5248,SP,Piratininga,13636,1,2364,,0,53,,2.241962774957699,17336.462305661484,388.67703138750363
5249,SP,Pitangueiras,39719,0,9075,,0,200,,2.203856749311295,22848.007250937837,503.5373498829276
5250,SP,Planalto,5237,0,1491,,0,14,,0.9389671361502347,28470.498376933356,267.3286232575902
5251,SP,Platina,3550,0,787,,0,12,,1.5247776365946633,22169.014084507042,338.02816901408454
5252,SP,Poá,117452,1,13307,7.662704764499541,0,458,4.257058202499745,3.441797550161569,11329.734700132822,389.94653134897663
5253,SP,Poloni,6059,0,2126,,0,26,,1.2229539040451554,35088.29839907576,429.11371513451064
5254,SP,Pompéia,22014,0,1079,,0,68,,6.302131603336422,4901.426365040429,308.89433996547655
5255,SP,Pongaí,3416,0,402,,0,12,,2.9850746268656714,11768.149882903981,351.288056206089
5256,SP,Pontal,49961,0,9076,,0,188,,2.071397091229617,18166.16961229759,376.29350893697085
5257,SP,Pontalinda,4628,0,608,,0,21,,3.453947368421053,13137.42437337943,453.7597234226448
5258,SP,Pontes Gestal,2577,0,993,,0,12,,1.2084592145015105,38533.17811408615,465.6577415599534
5259,SP,Populina,4169,0,1562,,0,23,,1.47247119078105,37467.01846965699,551.6910530103141
5260,SP,Porangaba,9925,0,1258,,0,29,,2.305246422893482,12675.062972292191,292.19143576826195
5261,SP,Porto Feliz,53098,0,14883,,0,206,,1.3841295437747765,28029.3043052469,387.96188180345774
5262,SP,Porto Ferreira,56150,0,18239,,0,222,,1.2171719940786228,32482.635796972398,395.36954585930545
5263,SP,Potim,24643,0,3817,,0,41,,1.074141996332198,15489.185569938723,166.37584709653856
5264,SP,Potirendaba,17361,0,6142,,0,103,,1.6769781830022794,35378.14642013709,593.2837970163009
5265,SP,Pracinha,4093,0,600,,0,7,,1.1666666666666667,14659.174199853409,171.02369899828977
5266,SP,Pradópolis,21496,0,2069,,0,50,,2.416626389560174,9625.046520282844,232.6014142165984
5267,SP,Praia Grande,325073,429,38191,604.479609195473,0,1398,0.6152464215730006,3.6605482967191225,11748.438043147231,430.05724867952733
5268,SP,Pratânia,5261,0,1703,,0,19,,1.1156782149148563,32370.27181144269,361.1480707089907
5269,SP,Presidente Alves,4094,0,734,,0,12,,1.6348773841961852,17928.67611138251,293.11187103077674
5270,SP,Presidente Bernardes,13106,0,1444,,0,54,,3.739612188365651,11017.854417823897,412.0250267053258
5271,SP,Presidente Epitácio,44200,2,7452,,0,154,,2.066559312936125,16859.72850678733,348.41628959276017
5272,SP,Presidente Prudente,228743,7,44252,58.58102761614564,0,1117,2.623031087290103,2.5241796980927416,19345.728612460272,488.32095408384083
5273,SP,Presidente Venceslau,39516,0,6692,,0,144,,2.1518230723251643,16934.912440530417,364.40935317339813
5274,SP,Promissão,40432,0,10622,,0,136,,1.2803615138392017,26271.27028096557,336.36723387415907
5275,SP,Quadra,3804,0,259,,0,10,,3.861003861003861,6808.622502628812,262.88117770767616
5276,SP,Quatá,14109,0,2988,,0,33,,1.104417670682731,21177.971507548373,233.8932596215182
5277,SP,Queiroz,3406,0,1062,,0,3,,0.2824858757062147,31180.27011156782,88.07985907222549
5278,SP,Queluz,13420,0,1095,,0,33,,3.0136986301369864,8159.46348733234,245.90163934426232
5279,SP,Quintana,6638,0,595,,0,35,,5.88235294117647,8963.543235914432,527.2672491714371
5280,SP,Rafard,9076,0,1177,,0,18,,1.5293118096856415,12968.267959453502,198.3252534156016
5281,SP,Rancharia,29707,0,8240,,0,125,,1.516990291262136,27737.570269633423,420.77624802235164
5282,SP,Redenção da Serra,3851,0,135,,0,9,,6.666666666666667,3505.5829654635163,233.70553103090106
5283,SP,Regente Feijó,20261,0,2490,,0,83,,3.3333333333333335,12289.620453087213,409.65401510290707
5284,SP,Reginópolis,9621,0,1082,,0,27,,2.4953789279112755,11246.232200394968,280.6361085126286
5285,SP,Registro,56322,0,13717,,0,263,,1.9173288619960631,24354.603884805227,466.9578495081851
5286,SP,Restinga,7593,0,733,,0,11,,1.5006821282401093,9653.62834189385,144.87027525352298
5287,SP,Ribeira,3340,0,539,,0,9,,1.6697588126159555,16137.724550898203,269.4610778443114
5288,SP,Ribeirão Bonito,13219,0,1838,,0,36,,1.958650707290533,13904.228761630986,272.33527498297906
5289,SP,Ribeirão Branco,16444,0,2866,,0,72,,2.5122121423586883,17428.849428362926,437.8496716127463
5290,SP,Ribeirão Corrente,4718,0,349,,0,6,,1.7191977077363898,7397.202204323866,127.17253073336161
5291,SP,Ribeirão do Sul,4541,0,722,,0,27,,3.739612188365651,15899.58158995816,594.5826910372165
5292,SP,Ribeirão dos Índios,2225,0,119,,0,8,,6.722689075630252,5348.314606741573,359.55056179775283
5293,SP,Ribeirão Grande,7673,0,535,,0,30,,5.607476635514018,6972.500977453408,390.9813632216865
5294,SP,Ribeirão Pires,123393,2,16143,44.57303088505831,0,412,0.0,2.5521898036300565,13082.589774136297,333.89252226625496
5295,SP,Ribeirão Preto,703293,86,112653,284.6608739174142,0,3633,1.848447233229963,3.22494740486272,16017.932781927304,516.5699075634195
5296,SP,Rifaina,3629,0,1191,,0,14,,1.1754827875734677,32818.958390741245,385.78120694406175
5297,SP,Rincão,10799,0,2437,,0,51,,2.0927369716865,22566.904342994723,472.2659505509769
5298,SP,Rinópolis,9981,0,678,,0,23,,3.392330383480826,6792.906522392545,230.4378318805731
5299,SP,Rio Claro,206424,0,14062,0.4844397938224237,0,741,0.4844397938224237,5.269520694069123,6812.192380730923,358.969887222416
5300,SP,Rio das Pedras,35228,0,3771,,0,122,,3.2352161230442857,10704.553196321109,346.3154309072329
5301,SP,Rio Grande da Serra,50846,0,2443,,0,110,,4.502660663119116,4804.704401526177,216.3395350666719
5302,SP,Riolândia,12518,0,3095,,0,34,,1.098546042003231,24724.396868509346,271.6088832081802
5303,SP,Riversul,5524,0,1049,,0,33,,3.145853193517636,18989.862418537294,597.3931933381607
5304,SP,Rosana,16643,2,5454,,0,57,,1.0451045104510452,32770.53415850508,342.486330589437
5305,SP,Roseira,10712,0,1619,,0,33,,2.038295243977764,15113.890963405527,308.06572068707993
5306,SP,Rubiácea,3128,0,744,,0,11,,1.478494623655914,23785.16624040921,351.6624040920716
5307,SP,Rubinéia,3148,1,1589,,0,20,,1.2586532410320956,50476.49301143583,635.3240152477764
5308,SP,Sabino,5590,0,325,,0,34,,10.461538461538462,5813.953488372093,608.2289803220036
5309,SP,Sagres,2432,0,268,,0,4,,1.4925373134328357,11019.736842105263,164.4736842105263
5310,SP,Sales,6331,0,1421,,0,51,,3.589021815622801,22445.11135681567,805.5599431369452
5311,SP,Sales Oliveira,11890,0,1870,,0,35,,1.8716577540106951,15727.502102607232,294.3650126156434
5312,SP,Salesópolis,17139,0,725,,0,65,,8.96551724137931,4230.118443316413,379.25199836629906
5313,SP,Salmourão,5300,0,556,,0,26,,4.676258992805756,10490.566037735849,490.5660377358491
5314,SP,Saltinho,8286,0,2582,,0,27,,1.0457010069713402,31160.994448467292,325.8508327299059
5315,SP,Salto,118663,0,27519,59.83330945619107,0,541,0.8427226683970572,1.965914459100985,23190.885111618616,455.91296360280796
5316,SP,Salto de Pirapora,45422,0,4483,,0,191,,4.260539817086773,9869.666681343842,420.50107877240106
5317,SP,Salto Grande,9331,0,2101,,0,19,,0.9043312708234174,22516.343371557174,203.62233415496732
5318,SP,Sandovalina,4302,0,964,,0,17,,1.7634854771784232,22408.182240818227,395.16503951650395
5319,SP,Santa Adélia,15480,0,3269,,0,76,,2.3248699908228816,21117.571059431524,490.95607235142114
5320,SP,Santa Albertina,6008,0,2722,,0,32,,1.1756061719324025,45306.25832223702,532.6231691078563
5321,SP,Santa Bárbara d'Oeste,193475,3,40080,39.79842356893656,0,940,0.5168626437524227,2.345309381237525,20715.854761597104,485.8508851272775
5322,SP,Santa Branca,14788,0,2281,,0,40,,1.7536168347216132,15424.668650256965,270.4895861509332
5323,SP,Santa Clara d'Oeste,2115,0,633,,0,26,,4.107424960505529,29929.078014184397,1229.3144208037825
5324,SP,Santa Cruz da Conceição,4503,0,2214,,0,18,,0.8130081300813009,49167.221852098606,399.73351099267154
5325,SP,Santa Cruz da Esperança,2139,0,206,,0,8,,3.8834951456310676,9630.668536699392,374.0065451145395
5326,SP,Santa Cruz das Palmeiras,34361,0,6067,,0,140,,2.3075655183781114,17656.645615668927,407.4386659293967
5327,SP,Santa Cruz do Rio Pardo,47673,0,9475,,0,216,,2.2796833773087073,19874.981645795313,453.0866528223523
5328,SP,Santa Ernestina,5599,0,574,,0,22,,3.8327526132404177,10251.830684050723,392.9273084479371
5329,SP,Santa Fé do Sul,32322,0,10513,,0,172,,1.6360696280795208,32525.83379741353,532.1452880391065
5330,SP,Santa Gertrudes,26898,0,3949,,0,89,,2.2537351228159026,14681.388950851366,330.8796193025504
5331,SP,Santa Isabel,57386,0,10478,,0,302,,2.8822294330979195,18258.80876868923,526.2607604642247
5332,SP,Santa Lúcia,8817,0,814,,0,27,,3.3169533169533167,9232.165135533627,306.2266076896904
5333,SP,Santa Maria da Serra,6173,0,1367,,0,12,,0.8778346744696415,22144.8242345699,194.39494573141098
5334,SP,Santa Mercedes,2939,0,1008,,0,11,,1.0912698412698412,34297.38006124532,374.276964954066
5335,SP,Santa Rita d'Oeste,2498,1,470,,0,18,,3.829787234042553,18815.052041633306,720.5764611689352
5336,SP,Santa Rita do Passa Quatro,27557,0,1857,,0,51,,2.7463651050080773,6738.759661791923,185.0709438618137
5337,SP,Santa Rosa de Viterbo,26540,0,2517,,0,61,,2.4235200635677394,9483.798040693293,229.84174830444613
5338,SP,Santa Salete,1545,0,784,,0,9,,1.1479591836734695,50744.33656957928,582.5242718446602
5339,SP,Santana da Ponte Pensa,1487,0,580,,0,6,,1.0344827586206897,39004.70746469402,403.4969737726967
5340,SP,Santana de Parnaíba,139447,13,29888,168.5228079485396,0,454,-0.7171183316959131,1.5190042826552463,21433.232697727453,325.57172258994456
5341,SP,Santo Anastácio,20878,0,4105,,0,73,,1.7783191230207065,19661.84500431076,349.65034965034965
5342,SP,Santo André,718773,0,109710,60.38067651400374,0,3632,1.113007862009285,3.3105459848692007,15263.511567629837,505.3055693522155
5343,SP,Santo Antônio da Alegria,6929,0,684,,0,26,,3.8011695906432745,9871.554336845144,375.234521575985
5344,SP,Santo Antônio de Posse,23310,1,5065,,0,75,,1.4807502467917077,21728.87172887173,321.75032175032175
5345,SP,Santo Antônio do Aracanguá,8420,0,593,,0,40,,6.745362563237774,7042.755344418051,475.05938242280286
5346,SP,Santo Antônio do Jardim,5954,0,1522,,0,26,,1.7082785808147174,25562.646960026876,436.68122270742356
5347,SP,Santo Antônio do Pinhal,6811,0,1606,,0,11,,0.684931506849315,23579.50374394362,161.5034503009837
5348,SP,Santo Expedito,3111,0,216,,0,11,,5.092592592592593,6943.105110896818,353.58405657344906
5349,SP,Santópolis do Aguapeí,4777,0,762,,0,19,,2.493438320209974,15951.433954364664,397.7391668411137
5350,SP,Santos,433311,-1,88350,40.15591572796444,0,2690,22.84733136246253,3.044708545557442,20389.512382561257,620.8012259093354
5351,SP,São Bento do Sapucaí,10878,0,824,,0,14,,1.6990291262135921,7574.921860636146,128.7001287001287
5352,SP,São Bernardo do Campo,838936,2,79130,15.73421572086547,0,3945,0.5959930197297529,4.985466953115127,9432.18553024307,470.23849256677505
5353,SP,São Caetano do Sul,161127,341,39451,214.1168146865516,0,1217,6.206284483668163,3.0848394210539656,24484.412916519268,755.3048216624153
5354,SP,São Carlos,251983,0,38430,2.777965180190727,0,668,1.190556505796026,1.738225344782722,15251.02883924709,265.0972486239151
5355,SP,São Francisco,2821,0,948,,0,22,,2.320675105485232,33605.1045728465,779.8652959943282
5356,SP,São João da Boa Vista,91211,2,28313,,0,417,,1.4728216720234522,31041.212134501322,457.18169957570905
5357,SP,São João das Duas Pontes,2568,0,833,,0,11,,1.3205282112845138,32437.694704049845,428.34890965732086
5358,SP,São João de Iracema,1922,0,944,,0,10,,1.059322033898305,49115.50468262227,520.2913631633714
5359,SP,São João do Pau d'Alho,2105,4,304,,0,4,,1.3157894736842104,14441.805225653206,190.02375296912115
5360,SP,São Joaquim da Barra,51888,0,7480,,0,192,,2.5668449197860963,14415.664508171447,370.0277520814061
5361,SP,São José da Bela Vista,8928,0,341,,0,23,,6.744868035190615,3819.444444444445,257.61648745519716
5362,SP,São José do Barreiro,4147,0,765,,0,9,,1.1764705882352942,18447.070171208103,217.0243549553894
5363,SP,São José do Rio Pardo,54946,0,8043,,0,188,,2.337436279995027,14638.00822625851,342.15411494922284
5364,SP,São José do Rio Preto,460671,5,170204,130.4618697508634,0,3307,4.992717145207751,1.9429625625719724,36946.97517317131,717.8658956174797
5365,SP,São José dos Campos,721944,7,138653,37.39902263887504,0,2504,4.709506554525005,1.8059472207597385,19205.506244251632,346.84130625090035
5366,SP,São Lourenço da Serra,15825,1,716,,0,43,,6.005586592178771,4524.4865718799365,271.72195892575036
5367,SP,São Luiz do Paraitinga,10687,0,987,,0,40,,4.052684903748734,9235.51979039955,374.28651632824926
5368,SP,São Manuel,40954,0,6756,,0,181,,2.679100059206631,16496.55711285833,441.9592713776432
5369,SP,São Miguel Arcanjo,32931,0,5197,,0,94,,1.8087358091206465,15781.482493698944,285.4453250736388
5370,SP,São Paulo,12252023,114,1213564,40.7932632839491,0,46302,1.33039254007277,3.81537356085052,9905.009156447062,377.9131005549043
5371,SP,São Pedro,35653,19,11394,,0,127,,1.1146217307354747,31958.039996634223,356.21125851961966
5372,SP,São Pedro do Turvo,7666,0,1027,,0,18,,1.7526777020447908,13396.817114531697,234.80302635011742
5373,SP,São Roque,91016,0,7244,,0,140,,1.932633903920486,7959.040168761536,153.81910872813572
5374,SP,São Sebastião,88980,0,8868,,0,211,,2.379341452413171,9966.284558327714,237.13193976174423
5375,SP,São Sebastião da Grama,12182,0,2892,,0,40,,1.3831258644536653,23739.944179937615,328.3533081595797
5376,SP,São Simão,15322,0,1701,,0,39,,2.2927689594356258,11101.68385328286,254.53596136274635
5377,SP,São Vicente,365798,-1,33344,29.25111673655952,0,1486,3.827248918802181,4.456573896353167,9115.413424895707,406.2351352385743
5378,SP,Sarapuí,10285,0,528,,0,7,,1.3257575757575757,5133.689839572193,68.06028196402528
5379,SP,Sarutaiá,3638,0,156,,0,23,,14.743589743589745,4288.070368334249,632.2155030236394
5380,SP,Sebastianópolis do Sul,3513,0,384,,0,12,,3.125,10930.828351836037,341.58838599487615
5381,SP,Serra Azul,14662,0,1478,,0,23,,1.5561569688768606,10080.480152775883,156.8680943936707
5382,SP,Serra Negra,29229,0,7609,,0,109,,1.4325141280063083,26032.36511683602,372.9173081528619
5383,SP,Serrana,45107,1,12139,,0,156,,1.2851140950654916,26911.56583235418,345.8443257144124
5384,SP,Sertãozinho,125815,0,20352,-0.794817788022096,0,586,3.179271152088384,2.879323899371069,16176.131621825696,465.76322378094824
5385,SP,Sete Barras,12832,0,3163,,0,49,,1.549162187796396,24649.31421446384,381.85785536159597
5386,SP,Severínia,17496,0,3097,,0,86,,2.776880852437843,17701.18884316415,491.5409236396891
5387,SP,Silveiras,6302,0,571,,0,11,,1.926444833625219,9060.615677562679,174.54776261504284
5388,SP,Socorro,41005,0,7055,,0,116,,1.6442239546420978,17205.21887574686,282.8923302036337
5389,SP,Sorocaba,679378,114,116952,51.95929217607871,0,3320,2.796675782848429,2.8387714617962927,17214.569797667868,488.6822946871992
5390,SP,Sud Mennucci,7718,0,967,,0,25,,2.5853154084798344,12529.152630215081,323.918113500907
5391,SP,Sumaré,282441,3,44333,153.6604104928109,0,1025,1.416224981500561,2.3120474590034514,15696.375526216094,362.9076515095188
5392,SP,Suzanápolis,3963,0,511,,0,13,,2.5440313111545985,12894.272016149383,328.0343174362856
5393,SP,Suzano,297637,1,31444,145.815204426869,0,1067,1.679898668512316,3.3933341814018574,10564.546746540249,358.4903758605281
5394,SP,Tabapuã,12407,0,3393,,0,79,,2.32832301797819,27347.46514064641,636.737325703232
5395,SP,Tabatinga,16496,0,3068,,0,62,,2.0208604954367666,18598.448108632394,375.84869059165857
5396,SP,Taboão da Serra,289664,1,20126,10.35682722050376,0,1072,1.380910296067168,5.3264434065388055,6948.050154661953,370.0839593460009
5397,SP,Taciba,6285,0,871,,0,29,,3.329506314580941,13858.392999204456,461.4160700079554
5398,SP,Taguaí,13859,1,3509,,0,48,,1.3679110857794243,25319.287105851796,346.34533516126703
5399,SP,Taiaçu,6295,0,1665,,0,20,,1.2012012012012012,26449.563145353455,317.7124702144559
5400,SP,Taiúva,5566,0,1115,,0,21,,1.883408071748879,20032.339202299678,377.29069349622705
5401,SP,Tambaú,23207,0,5888,,0,65,,1.1039402173913044,25371.65510406343,280.0879045115698
5402,SP,Tanabi,25967,0,7453,,0,143,,1.9186904602173622,28701.813840643892,550.6989640697808
5403,SP,Tapiraí,7807,0,872,,0,11,,1.261467889908257,11169.463302164724,140.89919303189447
5404,SP,Tapiratiba,12960,0,3103,,0,44,,1.4179825974863036,23942.9012345679,339.5061728395062
5405,SP,Taquaral,2811,0,460,,0,13,,2.8260869565217392,16364.283173247954,462.4688722874422
5406,SP,Taquaritinga,57177,0,15508,,0,262,,1.6894506061387669,27122.794130507024,458.2262098396208
5407,SP,Taquarituba,23218,0,7614,,0,124,,1.6285789335434726,32793.52226720648,534.0683952106125
5408,SP,Taquarivaí,5852,0,1110,,0,22,,1.981981981981982,18967.874231032125,375.9398496240601
5409,SP,Tarabai,7468,0,1146,,0,36,,3.1413612565445024,15345.474022495984,482.05677557579
5410,SP,Tarumã,15000,0,1833,,0,58,,3.1642116748499727,12220.0,386.6666666666667
5411,SP,Tatuí,121766,-3,23018,2.463741931245175,0,543,0.0,2.359023373012425,18903.470591133813,445.9372895553767
5412,SP,Taubaté,314924,23,43816,103.8345759611843,0,1261,3.175369295449061,2.877944129998174,13913.198104939605,400.4140681561266
5413,SP,Tejupá,4532,0,438,,0,13,,2.968036529680365,9664.607237422772,286.84907325684026
5414,SP,Teodoro Sampaio,23148,0,4093,,0,61,,1.4903493769850964,17681.87316398825,263.52168653879386
5415,SP,Terra Roxa,9370,0,1410,,0,40,,2.8368794326241136,15048.025613660619,426.8943436499467
5416,SP,Tietê,42076,0,9392,,0,137,,1.4586882453151617,22321.513451849034,325.6012928985645
5417,SP,Timburi,2658,0,912,,0,16,,1.7543859649122806,34311.51241534989,601.9563581640331
5418,SP,Torre de Pedra,2412,0,243,,0,14,,5.761316872427984,10074.626865671642,580.4311774461028
5419,SP,Torrinha,10010,0,4391,,0,28,,0.6376679571851515,43866.13386613387,279.72027972027973
5420,SP,Trabiju,1724,0,459,,0,5,,1.0893246187363834,26624.12993039443,290.0232018561485
5421,SP,Tremembé,47185,0,3093,,0,76,,2.4571613320400907,6555.049274133728,161.0681360601886
5422,SP,Três Fronteiras,5807,1,2142,,0,39,,1.8207282913165268,36886.51627346306,671.6032374720165
5423,SP,Tuiuti,6894,0,1336,,0,23,,1.721556886227545,19379.170293008414,333.62344067304906
5424,SP,Tupã,65524,0,8351,,0,355,,4.250987905640043,12744.94841584763,541.7862157377449
5425,SP,Tupi Paulista,15495,0,4607,,0,60,,1.302365964836119,29732.171668280087,387.2216844143272
5426,SP,Turiúba,2016,0,572,,0,4,,0.6993006993006993,28373.015873015873,198.4126984126984
5427,SP,Turmalina,1727,0,689,,0,7,,1.0159651669085632,39895.773016792125,405.3271569195136
5428,SP,Ubarana,6309,0,1847,,0,26,,1.4076881429344883,29275.637977492468,412.1096845775876
5429,SP,Ubatuba,90799,21,13933,,0,169,,1.2129476781741189,15344.882652892653,186.12539785680457
5430,SP,Ubirajara,4780,0,584,,0,16,,2.73972602739726,12217.573221757322,334.7280334728033
5431,SP,Uchoa,10110,0,2246,,0,47,,2.0926090828138912,22215.628090999013,464.8862512363996
5432,SP,União Paulista,1844,0,353,,0,8,,2.26628895184136,19143.16702819957,433.83947939262475
5433,SP,Urânia,9114,0,4212,,0,53,,1.258309591642925,46214.61487820935,581.5229317533465
5434,SP,Uru,1165,0,452,,0,6,,1.3274336283185841,38798.28326180257,515.0214592274679
5435,SP,Urupês,13809,0,1016,,0,62,,6.102362204724409,7357.520457672533,448.982547613875
5436,SP,Valentim Gentil,13326,0,5775,,0,81,,1.4025974025974026,43336.33498424133,607.8343088698784
5437,SP,Valinhos,129193,0,26923,20.89896511420897,0,576,3.096142979882811,2.1394346840990974,20839.36436184623,445.8445891031248
5438,SP,Valparaíso,26480,0,6057,,0,91,,1.502393924385009,22873.867069486405,343.65558912386706
5439,SP,Vargem,10537,0,663,,0,28,,4.223227752639517,6292.113504792636,265.7302837619816
5440,SP,Vargem Grande do Sul,42845,1,6932,,0,124,,1.788805539526832,16179.250787723187,289.41533434473104
5441,SP,Vargem Grande Paulista,52597,0,7402,,0,147,,1.985949743312618,14073.04599121623,279.4836207388254
5442,SP,Várzea Paulista,121838,10,14729,20.51904988591408,0,318,1.641523990873127,2.159006042501188,12089.00343078514,261.0023145488271
5443,SP,Vera Cruz,10843,-1,733,,0,51,,6.957708049113233,6760.121737526514,470.34953426173564
5444,SP,Vinhedo,78728,2,19115,,0,261,,1.3654198273607117,24279.798800934866,331.5211868712529
5445,SP,Viradouro,18898,0,4465,,0,120,,2.6875699888017914,23626.83881892264,634.9878293999366
5446,SP,Vista Alegre do Alto,8810,0,1952,,0,25,,1.2807377049180328,22156.640181611805,283.7684449489217
5447,SP,Vitória Brasil,1840,0,774,,0,11,,1.421188630490956,42065.21739130435,597.8260869565217
5448,SP,Votorantim,122480,0,12627,-0.8164598301763554,0,587,2.449379490529066,4.648768511918904,10309.438275636838,479.26192031352053
5449,SP,Votuporanga,94547,0,35153,,0,526,,1.4963161038887152,37180.44993495299,556.3370598749829
5450,SP,Zacarias,2718,0,441,,0,13,,2.947845804988662,16225.165562913908,478.2928623988227
5451,TO,,0,0,0,,0,0,,,,
5452,TO,Abreulândia,2579,0,527,,0,8,,1.5180265654648957,20434.27685149283,310.19775106630476
5453,TO,Aguiarnópolis,6733,0,1261,,0,15,,1.189532117367169,18728.64993316501,222.7833061042626
5454,TO,Aliança do Tocantins,5390,0,1427,,0,26,,1.8220042046250877,26474.95361781076,482.3747680890538
5455,TO,Almas,7055,0,384,,0,5,,1.3020833333333335,5442.9482636428065,70.87172218284904
5456,TO,Alvorada,8412,0,3987,,0,34,,0.8527715073990468,47396.57631954351,404.1844983357109
5457,TO,Ananás,9549,0,2582,,0,30,,1.1618900077459333,27039.48057388208,314.16902293433867
5458,TO,Angico,3433,0,259,,0,5,,1.9305019305019304,7544.421788523157,145.64520827264784
5459,TO,Aparecida do Rio Negro,4795,0,484,,0,13,,2.6859504132231407,10093.847758081334,271.1157455683003
5460,TO,Aragominas,5758,0,1240,,0,11,,0.8870967741935484,21535.255296978117,191.03855505383814
5461,TO,Araguacema,7086,0,1580,,0,20,,1.2658227848101267,22297.488004515948,282.2466836014677
5462,TO,Araguaçu,8517,0,2357,,0,27,,1.1455239711497667,27674.063637431016,317.01303275801337
5463,TO,Araguaína,180470,0,55620,508.6718014074361,0,621,0.5541087161301047,1.116504854368932,30819.526791156426,344.101512716795
5464,TO,Araguanã,5729,0,642,,0,16,,2.4922118380062304,11206.144178739745,279.28085180659804
5465,TO,Araguatins,35761,0,3864,,0,76,,1.9668737060041408,10805.0669724001,212.52202119627526
5466,TO,Arapoema,6643,0,817,,0,12,,1.4687882496940026,12298.660243865723,180.64127653168748
5467,TO,Arraias,10567,0,1844,,0,14,,0.7592190889370932,17450.553610296203,132.48793413456988
5468,TO,Augustinópolis,18412,0,2546,,0,33,,1.296150824823252,13827.938301107972,179.23093634586138
5469,TO,Aurora do Tocantins,3757,0,642,,0,8,,1.2461059190031152,17088.102209209475,212.9358530742614
5470,TO,Axixá do Tocantins,9756,0,1472,,0,24,,1.6304347826086956,15088.150881508816,246.00246002460025
5471,TO,Babaçulândia,10664,0,930,,0,8,,0.8602150537634409,8720.93023255814,75.01875468867217
5472,TO,Bandeirantes do Tocantins,3553,0,945,,0,9,,0.9523809523809524,26597.24176752041,253.30706445257528
5473,TO,Barra do Ouro,4591,0,219,,0,8,,3.65296803652968,4770.202570246133,174.25397516880855
5474,TO,Barrolândia,5632,0,935,,0,21,,2.2459893048128343,16601.5625,372.8693181818182
5475,TO,Bernardo Sayão,4459,0,1307,,0,13,,0.9946442234123948,29311.504821708906,291.5451895043732
5476,TO,Bom Jesus do Tocantins,4894,0,215,,0,3,,1.3953488372093024,4393.134450347364,61.29955046996322
5477,TO,Brasilândia do Tocantins,2201,0,358,,0,6,,1.675977653631285,16265.333939118582,272.60336210813267
5478,TO,Brejinho de Nazaré,5497,0,1606,,0,21,,1.3075965130759652,29215.935965071858,382.0265599417864
5479,TO,Buriti do Tocantins,11348,0,1851,,0,28,,1.5126958400864399,16311.244272118436,246.73951357067327
5480,TO,Cachoeirinha,2275,0,139,,0,2,,1.4388489208633095,6109.89010989011,87.91208791208791
5481,TO,Campos Lindos,10116,0,699,,0,6,,0.8583690987124464,6909.845788849348,59.31198102016608
5482,TO,Cariri do Tocantins,4382,0,1974,,0,18,,0.911854103343465,45047.92332268371,410.7713372889092
5483,TO,Carmolândia,2580,0,697,,0,7,,1.0043041606886656,27015.503875968992,271.3178294573643
5484,TO,Carrasco Bonito,4095,0,904,,0,7,,0.7743362831858407,22075.702075702076,170.94017094017093
5485,TO,Caseara,5369,0,790,,0,16,,2.0253164556962027,14714.099459862171,298.0070776680946
5486,TO,Centenário,2905,0,668,,0,7,,1.0479041916167664,22994.83648881239,240.96385542168676
5487,TO,Chapada da Natividade,3333,0,396,,0,3,,0.7575757575757576,11881.18811881188,90.00900090009
5488,TO,Chapada de Areia,1406,0,244,,0,3,,1.2295081967213115,17354.196301564723,213.37126600284498
5489,TO,Colinas do Tocantins,35424,0,11096,,0,166,,1.4960346070656092,31323.396567299005,468.6088527551942
5490,TO,Colméia,8205,0,1691,,0,30,,1.7740981667652276,20609.38452163315,365.6307129798903
5491,TO,Combinado,4852,0,1614,,0,17,,1.0532837670384139,33264.63314097279,350.3709810387469
5492,TO,Conceição do Tocantins,4105,0,694,,0,12,,1.729106628242075,16906.211936662607,292.326431181486
5493,TO,Couto Magalhães,5588,0,1470,,0,10,,0.6802721088435374,26306.37079455977,178.9549033643522
5494,TO,Cristalândia,7289,0,832,,0,19,,2.283653846153846,11414.460145424613,260.6667581286871
5495,TO,Crixás do Tocantins,1722,0,421,,0,0,,0.0,24448.315911730544,0.0
5496,TO,Darcinópolis,6097,0,1148,,0,14,,1.2195121951219512,18828.932261768085,229.6211251435132
5497,TO,Dianópolis,22139,0,4042,,0,47,,1.1627906976744187,18257.373865124893,212.29504494331272
5498,TO,Divinópolis do Tocantins,6900,0,1509,,0,12,,0.7952286282306162,21869.565217391304,173.91304347826087
5499,TO,Dois Irmãos do Tocantins,7198,0,1344,,0,21,,1.5625,18671.853292581272,291.7477076965824
5500,TO,Dueré,4686,0,568,,0,10,,1.7605633802816902,12121.212121212122,213.4016218523261
5501,TO,Esperantina,10996,0,1143,,0,23,,2.012248468941382,10394.688977810112,209.16696980720263
5502,TO,Fátima,3835,0,1061,,0,10,,0.9425070688030159,27666.23207301173,260.7561929595828
5503,TO,Figueirópolis,5263,0,1820,,0,24,,1.3186813186813187,34581.03743112293,456.0136804104123
5504,TO,Filadélfia,8856,0,931,,0,14,,1.5037593984962405,10512.646793134598,158.08491418247516
5505,TO,Formoso do Araguaia,18440,0,5665,,0,74,,1.3062665489849956,30721.258134490236,401.3015184381779
5506,TO,Goianorte,5123,0,627,,0,8,,1.2759170653907497,12238.922506343939,156.15850087839158
5507,TO,Goiatins,13019,0,1282,,0,18,,1.40405616224649,9847.146478224133,138.25946693294415
5508,TO,Guaraí,25923,0,4468,,0,83,,1.857654431512981,17235.65945299541,320.1789916290553
5509,TO,Gurupi,86647,0,28783,,0,306,,1.0631275405621374,33218.691933938855,353.15706256419725
5510,TO,Ipueiras,2015,0,229,,0,4,,1.7467248908296942,11364.764267990075,198.51116625310175
5511,TO,Itacajá,7433,0,2035,,0,17,,0.8353808353808353,27377.90932328804,228.70980761469124
5512,TO,Itaguatins,5864,0,1060,,0,18,,1.6981132075471699,18076.398362892225,306.95770804911325
5513,TO,Itapiratins,3777,0,702,,0,12,,1.7094017094017095,18586.179507545672,317.7124702144559
5514,TO,Itaporã do Tocantins,2427,0,1196,,0,4,,0.33444816053511706,49278.94519983519,164.81252575195714
5515,TO,Jaú do Tocantins,3849,0,601,,0,14,,2.329450915141431,15614.445310470252,363.73083917900755
5516,TO,Juarina,2193,0,171,,0,3,,1.7543859649122806,7797.537619699042,136.79890560875512
5517,TO,Lagoa da Confusão,13357,0,3379,,0,30,,0.8878366380585972,25297.59676574081,224.60133263457362
5518,TO,Lagoa do Tocantins,4316,0,395,,0,8,,2.0253164556962027,9151.992585727525,185.35681186283597
5519,TO,Lajeado,3134,0,602,,0,5,,0.8305647840531563,19208.679004467136,159.54052329291642
5520,TO,Lavandeira,1923,0,330,,0,1,,0.30303030303030304,17160.686427457098,52.00208008320333
5521,TO,Lizarda,3740,0,196,,0,4,,2.0408163265306123,5240.641711229947,106.95187165775401
5522,TO,Luzinópolis,3108,0,486,,0,2,,0.411522633744856,15637.065637065636,64.35006435006434
5523,TO,Marianópolis do Tocantins,5175,0,778,,0,16,,2.056555269922879,15033.81642512077,309.17874396135267
5524,TO,Mateiros,2684,0,394,,0,1,,0.25380710659898476,14679.582712369598,37.257824143070046
5525,TO,Maurilândia do Tocantins,3426,0,888,,0,4,,0.45045045045045046,25919.43957968476,116.75423234092236
5526,TO,Miracema do Tocantins,18248,0,5027,,0,62,,1.2333399641933558,27548.224462954844,339.76326172731257
5527,TO,Miranorte,13434,0,4800,,0,65,,1.3541666666666667,35730.23671281822,483.8469554860801
5528,TO,Monte do Carmo,7947,0,1046,,0,12,,1.147227533460803,13162.199572165599,151.00037750094376
5529,TO,Monte Santo do Tocantins,2279,0,207,,0,6,,2.898550724637681,9082.931110136025,263.2733655111891
5530,TO,Muricilândia,3551,0,904,,0,2,,0.22123893805309736,25457.617572514784,56.32216277105041
5531,TO,Natividade,9244,0,1846,,0,26,,1.4084507042253522,19969.71008221549,281.26352228472524
5532,TO,Nazaré,3898,0,699,,0,9,,1.2875536480686696,17932.27296049256,230.8876346844536
5533,TO,Nova Olinda,11819,0,1923,,0,58,,3.016120644825793,16270.412048396649,490.73525678991456
5534,TO,Nova Rosalândia,4260,0,1274,,0,16,,1.2558869701726845,29906.103286384976,375.5868544600939
5535,TO,Novo Acordo,4342,0,661,,0,7,,1.059001512859304,15223.399355135884,161.21602947950254
5536,TO,Novo Alegre,2332,0,168,,0,7,,4.166666666666666,7204.116638078903,300.1715265866209
5537,TO,Novo Jardim,2722,0,620,,0,4,,0.6451612903225806,22777.3695811903,146.9507714915503
5538,TO,Oliveira de Fátima,1112,0,241,,0,1,,0.4149377593360996,21672.661870503598,89.92805755395683
5539,TO,Palmas,299127,0,95967,571.6635409040307,0,736,0.0,0.7669302989569331,32082.359666629894,246.04933690372314
5540,TO,Palmeirante,6026,0,626,,0,9,,1.4376996805111821,10388.317291735812,149.35280451377363
5541,TO,Palmeiras do Tocantins,6658,0,984,,0,6,,0.6097560975609756,14779.212976869932,90.11715229798737
5542,TO,Palmeirópolis,7659,0,2419,,0,29,,1.1988424968995453,31583.757670714192,378.63950907429165
5543,TO,Paraíso do Tocantins,51252,0,16588,,0,223,,1.344345309862551,32365.56622180598,435.10497151330685
5544,TO,Paranã,10449,0,1165,,0,13,,1.1158798283261802,11149.39228634319,124.41381950425878
5545,TO,Pau D'Arco,4849,0,673,,0,8,,1.188707280832095,13879.150340276345,164.98247061249742
5546,TO,Pedro Afonso,13578,0,3066,,0,32,,1.0437051532941943,22580.645161290322,235.67535719546325
5547,TO,Peixe,11749,0,2520,,0,24,,0.9523809523809524,21448.6339262916,204.27270405992002
5548,TO,Pequizeiro,5477,0,816,,0,12,,1.4705882352941175,14898.667153551214,219.09804637575314
5549,TO,Pindorama do Tocantins,4447,0,1138,,0,9,,0.7908611599297013,25590.28558578817,202.38362941308748
5550,TO,Piraquê,3028,0,455,,0,1,,0.21978021978021978,15026.420079260239,33.02509907529723
5551,TO,Pium,7654,0,616,,0,9,,1.461038961038961,8048.079435589234,117.58557616932323
5552,TO,Ponte Alta do Bom Jesus,4596,0,603,,0,11,,1.8242122719734661,13120.104438642296,239.3385552654482
5553,TO,Ponte Alta do Tocantins,8039,0,2117,,0,19,,0.8974964572508267,26334.12115934818,236.34780445329022
5554,TO,Porto Alegre do Tocantins,3139,0,549,,0,4,,0.7285974499089253,17489.64638419879,127.42911755336094
5555,TO,Porto Nacional,53010,0,17709,,0,234,,1.3213620193122142,33406.90435766837,441.4261460101867
5556,TO,Praia Norte,8432,0,418,,0,9,,2.15311004784689,4957.3055028463,106.73624288425047
5557,TO,Presidente Kennedy,3684,0,819,,0,10,,1.221001221001221,22231.27035830619,271.4440825190011
5558,TO,Pugmil,2688,0,450,,0,6,,1.3333333333333335,16741.071428571428,223.2142857142857
5559,TO,Recursolândia,4293,0,482,,0,8,,1.6597510373443984,11227.5797810389,186.34987188446308
5560,TO,Riachinho,4645,0,1019,,0,11,,1.0794896957801767,21937.567276641552,236.81377825618944
5561,TO,Rio da Conceição,2130,0,460,,0,2,,0.43478260869565216,21596.2441314554,93.89671361502347
5562,TO,Rio dos Bois,2834,0,1033,,0,9,,0.8712487899322363,36450.24700070571,317.5723359209598
5563,TO,Rio Sono,6478,0,578,,0,5,,0.8650519031141869,8922.506946588454,77.18431614695893
5564,TO,Sampaio,4711,0,993,,0,10,,1.0070493454179255,21078.327319040545,212.26915729144554
5565,TO,Sandolândia,3375,0,753,,0,9,,1.1952191235059761,22311.111111111113,266.6666666666667
5566,TO,Santa Fé do Araguaia,7512,0,1058,,0,14,,1.3232514177693762,14084.132055378062,186.3684771033014
5567,TO,Santa Maria do Tocantins,3434,0,674,,0,3,,0.44510385756676557,19627.256843331394,87.361677344205
5568,TO,Santa Rita do Tocantins,2365,0,486,,0,3,,0.6172839506172839,20549.682875264272,126.84989429175475
5569,TO,Santa Rosa do Tocantins,4829,0,722,,0,7,,0.9695290858725761,14951.335680265065,144.9575481466142
5570,TO,Santa Tereza do Tocantins,2866,0,414,,0,7,,1.6908212560386473,14445.219818562458,244.24284717376133
5571,TO,Santa Terezinha do Tocantins,2529,0,470,,0,5,,1.0638297872340425,18584.420719652036,197.70660340055358
5572,TO,São Bento do Tocantins,5324,0,1468,,0,10,,0.6811989100817438,27573.253193087905,187.82870022539444
5573,TO,São Félix do Tocantins,1585,0,169,,0,3,,1.7751479289940828,10662.460567823344,189.27444794952683
5574,TO,São Miguel do Tocantins,12139,0,1303,,0,17,,1.3046815042210285,10733.997858143175,140.04448471867536
5575,TO,São Salvador do Tocantins,3082,0,235,,0,4,,1.702127659574468,7624.918883841661,129.78585334198573
5576,TO,São Sebastião do Tocantins,4805,0,1053,,0,11,,1.0446343779677114,21914.67221644121,228.92819979188346
5577,TO,São Valério,3960,0,1371,,0,19,,1.3858497447118892,34621.21212121212,479.7979797979798
5578,TO,Silvanópolis,5403,0,1898,,0,27,,1.422550052687039,35128.632241347404,499.7223764575236
5579,TO,Sítio Novo do Tocantins,9029,0,1193,,0,11,,0.9220452640402346,13212.980396500165,121.82965998449441
5580,TO,Sucupira,1966,0,530,,0,4,,0.7547169811320755,26958.29094608342,203.4587995930824
5581,TO,Tabocão,2589,0,745,,0,10,,1.342281879194631,28775.58903051371,386.2495171881035
5582,TO,Taguatinga,16683,0,2759,,0,35,,1.268575570859007,16537.79296289636,209.7944014865432
5583,TO,Taipas do Tocantins,2148,0,349,,0,1,,0.28653295128939826,16247.672253258846,46.554934823091244
5584,TO,Talismã,2793,0,973,,0,4,,0.41109969167523125,34837.09273182957,143.2151808091658
5585,TO,Tocantínia,7545,0,1900,,0,15,,0.7894736842105263,25182.239893969516,198.80715705765405
5586,TO,Tocantinópolis,22870,0,4708,,0,61,,1.2956669498725573,20585.920419763883,266.72496720594665
5587,TO,Tupirama,1891,0,476,,0,4,,0.8403361344537815,25171.866737176097,211.52829190904282
5588,TO,Tupiratins,2671,0,447,,0,3,,0.6711409395973155,16735.305129165106,112.31748408835642
5589,TO,Wanderlândia,11683,0,2686,,0,24,,0.8935219657483247,22990.670204570742,205.42668835059487
5590,TO,Xambioá,11540,0,2964,,0,42,,1.417004048582996,25684.575389948004,363.95147313691507
